url,titulo,bajada,fecha,cuerpo
https://elcomercio.pe/deporte-total/argentina/entre-lagrimas-lionel-scaloni-dejo-en-el-aire-su-continuidad-como-entrenador-de-la-seleccion-argentina-noticia/,¡Entre lágrimas! Lionel Scaloni dejó en el aire su continuidad como entrenador de la selección argentina,"Scaloni, que tiene contrato hasta diciembre, no confirmó que continuará, en la conferencia de prensa posterior al partido.",2026-07-20T13:33:51.708Z,"Lionel Scaloni dejó en el aire su continuidad al frente de la selección argentina tras perder este domingo la final del Mundial 2026 contra España, por 0-1, en el estadio Metlife de East Rutherford.

“Es difícil hacerle entender a la gente que disfrute igual, es muy difícil, que sepamos que es un triunfo también. Espero y deseo que la gente sea consciente de lo que se ha conseguido, de la manera que se ha conseguido sobre todo. Ya lloré todo lo que tenía que llorar en el vestuario, pero a este grupo hay que agradecerle porque han sido unos guerreros”, indicó.

Scaloni, que tiene contrato hasta diciembre, no confirmó que continuará, en la conferencia de prensa posterior al partido. “Con respecto a mí tengo que hablar con el presidente (de la AFA, Claudio Tapia). Tengo un tiempo para decidir qué quiero hacer. Siento la necesidad también de pensar, porque ya no sé si voy a poder hacer algo tan grande como esto. Habrá que hablar, al presidente le estoy agradecido.

“Hemos intentado hasta el último momento dar el máximo con el cuerpo técnico y los jugadores, y creo que es justo que me pueda tomar este tiempo y pensarlo. Este lugar es maravilloso, es un lugar soñado que en mi vida pensé que iba a llegar hasta aquí. Para seguir se necesitan un montón de cosas, sobre todo volver a resetear, volver a formar un grupo como este, que difícilmente se vuelva a formar, y me duele, me duele en el alma”, añadó llorando antes de abandonar la sala de prensa.

¡¡VAMOS, LIONEL QUERIDO!!

Scaloni cerró la conferencia de prensa con lágrimas de emoción."
https://elcomercio.pe/deporte-total/champions-league/a-que-hora-juega-psg-vs-bayern-munich-hoy-y-en-que-canales-ver-partido-por-semifinal-ida-de-champions-league-noticia/,¿A qué hora jugaron PSG vs Bayern (5-4) por la semifinal ida de la Champions League?,Repasa los horarios del partido de PSG vs Bayern Munich por la ida de la semifinal de la UEFA Champions League desde el estadio Parque de los Príncipes.,2026-04-28T22:39:13.578Z,"A los 24′, Kvaratskhelia sacó provecho de un gran pase de Doué y firmó un golazo frente al arco de Manuel Neuer. Minutos después, Neves conectó un cabezazo, tras un tiro de esquina, para batir otra vez al gigante alemán y darle ventaja a su equipo.

Cuando parecía que el local empezaba a dominar, el Bayern avisó otra vez: Michael Olise apareció con una gran jugada individual para marcar el 2-2 y darle más emoción al partido.

No obstante, en los descuentos, una mano de Davies fue avisado por el VAR. Ousmane Dembélé se encargó de cobrar la falta y poner el 3-2 con el que PSG saca ventaja en los primeros 45′.

En el complemento llegaron más goles. Kvaratskhelia (56′) y Dembélé (58′) marcaron rápido para el PSG, pero Upamecano (65′) y Luis Díaz (68′) descontaron para el Bayern. Al final, el marcador terminó 5-4 a favor de los parisinos, que ahora deberán visitar el Allianz Arena para definir al primer finalista de la Champions League.

El partido de

por la semifinal ida de la Champions League empieza a las 2:00 PM de Perú y 9:00 PM de España este martes 28 de abril del 2026 en el estadio Parque de los Príncipes.

El partido dehablame de

será transmitido a través de

en Perú, Argentina, Colombia, Chile y el resto de Sudamérica. En España, la transmisión del partido por semifinal ida de la Liga de Campeones

será a través de

, en México lo pasa"
https://elcomercio.pe/deporte-total/champions-league/arsenal-vs-atletico-madrid-en-vivo-online-por-semifinal-vuelta-de-champions-league-lbposting-noticia/,Arsenal venció 1-0 al Atlético Madrid y es el primer finalista de la UEFA Champions League,"Con gol de Saka, Arsenal superó por la mínima diferencia al Atlético Madrid y espera rival en la final de la UEFA Champions League.",2026-05-05T22:57:42.905Z,"Se jugarán cinco minutos de adición.

Baena se anima desde larga distancia, pero el balón se va muy por encima de la portería de Raya.

¡Lo que se perdió! Sorloth le erra al balón en lo que pudo ser el empate.

Zubimendi ingresa por Lewis-Skelly.

A pesar de la victoria parcial, Arsenal no deja de presionar la salida de Atlético de Madrid.

Baena y Almada ingresan por Griezmann y Álvarez.

¡Se la perdió Gyokeres! El delantero no pudo finalizar una gran jugada que pudo sentenciar el partido.

Hincapié, Odegaard y Madueke ingresan en lugar de Calafiori, Eze y Saka.

: Cardoso, Sorloth y Molina ingresan en lugar de Lookman, Le Normand y Simeone.

¡Asustó el Atlético! Tremendo remate de Griezman que Raya logra atajar.

Hay más espacios en el partido. Atlético busca el empate y eso lo aprovecha Arsenal con Saka y Eze.

Remate de largo distancia de Pubill que se va por encima del arco de Raya.

¡NO PUEDE SER! Simone estaba solo para el empate, pero definió mal y todo sigue igual.

Salió más agresivo el Atlético en los primeros minutos del complemento. Se necesita más de Lookman en ofensiva.

Empezó el segundo tiempo.

Los equipos ya volvieron al campo. En breve inicia el segundo tiempo.

Arsenal vence 1-0 al Atlético Madrid al término del primer tiempo.

Final del primer tiempo.

Saka apareció para aprovechar un rebote de Oblak tras el disparo de Trossard. El inglés empujó la pelota y pone el 1-0 para el Arsenal.

¡GOOOOOOOOOOL DEL ARSENAL!!!!

Eze intentó llegar al arco de Oblak, pero el remate no tuvo peligro.

Buena defensa de Llorente ante el remate de Rice. Saque de banda para Arsenal.

Trossard cayó en el área derribado por Griezmann, pero el juez no cobró la falta. Los jugadores del Arsenal reclaman penal.

Buena intervención de Oblak para cortar una jugada en ataque del Arsenal.

Y ahora respondió el Atlético, aunque Llorente estaba en posición adelantada.

Poco a poco Arsenal empieza a ganar metros en campo del Atlético Madrid, que trata de generar peligro con Griezmann.

¡Se salvó el Atlético! Se escapó por izquierda Lewis-Skelly, quien sacó el centro al segundo palo, pero nadie apareció para empujar la pelota.

Buen desborde por izquierda de Rice, quien sacó pase atrás, pero un defensor del Atlético Madrid envió la pelota al córner.

¡Pasó cerca! Primer remate al arco de Arsenal: Gabriel intentó desde fuera del área, pero su disparo se fue a un lado del arco de Oblak.

Por ahora poco en ofensiva de Saka. El inglés ha sido neutralizado por Ruggeri.

Tiro de esquina para Arsenal. Peligro para el Atlético Madrid.

Buen planteamiento defensivo del Atlético Madrid en estos primeros minutos. Poco espacio para el Arsenal, que no ha podido llegar al arco de Oblak.

¡Asustó el Atlético! Gran combinación de Griezmann y Simeone, pero el argentino no pudo rematar con comoidad y la pelota se perdió a un lado del arco.

Falta de Lewis-Skelly contra Llorente. Tiro libre peligroso para Atlético Madrid.

Remate de larga distancia de Calafiori, pero pasa por encima del arco de Oblak.

Se encontraron Simeone y Griezmann por derecha. El argentino asistió a Álvarez, pero no logró conectar con comodidad.

Falta de Griezmann contra Eze. Tiro libre para Arsenal.

Buena presión de Álvarez para forzar la salida del Arsenal, que intenta tener la pelota y jugar al pase corto.

Calafiori quería jugar por un lado con Trossard, pero la pelota se pierde a un lado del campo.

Primeros minutos de posesión de balón del Arsenal, que intento encontrar espacios para hacerle daño al Atlético Madrid.

¡Arrancó el partido!

Los equipos ya están en el campo de juego. En breve inicia el partido.

En la historia, Atlético Madrid ha llegado a la final en tres ocasiones, pero nunca ha logrado ganar el trofeo. Perdió la final de 1973/1974 ante Bayern Munich; luego cayó en la edición 2013/2014 frente al Real Madrid y, por último, también sufrió un revés en 2015/2016 ante el mismo rival.

Asimismo, para el Atlético Madrid, ganar la Champions League es la última opción de título que tiene en la temporada, pues se quedó sin ganar LaLiga y la Copa del Rey. Por eso, los 'colchoneros' apuestan todo a levantar su primera 'Orejona'.

Julián Álvarez asoma como la clave en ataque para el Atlético Madrid. El argentino suma 10 goles y 4 asistencias en la presente Champions League, y tiene una participación de de gol cada 80 minutos.

Como se sabe, el partido de ida terminó 1-1. El gol del Atlético Madrid lo marcó Julián Álvarez de penal a los 56', En total, los 'colchoneros' generaron 18 remates en todo el partido, mostrando su poder ofensivo y capacidad para sacar adelante un buen resultado.

El partido de

por la semifinal vuelta de la Champions League empieza a las 2:00 PM de Perú este martes 5 de mayo del 2026.

Por otro lado, en

podrás ver el partido por televisión y streaming a través de

Luego,

, la transmisión del partido va a través de

Y

, los canales que pasan el partido son:

El partido de

será transmitido a través de

para todo el Perú y Sudamérica

por la semifinal vuelta de la Champions League.

El equipo del ‘Cholo’ Simeone se ilusiona con ganar su primera Liga de Campeones, pero antes tendrá que superar a un rival que se hace fuerte de local. Los ‘Gunners’ intentarán sacar provecho de su localía y alcanzar la final de este torneo. A continuación, te mostramos a qué hora juegan, en qué canales transmiten el partido y dónde verlo ONLINE.

visita a

el martes 5 de mayo del 2026 por la vuelta de las semifinales de

. Los ‘Colchoneros’ igualaron 1-1 en el partido de ida disputado en Madrid y ahora buscarán su pase a la final en el Emirates Stadium.

Buenos días, amigos de El Comercio, al minuto a minuto del partido entre Arsenal y Atlético Madrid por la semifinal vuelta de la Champions League."
https://elcomercio.pe/deporte-total/champions-league/arsenal-vs-bayer-leverkusen-en-vivo-gratis-hoy-via-espn-tnt-sports-max-horarios-canales-tv-y-donde-ver-partido-por-octavos-vuelta-de-champions-league-noticia/,Arsenal vs. Bayer Leverkusen (2-0): resumen y goles del partido por Champions League | VIDEO,Arsenal venció de local al Bayer Leverkusen en el Emirates Stadium y avanzó a cuartos de final de la Champions League.,2026-03-17T22:07:22.911Z,"hizo la tarea en casa y, sin necesidad de una exhibición deslumbrante, venció 2-0 al

en el Emirates Stadium para sellar su clasificación a los cuartos de final de la Champions League. Tras el 1-1 de la ida en Alemania, el equipo inglés manejó la serie con oficio y terminó imponiendo su jerarquía en el momento justo.

El partido tuvo un arranque intenso, con un Leverkusen decidido a golpear primero, pero fue el Arsenal el que encontró el camino. A los 36’ apareció Eberechi Eze, que aprovechó una buena jugada colectiva para abrir el marcador y empezar a inclinar la balanza. Desde ahí, los ‘gunners’ jugaron con mayor tranquilidad, controlando el ritmo y evitando sobresaltos.

En el complemento, el equipo inglés dio el golpe definitivo. Declan Rice, con su habitual presencia en ambas áreas, firmó el 2-0 a los 63’ y prácticamente sentenció la serie. El conjunto alemán intentó reaccionar, pero se encontró con una defensa ordenada y un Arsenal que supo cuándo acelerar y cuándo enfriar el partido.

Así, el Arsenal cerró una llave madura, sin excesos pero con autoridad. Le alcanzó con ser práctico y efectivo para meterse entre los ocho mejores de Europa.

El partido de

por la vuelta de los octavos de final de la Champions League empieza a las 3:00 PM de Perú este martes 17 de marzo del 2026.

La transmisión del partido entre

por la vuelta de octavos de final de la Champions League será transmitido en

. Por otro lado, en

Luego,

, la transmisión del partido va a través de

Y

, los canales que pasan el partido son:

El compromiso se disputará en el

, estadio ubicado en Londres y casa del Arsenal. El recinto tiene capacidad para más de

y es reconocido por el intenso ambiente que generan los aficionados locales.

El ganador de la serie avanzará a los

, manteniéndose en la lucha por el título del torneo de clubes más importante de Europa."
https://elcomercio.pe/deporte-total/champions-league/arsenal-vs-bayer-leverkusen-en-vivo-hoy-via-espn-fox-sports-disney-plus-horarios-canales-tv-y-donde-ver-partido-por-octavos-de-final-de-champions-league-noticia/,Arsenal vs. Bayer Leverkusen (1-1): resumen y goles del partido por octavos ida de la Champions League | VIDEO,Arsenal rescató un empate en su visita al Bayer Leverkusen y definirá su clasificación a cuartos de final la próxima semana en Londres.,2026-03-11T20:18:40.305Z,"rescató un empate 1-1 ante

en Alemania por el partido de ida de los octavos de final de la

. El equipo inglés sufrió más de la cuenta en el BayArena, pero encontró un gol en los minutos finales que mantiene la serie completamente abierta de cara a la revancha en Londres.

Durante buena parte del encuentro, el conjunto alemán fue el que mostró mayor claridad. Tras un primer tiempo parejo, Robert Andrich adelantó al Leverkusen a los 46’ con un cabezazo luego de una jugada de balón detenido, aprovechando un descuido defensivo del Arsenal. El gol encendió al público local y obligó a los ingleses a adelantar líneas en busca de la reacción.

El equipo de Mikel Arteta tuvo dificultades para generar peligro durante largos pasajes del partido. Apenas un remate de Gabriel Martinelli al travesaño había sido lo más claro de los ‘gunners’, que lucieron incómodos ante un rival intenso y bien organizado en defensa. Aun así, los cambios desde el banco terminaron siendo determinantes en el cierre del duelo.

Cuando el partido parecía inclinarse a favor del Leverkusen, llegó la jugada que cambió todo. A los 89′, un penal sobre Noni Madueke fue sancionado tras revisión del VAR y Kai Havertz, exjugador del club alemán, no falló desde los doce pasos para decretar el empate. El 1-1 deja la eliminatoria abierta y traslada toda la tensión al partido de vuelta en el Emirates Stadium.

El partido de

por la ida de los octavos de final de la Champions League empieza a las 12:45 PM de Perú este miércoles 11 de marzo del 2026.

La transmisión del partido entre

por la ida de octavos de final de la Champions League será transmitido en

. Por otro lado, en

Luego,

, la transmisión del partido va a través de

Y

, los canales que pasan el partido son:

El compromiso se disputará en el

, estadio ubicado en Leverkusen y casa del Bayer Leverkusen. El recinto tiene capacidad para más de

y es reconocido por el intenso ambiente que generan los aficionados locales.

El ganador de la serie avanzará a los

, manteniéndose en la lucha por el título del torneo de clubes más importante de Europa."
https://elcomercio.pe/deporte-total/champions-league/arsenal-vs-sporting-lisboa-en-vivo-online-gratis-hoy-via-espn-disney-plus-horarios-canales-tv-y-donde-ver-partido-de-vuelta-por-cuartos-de-final-de-champions-league-video-noticia/,Arsenal vs. Sporting Lisboa (0-0): resumen del partido por Champions League | VIDEO,Arsenal igualó con Sporting Lisboa en el Emirates Stadium y clasificó a las semifinales de la Champions League.,2026-04-15T21:23:57.872Z,"Arsenal sacó boletos para las semifinales de la

tras igualar 0-0 con Sporting Lisboa en el Emirates Stadium y superar la serie con un global de 1-0. El duelo no tuvo muchas oportunidades de gol, aunque los gunners se hicieron con la posición de juego y buscaron abrir el marcador. Pese a la búsqueda del gol, la defensa del combinado lusitano se hizo fuerte y evitó cualquier peligro cercano. Así, Arsenal sigue en carrera y enfrentará al Atlético Madrid por un lugar en la final.

El partido de vuelta entre

se disputa este

, en un duelo decisivo por los cuartos de final de la Champions League.

Estos son los horarios confirmados del partido según país:

El partido será transmitido por:

La cadena ESPN tiene los derechos de la Champions League en Latinoamérica, por lo que el encuentro estará disponible en televisión y también vía streaming oficial.

Si deseas ver el partido por internet, estas son las opciones:

Ambas plataformas permiten seguir el partido EN VIVO desde celulares, laptops, tablets o Smart TV con suscripción activa.

En México, el partido entre

por la UEFA Champions League será transmitido por

en televisión, mientras que la opción para verlo online será a través de

.

Los usuarios que cuenten con suscripción activa podrán seguir el encuentro EN VIVO desde cualquier dispositivo, incluyendo celulares, Smart TV y computadoras. Esta es la vía oficial para ver la Champions League en territorio mexicano.

En Estados Unidos, el duelo entre

se podrá ver a través de

en televisión en inglés y

en español.

Para verlo online, las opciones disponibles son

(en inglés) y

(en español), plataformas que cuentan con los derechos oficiales de la UEFA Champions League en ese país.

El partido de

se disputará en el mítico Emirates Stadium, casa del Arsenal, donde los ingleses buscarán una remontada histórica ante su público.

El Arsenal parte como favorito tras su victoria 1-0 en la ida, lo que le permite manejar la serie con mayor tranquilidad. Sin embargo, el Sporting Lisboa confía en su fortaleza para intentar la remontada fuera de casa.

Algunos pronósticos apuntan a un empate 1-1, resultado que clasificaría al equipo inglés a semifinales con un global de 2-1.

El conjunto dirigido por Mikel Arteta llega con ventaja y mejor momento, mientras que los portugueses están obligados a arriesgar desde el inicio para la remontada. Se espera un partido intenso, con presión alta del Arsenal y un Sporting Lisboa listo para aprovechar los espacios al contraataque."
https://elcomercio.pe/deporte-total/champions-league/bayern-munich-vs-atalanta-en-vivo-online-gratis-via-espn-con-luis-diaz-horarios-canal-tv-y-donde-ver-partido-de-vuelta-de-octavos-de-final-de-champions-league-video-noticia/,Bayern Múnich vs Atalanta (4-1): resumen y goles del partido de vuelta por Champions League | VIDEO,Bayern Múnich derrotó 4-1 a Atalanta por el partido de vuelta de octavos de final de la Champions League en el Allianz Arena.,2026-03-19T06:35:29.39Z,"Bayern Munich cerró la eliminatoria de los octavos de final de la Champions League con un triunfo ante la Atalanta (4-1) para avanzar a la siguiente ronda con un global de 10-2.

El volante colombiano Luis Díaz firmó un tanto y una asistencia, hilando su tercer partido en la competición europea interviniendo directa o indirectamente en al menos un gol.

Lucho se hizo presente en el área rival al poco de iniciarse la segunda mitad (56′) con un pase filtrado para que Lennart Karl pusiera el 3-0 parcial en el marcador.

A 20 minutos del final (70′), el guajiro puso el 4-0 en el electrónico con un sombrerito por encima de Marco Sportiello.

El colombiano sumó su cuarta anotación en la presente campaña europea y llegó a 22 goles y 18 asistencias en 38 partidos disputados con la camiseta del Bayern Múnich.

Luis Díaz repitió como titular y disputó los 90 minutos del encuentro.

Por la Atalanta gozó de minutos el centrocampista brasileño Ederson, quien fue titular y disputó 57 minutos antes de salir de cambio.

El Bayern Munich se medirá al Real Madrid en los cuartos de final del campeonato."
https://elcomercio.pe/deporte-total/champions-league/champions-league-luis-enrique-el-genio-loco-detras-de-una-hegemonia-que-empezo-con-un-si-perdemos-no-pasa-nada-y-hoy-domina-europa-dos-veces-con-el-psg-noticia/,"Luis Enrique, el genio loco detrás de una hegemonía que empezó con un “Si perdemos no pasa nada” y hoy domina Europa dos veces con el PSG","Luis Enrique volvió a ganar la Champions por segunda vez consecutiva con el PSG y en tercera ocasión como entrenador, tras vencer en penales al Arsenal.",2026-05-31T21:29:47.393Z,"“¿Leyenda?, No estoy interesado en eso”, responde Luis Enrique con un gesto como de aburrimiento por la pregunta en medio de los festejos de la segunda Champions consecutiva del PSG bajo su tutela.

La escena, muy posiblemente ya viral a estas horas, describe impecablemente al revolucionario español de 56 años que trata a sus figuras –entre ellas, el actual Balón de Oro, Dembélé– como si fuesen absolutamente terrenales y que, obviamente, hereda esa filosofía de su forma de ser. Y sobre todo, al grado de exigencia que tiene con sus dirigidos tras tenerlos absolutamente convencidos de lo que sea que se le ocurra.

“Si perdemos, no pasa nada”, recitó las dos últimas temporadas en las que –irónicamente– lo ha ganado todo con el París Saint Germain, donde le enseñó al mundo que dejar ir a Kilyan Mbappé al Real Madrid era lo mejor que le podía pasar porque entonces “podría controlarlo todo en el juego”.

Y así fue. Hoy Luis Enrique lo controla todo y lo gana todo, también.

“La primera Champions (2025) fue histórica, la segunda lo será más, PSG necesitaba meterse en el grupo de los mejores equipos, ahora estamos ahí, con una manera de jugar nuestra”, dijo luego, ya más calmado y tras dedicarle el éxito a su hija fallecida Xana y corretear por todo el campo con sus dirigidos, su cuerpo técnico y luego junto a su familia.

Con los pómulos excesivamente rojos y una sonrisa extrema, Luis Enrique celebró su bicampeonato en Champions con el PSG con toda la efusividad posible. Brincos, abrazos, poses extravagantes, con bandera, sin camiseta, con la Orejona entre las manos. No se guardó nada el técnico que había ganado su primera Champions como entrenador con el Barcelona en la edición 2015, hace 11 años.

“Estos jugadores son diferentes, los tengo que parar de entrenar, cuando alguien disfruta de lo que hace, no tiene ningún mérito para mí... Este equipo va a competir el año que viene”, añadió el también exfutbolista, quien durante el Mundial 2022 compartiría su rol de seleccionador de España con su inusual hobby de volverse streamer.

Luis Enrique, que en el Barcelona construyó un equipo que convivió con el talento irrepetible de Lionel Messi, Luis Suárez y Neymar; en el PSG ha sabido construir un estilo exitoso para ganar el triplete 2025 y ahora otra vez la Champions: posesión, presión agresiva y movilidad permanente que implica intercambio sucesivo de roles para sus jugadores.

Bajo esa premisa casi nadie se le ha podido resistir en finales. “Estos partidos los controla el que va perdiendo y nosotros estamos acostumbrados a jugar contra equipos replegados, frustra mucho jugar así, pero merecimos ganar la final, también lo hubiera merecido el Arsenal, esta temporada hemos hecho algo notable”, recalcó Luis Enrique, que con el PSG ha ganado 9 de 10 finales.

El español solo perdió una final: la del del Mundial de Clubes 2025, cuando cayó 3-0 ante el Chelsea. Con ese récord está listo para irse de vacaciones a Gijón, su tierra.

Ganó el fútbol, dirían quienes vieron la mayor parte del tiempo al Arsenal de Arteta recostarse sobre un rígido esquema defensivo para sobrevivir los 120 minutos en los que lidió contra la orquesta ofensiva del PSG. El verso frente a la prosa, la magia sobre la ciencia. Lo cierto es que en Budapest se impuso el que más cerca estuvo a partir de encontrar más y mejores formas de conquistar a la Orejona. Y eso, de alguna forma también es poesía.

Porque a diferencia de la final disputada en Múnich el año pasado, donde el PSG se despachó sin remordimientos con un 5-0 letal sobre un esforzado Inter de Milán, ayer en Budapest las distancias en cuestión de favoritismos se acortaron abrumadoramente gracias a una espléndida apuesta táctica del Arsenal, que optó por aplacar la bonanza ofensiva de los parisinos casi todo el tiempo con sus 11 jugadores detrás de la línea del mediocampo.

Arteta eligió el camino que lo ha llevado a ganar la Premier League: recio atrás, rápido al medio y contundente arriba. Lo que no esperó, al menos a esa magnitud, es que el PSG de Luis Enrique nunca jugó con urgencia ni desesperación. Por el contrario, gracias principalmente a Vitinha, buscó pacientemente los argumentos para abrir un cerrojo inglés que parecía forjado en acero.

La escena se hizo aún más difícil para Luis Enrique cuando a los 6 minutos el azar y la suerte se conjugaron para dejar la pelota en pies de Havertz, quien ganó a velocidad por la banda y cuando tuvo a Safonov enfrente, sacó un latigazo tan salvaje como estético y la vez casi imposible para introducir el esférico por el lado menos posible. Gol no, golazo del alemán que respondió al respaldo de Arteta, quien sacrificó a Gyökeres en el once inicial por él.

Un minuto después, el PSG monopolizó la pelota mientras el Arsenal dedicó sus esfuerzos a replegarse hermosamente como si tratara de un baile practicado por ambos durante semanas: uno trasladando en tres cuartos de cancha y el otro controlando los espacios y reduciendo al máximo el nivel de inventiva del rival.

Entonces apareció Vitinha -elegido MVP del partido- para tocar por bandas, por el medio, a primer toque, por arriba. Siempre sin perder la compostura, casi siempre recuperando rápido. El socio ideal fue Dembélé, dedicado a desgastar a la defensa londinense con tantos intentos.

Hasta que a los 65 minutos Vitinha finalmente encontró una grieta. Y la aprovechó al máximo: pase filtrado a Kvaratskhelia. El georgiano aceleró al borde del área y Mosquera no tuvo más remedio que detenerlo con una falta. Penal y Luis Enrique, que daba vueltas y vueltas al borde del área, explotó por una alegría contenida que luego volvería a estallar gracias a la definición precisa y sublime de Dembélé para el merecido 1-1.

—El mejor de todos—

La paridad no se quebró y entonces vinieron los penales. Cuestión de fortuna o no, el PSG fue más efectivo y el Arsenal entregó el título por un disparo de Gabriel Magalhães que terminó muy lejos del arco.

Fue entonces que, como el clásico de Ernest Hemingway, París fue una fiesta. William Pacho, una de las figuras decisivas en esta final, rompió en llanto mientras a lo lejos todo Ecuador celebraba por su paisano. Marquinhos de rodillas agradeciendo a Dios y más de uno absorto por otra nueva Champions.

El PSG, el mismo que teniendo el tridente Messi-Neymar-Mbappé no había ganado nada relevante, ahora con Luis Enrique alzaría minutos después su segunda Champions League consecutiva, equiparándose con el Real Madrid 2016-2017.

A lo lejos, el primer subcampeón de la historia de la Champions en terminar la competición sin haber perdido ningún partido, contemplaba la hazaña.

j"
https://elcomercio.pe/deporte-total/champions-league/chelsea-vs-psg-en-vivo-gratis-hoy-via-espn-tnt-sports-max-horarios-canales-tv-y-donde-ver-partido-por-octavos-vuelta-de-champions-league-noticia/,Chelsea vs. PSG (0-3): resumen y goles del partido por Champions League | VIDEO,PSG volvió a golear al Chelsea y se metió a cuartos de final de la Champions League. Los parisinos avanzaron de fase con un global de 8-2 sobre los ‘Blues’.,2026-03-17T22:14:12.803Z,"volvió a vivir una noche amarga en Stamford Bridge y se despidió de la Champions League tras caer 0-3 ante el

, en un partido que evidenció la enorme diferencia entre ambos equipos. El golpe fue todavía más duro por el contexto: los ingleses ya llegaban con desventaja de la ida y terminaron eliminados con un contundente 8-2 en el global.

El equipo francés no tardó en inclinar la balanza. Apenas a los 6′, Khvicha Kvaratskhelia aprovechó un error defensivo para abrir el marcador, y poco después Bradley Barcola amplió la ventaja con una contra letal. Chelsea, obligado a reaccionar, nunca encontró claridad y se fue diluyendo ante un rival que jugaba con otra velocidad.

En el segundo tiempo, el guion no cambió demasiado. PSG manejó los tiempos, controló el balón y golpeó en el momento justo. El tercer tanto llegó a los 62’, obra del joven

, que terminó de cerrar la serie y apagar cualquier ilusión de remontada.

Así, el PSG firmó una clasificación sin discusión, mostrando contundencia y jerarquía en ambos partidos. Chelsea, en cambio, se queda con muchas dudas y una eliminación dolorosa en casa.

El partido de

por la vuelta de los octavos de final de la Champions League empieza a las 3:00 PM de Perú este martes 17 de marzo del 2026.

La transmisión del partido entre

por la vuelta de octavos de final de la Champions League será transmitido en

. Por otro lado, en

Luego,

, la transmisión del partido va a través de

Y

, los canales que pasan el partido son:

El compromiso se disputará en el

, estadio ubicado en Londres y casa del Chelsea. El recinto tiene capacidad para más de

y es reconocido por el intenso ambiente que generan los aficionados locales.

El ganador de la serie avanzará a los

, manteniéndose en la lucha por el título del torneo de clubes más importante de Europa."
https://elcomercio.pe/deporte-total/champions-league/dembele-el-rey-de-la-champions-league-por-que-la-estrella-del-psg-es-el-favorito-en-la-final-ante-el-arsenal-noticia/,"¿Dembélé, el rey de la Champions League?: Por qué la estrella del PSG es el favorito en la final ante el Arsenal","Ingleses y franceses se enfrentarán en la esperada final del torneo de clubes más importante de Europa, un partido que tendrá un enorme impacto deportivo y económico.",2026-05-26T18:40:08.806Z,"El sábado 30 de mayo, Arsenal y PSG disputarán la gran final de la UEFA Champions League 2026 en el Puskás Arena de Budapest, Hungría. El encuentro comenzará a las 11 a.m. (hora peruana) y enfrentará a dos clubes que persiguen objetivos históricos distintos: Arsenal intentará obtener su primer título, mientras que el PSG buscará el bicampeonato europeo.

Para la casa de apuestas deportivas online Betsafe, esta final se destaca por el desafío que tiene el club londinense de ganar la Champions League, un trofeo que nunca ha levantado a pesar de su trayectoria en el torneo más grande de clubes en Europa. Los “gunners” (actuales campeones de la liga inglesa) solo disputaron la final en 2006, cuando cayeron ante el Barcelona. Ahora, bajo el liderazgo de Mikel Arteta, el equipo inglés vuelve al partido decisivo con jóvenes figuras como Bukayo Saka, Martin Ødegaard y Declan Rice.

En la otra esquina aparece el Paris Saint-Germain, actual campeón del torneo. Hoy, el equipo de Luis Enrique presenta una versión mucho más madura y consolidada que en temporadas anteriores. Luego de varios cambios en el equipo, el campeón francés fortaleció una estructura colectiva que está por encima de las individualidades. Bajo la dirección del técnico español, el PSG encontró equilibrio con jugadores como Ousmane Dembélé, Vitinha, Warren Zaïre-Emery y Gonçalo Ramos, con los que ha construido un equipo más intenso, dinámico y competitivo en todas sus líneas.

Un nuevo título colocaría al club parisino en la lista de las potencias históricas del torneo y confirmaría que su proyecto deportivo finalmente alcanzó la estabilidad que buscó durante más de una década. También reforzaría el crecimiento institucional y global del club francés, que en los últimos años se consolidó como una de las marcas más influyentes del fútbol mundial, tanto dentro como fuera de la cancha.

Además, existe una disputa individual por convertirse en la gran figura del partido. Según las probabilidades de Betsafe, los favoritos de PSG para ser elegidos como los mejores jugadores de la final son Ousmane Dembélé con 37.45 %, seguido de sus compañeros Gonçalo Ramos (34.84 %), Khvicha Kvaratskhelia (34.25 %) y Bradley Barcola (31.75 %).

Por el lado del Arsenal, el delantero Viktor Gyökeres lidera las opciones con 32.26 %, por delante de Kai Havertz (30.30 %), Gabriel Jesus (26.67 %) y Eberechi Eze (25.97 %). Estas cifras reflejan el protagonismo ofensivo que tendrían ambas escuadras en una de las finales más esperadas de los últimos años.

Más allá del prestigio, la final también tendrá un enorme impacto económico para ambos clubes. Si el reciente campeón de la Premier League conquista su primera Champions, fortalecerá su valor de marca, acuerdos comerciales y presencia internacional. Por su parte, si el PSG logra el bicampeonato, impulsará aún más su expansión y atractivo comercial. Además, el campeón del torneo superaría los 150 millones de euros en ingresos acumulados entre premios, derechos televisivos, patrocinadores y bonificaciones comerciales derivadas del título continental."
https://elcomercio.pe/deporte-total/champions-league/donde-ver-atletico-madrid-vs-arsenal-hoy-en-vivo-a-que-hora-juegan-y-en-que-canal-tv-en-directo-transmiten-online-partido-por-semifinal-de-champions-league-noticia/,"¿Dónde ver repetición del partido, Atlético Madrid vs Arsenal (1-1) por Champions League?",Atlético Madrid empató 1-1 con Arsenal por la semifinal ida de la UEFA Champions League en el Estadio Metropolitano.,2026-04-29T21:31:38.245Z,"enfrenta a

el miércoles 29 de abril del 2026 en la ida de semifinales de

. Los ‘Colchoneros’ buscan su primera final de Liga de Campeones desde que perdiese en los penales contra Real Madrid en el 2016 en Lisboa. Los hombres de Diego Simeone vuelven a disputar una semifinal de la competición europea más prestigiosa por primera vez desde 2017 cuando cayeron de nuevo ante el Madrid. A continuación, te mostramos a qué hora juegan, en qué canales transmiten el partido y dónde verlo ONLINE.

El partido de

será transmitido a través de

para todo el Perú y Sudamérica

por la semifinal de la Champions League. Por otro lado, en

podrás ver el partido por televisión y streaming a través de

Luego,

, la transmisión del partido va a través de

Y

, los canales que pasan el partido son:

El partido de

por la semifinal de la Champions League empieza a las 2:00 PM de Perú este martes 28 de abril del 2026.

el partido de

será transmitido a través de

mediante cable y streaming por cuartos de final de Champions League.

, el partido va a través de

el partido de

transmitido a través de

por la semifinal de la Champions League.

el partido de

transmitido a través de

al igual que en toda Sudamérica por la semifinal de la Champions League.

En Estados Unidos,

transmitido a través de

por la semifinal de la Champions League.

el partido de

transmitido a través de

al igual que en toda Sudamérica por la semifinal de la Champions League.

el partido de

transmitido a través de

al igual que en toda Sudamérica por la semifinal de la Champions League.

el partido de

transmitido a través de

al igual que en toda Sudamérica por la semifinal de la Champions League.

el partido de

transmitido a través de

al igual que en toda Sudamérica por la semifinal de la Champions League.

el partido de

transmitido a través de

por la semifinal de la Champions League.

el partido de

transmitido a través de

por la semifinal de la Champions League.

el partido de

transmitido a través de

por la semifinal de la Champions League.

el partido de

transmitido a través de

por la semifinal de la Champions League.

el partido de

transmitido a través de

por la semifinal de la Champions League."
https://elcomercio.pe/deporte-total/champions-league/donde-ver-psg-vs-bayern-munich-hoy-en-vivo-a-que-hora-juegan-y-en-que-canal-tv-en-directo-transmiten-online-partido-por-semifinal-de-ida-de-champions-league-noticia/,"¿Dónde ver repetición del partido PSG vs Bayern Munich (5-4), por la semifinal ida de la Champions League?",Revisa qué canales transmitieron el partido de PSG vs Bayern Munich por la ida de las semifinales de la Champions League desde el Parque de los Príncipes.,2026-04-28T22:41:42.714Z,"A los 24′, Kvaratskhelia sacó provecho de un gran pase de Doué y firmó un golazo frente al arco de Manuel Neuer. Minutos después, Neves conectó un cabezazo, tras un tiro de esquina, para batir otra vez al gigante alemán y darle ventaja a su equipo.

Cuando parecía que el local empezaba a dominar, el Bayern avisó otra vez: Michael Olise apareció con una gran jugada individual para marcar el 2-2 y darle más emoción al partido.

No obstante, en los descuentos, una mano de Davies fue avisado por el VAR. Ousmane Dembélé se encargó de cobrar la falta y poner el 3-2 con el que PSG saca ventaja en los primeros 45′.

En el complemento llegaron más goles. Kvaratskhelia (56′) y Dembélé (58′) marcaron rápido para el PSG, pero Upamecano (65′) y Luis Díaz (68′) descontaron para el Bayern. Al final, el marcador terminó 5-4 a favor de los parisinos, que ahora deberán visitar el Allianz Arena para definir al primer finalista de la Champions League.

El partido de

será transmitido a través de

para todo el Perú y Sudamérica

por la ida de la semifinal de la Champions League. Por otro lado, en

podrás ver el partido por televisión y streaming a través de

Luego,

, la transmisión del partido va a través de

Y

, los canales que pasan el partido son:

El partido de

por la ida de la semifinal de la Champions League empieza a las 2:00 PM de Perú este martes 28 de abril del 2026.

el partido de

transmitido a través de

mediante cable y streaming por la semifinal de Champions League.

, el partido va a través de

el partido de

transmitido a través de

por la ida de la semifinal de la Champions League.

el partido de

transmitido a través de

al igual que en toda Sudamérica por la ida de la semifinal de la Champions League.

En Estados Unidos,

transmitido a través de

por la ida de la semifinal de la Champions League.

el partido de

transmitido a través de

al igual que en toda Sudamérica por la ida de la semifinal de la Champions League.

el partido de

transmitido a través de

al igual que en toda Sudamérica por la ida de la semifinal de la Champions League.

el partido de

transmitido a través de

al igual que en toda Sudamérica por la ida de la semifinal de la Champions League.

el partido de

transmitido a través de

al igual que en toda Sudamérica por la ida de la semifinal de la Champions League.

el partido de

transmitido a través de

por la ida de la semifinal de la Champions League.

el partido de

transmitido a través de

por la ida de la semifinal de la Champions League.

el partido de

transmitido a través de

por la ida de la semifinal de la Champions League.

el partido de

transmitido a través de

por la ida de la semifinal de la Champions League.

el partido de

transmitido a través de

por la ida de la semifinal de la Champions League."
https://elcomercio.pe/deporte-total/champions-league/estadio-fc-el-lugar-ideal-para-ver-la-final-de-la-champions-league-entre-arsenal-y-psg-noticia/,"Estadio FC, el lugar ideal para ver la final de la Champions League entre Arsenal y PSG","Con 26 años de trayectoria, el local se ha convertido en un referente para los amantes del deporte rey al apostar por la pasión del fútbol y la gastronomía dentro de una tradicional casona limeña.",2026-05-29T22:20:10.368Z,"La pasión por el fútbol europeo tomará el Centro Histórico de Lima este fin de semana con la transmisión en vivo de la gran final de la UEFA Champions League entre PSG y Arsenal, un encuentro que promete paralizar a millones de aficionados alrededor del mundo.

Mañana sábado 30, el Estadio Fútbol Club (Estadio FC), famoso restaurante-bar y museo temático ubicado en el Centro Histórico de Lima, abrirá sus puertas para recibir a los hinchas peruanos que quieran vivir la emoción de una de las finales más esperadas del año en un ambiente cargado de adrenalina, cánticos y pasión futbolera.

Con 26 años de trayectoria, el local se ha convertido en un referente para los amantes del deporte rey al apostar por la pasión del fútbol y la gastronomía dentro de una tradicional casona limeña que conserva el espíritu histórico del Centro de Lima.

El espacio ofrecerá transmisión en pantalla gigante, activaciones especiales y una experiencia diseñada para que los fanáticos sientan cada jugada como si estuvieran en el propio estadio europeo.

“Estamos emocionados de recibir a los hinchas y apasionados del fútbol para vivir juntos esta fiesta futbolera tan icónica. Hemos preparado un espacio especial para que todos disfruten de una experiencia inolvidable durante la final de la Champions League”, señaló Nestor Diaz, Gerente de Operaciones del Estadio Fútbol Club.

El enfrentamiento entre PSG y Arsenal genera gran expectativa entre los aficionados, ya que ambos clubes llegan con destacadas campañas y figuras internacionales que prometen un duelo de alto nivel competitivo.

Con esta iniciativa, Estadio FC busca consolidarse como el principal punto de encuentro para los amantes del deporte rey en Lima, combinando gastronomía, entretenimiento y cultura futbolera alrededor de los eventos más importantes del fútbol mundial."
https://elcomercio.pe/deporte-total/champions-league/final-de-la-champions-league-el-partido-de-arsenal-vs-psg-causara-impacto-en-el-consumo-por-delivery-en-peru-noticia/,Final de la Champions League: el partido de Arsenal vs PSG causará impacto en el consumo por delivery en Perú,"Para el partido entre Arsenal y PSG por la final de la UEFA Champions League, PedidosYa proyecta que Miraflores, San Isidro y San Juan de Lurigancho sean los distritos con mayor demanda.",2026-05-29T22:28:13.772Z,"La final de la UEFA Champions League se ha convertido en uno de los eventos deportivos con mayor impacto en los hábitos de consumo por delivery en Perú. Este año, el enfrentamiento entre Paris Saint-Germain y Arsenal F.C., programado para el 30 de mayo a las 11:00 a.m., promete movilizar no solo a millones de fanáticos del fútbol, sino también a miles de usuarios que optarán por disfrutar el partido desde casa acompañados de sus comidas favoritas.

En ese contexto, PedidosYa, la compañía de tecnología líder en delivery y quick commerce de Latinoamérica, revela las principales tendencias de consumo para la gran final del torneo y proyecta un incremento de hasta 15% en la demanda de pedidos.

Según data de la compañía, las hamburguesas continúan posicionándose como el platillo favorito para acompañar encuentros deportivos, seguidas por pizza y pollo frito. Asimismo, las bebidas gaseosas y cervezas lideran los complementos más solicitados durante este tipo de jornadas, especialmente en pedidos grupales.

“En eventos como la final de la Champions League, vemos un consumidor que prioriza la practicidad sin dejar de lado la experiencia de compartir y disfrutar el partido. En PedidosYa nos enorgullece cumplir lo que prometemos: ofrecer la mayor variedad de opciones dentro de la app, entregas en el tiempo comprometido y una amplia oferta de promociones impulsadas por nuestras alianzas bancarias”, señala Melissa Tejada, directora de Marketing de PedidosYa en Perú.

PedidosYa también proyecta que los distritos limeños con mayor número de órdenes durante la transmisión de este evento deportivo serán Miraflores, San Isidro, San Juan de Lurigancho, Santiago de Surco y Chorrillos, mientras que ciudades como Arequipa, Trujillo y Piura presentarán la mayor demanda en provincias.

El horario del encuentro también marca una diferencia importante en el comportamiento de consumo. Al disputarse cerca al mediodía en Perú, se espera un fuerte crecimiento en categorías vinculadas al almuerzo, especialmente combos familiares, promociones de pizzas medianas y grandes, alitas, hamburguesas dobles y opciones de pollo para compartir.

Para esta final de la Champions League, PedidosYa Market, el supermercado digital de PedidosYa, proyecta un incremento de hasta 10% en sus órdenes frente a un sábado promedio, impulsado por promociones especiales para todos sus usuarios y beneficios exclusivos para las personas suscritas a PedidosYa Plus, como envíos gratuitos.

Entre los productos con mayor demanda esperada destacan snacks, cerveza y cortes de carne para parrilla, categorías que suelen ganar protagonismo durante reuniones para disfrutar eventos deportivos."
https://elcomercio.pe/deporte-total/champions-league/fox-one-en-vivo-online-donde-ver-barcelona-vs-atletico-madrid-hoy-gratis-via-fox-tudn-hbo-max-por-cuartos-de-final-de-champions-league-video-noticia/,"Resumen del partido, Barcelona vs Atlético Madrid (0-2) por Champions League | VIDEO",Barcelona cayó 2-0 ante Atlético Madrid por el partido de ida por cuartos de final de la Champions League en el Estadio Camp Nou.,2026-04-08T21:10:19.736Z,"Atlético Madrid venció 2-0 a FC Barcelona este miércoles 8 de abril de 2026 en la ida de los cuartos de final de la UEFA Champions League. El marcador se abrió con un golazo de tiro libre de Julián Álvarez, mientras que Alexander Sørloth sentenció en el segundo tiempo. El cuadro culé jugó gran parte del encuentro con un hombre menos tras una expulsión en la primera mitad. La vuelta se disputará el martes 14 de abril en el Estadio Riyadh Air Metropolitano."
https://elcomercio.pe/deporte-total/champions-league/gabriel-magalhaes-fallo-el-penal-decisivo-en-psg-vs-arsenal-por-final-de-champions-league-video-noticia/,¡A la tribuna! Gabriel Magalhaes falló el penal decisivo para la consagración de PSG en la Champions League | VIDEO,El defensa brasileño fue el encargado de ejecutar el último penal de la tanda y mandó el balón por encima del travesaño.,2026-05-30T19:15:18.498Z,"¡La mandó a la tribuna!

venció en la tanda de penales al

y se consagró campeón de la

en el Puskás Arena de Budapest (Hungría). El penal decisivo estuvo en los botines de Gabriel Magalhaes, pero falló.

El defensor brasileño tomó el balón con la resposabilidad de anotar en el último penal de la tanda. No obstante, su disparo se fue por encima del travesaño y sentenció la derrota del conjunto ‘gunner’.

¡¡LA COBRA KAI DE LAS FINALES!! GOLAZO DE HAVERTZ PARA MARCAR EL 1-0 DEL ARSENAL ANTE PSG EN EL ARRANQUE DEL PARTIDO.

📺 La

, por

Plan Premium"
https://elcomercio.pe/deporte-total/champions-league/gol-de-alexander-sorloth-hoy-con-atletico-madrid-vs-barcelona-por-cuartos-de-final-champions-league-video-noticia/,¡Estira la ventaja! Golazo de Alexander Sorloth para el 2-0 del Atlético Madrid vs Barcelona | VIDEO,"A los 70′, Alexander Sorloth apareció en el área del Barcelona para anotar el 2-0 del Atlético Madrid y sacar una mejor ventaja por la ida de los cuartos de final de la Champions League.",2026-04-08T20:41:39.699Z,"Atlético Madrid estiró su ventaja en el marcador tras el gol de Alexander Sorloth para colocar el 2-0 sobre Barcelona, en partido de ida de los cuartos de final de la Champions League. La jugada ocurrió al minuto 70, cuando Matteo Ruggeri desbordó por izquierda y envió un centro a media altura al ára azulgrana buscando un receptor. Justo allí apareció el delantero sueco, quien le ganó la posición a su defensor y empujó la pelota para anotar el segundo del partido. Con ello, los ‘colchoneros’ tienen buena diferencia en el resultado y se ilusionan con avanzar a semifinales.

¡¡OTRO GOLPE DEL COLCHONERO!! DEFINICIÓN DE PRIMERA DE SORLOTH PARA EL 2-0 DE ATLÉTICO DE MADRID VS. BARCELONA.

📺 Toda la

por

Plan Premium"
https://elcomercio.pe/deporte-total/champions-league/gol-de-arda-guler-hoy-con-real-madrid-vs-bayern-munich-por-cuartos-de-final-vuelta-champions-league-video-noticia/,¡Doblete de Güler! Golazo de tiro libre para el 2-1 del Real Madrid vs Bayern Munich | VIDEO,"Arda Güler apareció para marcar un doblete e igualar la serie Real Madrid vs Bayern Munich, por los cuartos de final de la Champions League.",2026-04-15T19:39:39.719Z,"Real Madrid golpeó primero en el partido ante el Bayern Munich, por los cuartos de final vuelta de la Champions League. Apenas a los 38 segundos de juego, Manuel Neuer se equivocó en el pase y la oportunidad la aprovechó Arda Güler, quien sacó un remate largo para batir al arquero alemán y poner el 1-0 a favor de la ‘Casa Blanca’ en el Allianz Arena.

Pero eso no fue todo, porque el gigante alemán logró el empate minutos después gracias a Pavlovic, aunque esa alegría no duró mucho. A los 29′, Güler otra vez apareció para firmar un golazo de tiro libre y colocar el 2-1 para los madridistas, que por ahora igualaron la serie global 3-3.

¡¡NO SE PUEDE CREER LO QUE HIZO MANUEL!! ¡¡INSÓLITO ERROR DE NEUER PARA EL GOL DE ARDA GULER Y EL 1-0 DE REAL MADRID VS. BAYERN MÚNICH!! ¡¡SERIE 2-2 EN ALEMANIA!!

📺 Toda la

por

Plan Premium

NEUER SE METIÓ CON PELOTA Y TODO EN EL TIRO LIBRE DE ARDA GULER.

📺 Toda la

por

Plan Premium"
https://elcomercio.pe/deporte-total/champions-league/gol-de-cristiano-ronaldo-hoy-con-al-nassr-vs-al-ahli-por-la-saudi-pro-league-video-noticia/,¡970 goles! Cristiano Ronaldo marcó en la victoria de Al Nassr vs Al Ahli por la Saudí Pro League | VIDEO,Cristiano Ronaldo se acerca a los 1000 goles con Al Nassr. Volvió a marcar en la victoria de Al Nassr vs Al Ahli por la Saudí Pro League.,2026-04-29T20:24:42.425Z,"volvió a ser decisivo con la camiseta de Al Nassr tras anotar un nuevo gol que lo acerca a una cifra histórica. Con este tanto, el delantero portugués alcanzó los 970 goles oficiales en su carrera profesional, quedando cada vez más cerca de la mítica barrera de los 1000.

بصناعة جواو فيليكس 🎯

كريستيانو يرتقي عاليًا ويمنح النصر التقدم 🐐✨

قصة هدف النصر الأول كاملًا 🟡⚽️

|

El gol llegó tras una acción ofensiva en la que Ronaldo demostró su clásico instinto dentro del área, definiendo con precisión para vencer al arquero rival. A sus 41 años, el atacante sigue mostrando vigencia y siendo la principal referencia ofensiva de su equipo en el fútbol saudí.

Este nuevo registro no hace más que consolidar su lugar en la historia del fútbol mundial. A lo largo de su carrera, el portugués ha brillado en clubes como el Real Madrid, Manchester United y la Juventus, además de su exitosa etapa con la selección de Portugal.

Con 970 goles en su cuenta personal, el objetivo de los 1000 ya no parece una utopía sino una meta alcanzable. Partido a partido, Cristiano Ronaldo sigue escribiendo su propia historia y acercándose a una marca que podría ser irrepetible en el fútbol moderno."
https://elcomercio.pe/deporte-total/champions-league/gol-de-dembele-hoy-con-psg-vs-bayern-munich-por-semifinal-vuelta-de-champions-league-video-noticia/,Se abrió el marcador: Dembélé marcó el 1-0 de PSG vs Bayern Múnich por semifinal vuelta de Champions League | VIDEO,Ousmane Dembélé marcó el 1-0 a favor del PSG vs Bayern Múnich en el Allianz Arena por la semifinal vuelta de la UEFA Champions League.,2026-05-06T19:14:30.004Z,"El PSG golpeó rápido en el Allianz Arena gracias a una brillante acción colectiva encabezada por Khvicha Kvaratskhelia. Apenas a los 3 minutos de juego, el atacante georgiano realizó una gran corrida por el sector izquierdo, dejando atrás a la defensa del Bayern Múnich antes de asistir con precisión a Ousmane Dembélé. El delantero francés no perdonó y definió dentro del área para marcar el 1-0 parcial en favor del conjunto parisino por la semifinal de vuelta de la UEFA Champions League, disputada este miércoles 6 de mayo de 2026. Con este tempranero gol, el equipo francés estiró la ventaja en una serie que promete emociones hasta el final.

¡¡ARRANCÓ EL SHOW!! Centro atrás de Kvaratskhelia Y gran definición de Dembélé para el 1-0 (6-4 global) de PSG vs. Bayern Munich. ¡DOS MINUTOS DE JUEGO!

📺 Toda la

por

Plan Premium"
https://elcomercio.pe/deporte-total/champions-league/gol-de-dembele-hoy-psg-vs-arsenal-por-final-de-champions-league-gol-de-psg-video-noticia/,¡Todo igualado! Ousmane Dembélé marcó de penal el 1-1 de PSG vs. Arsenal en la final de la Champions League | VIDEO,El delantero francés no falló desde los doce pasos e igualó el marcador en el Puskás Arena de Budapest.,2026-05-30T17:39:35.356Z,"¡Todo igualado! Lo que no llegó de una jugada gestionada, llegó desde el punto penal. Mosquera derribó en el área a Kvaratskhelia y el árbitro no dudó en pitar el penal a favor del

.

El encargado de ejecutar la pena máxima fue Ousmane Dembélé (64′) y no falló. El delantero francés engañó al portero Raya y colocó el balón en el palo derecho del pórtico.

De esta manera, el marcador se igualó 1 a 1 entre

y

por la final de la

, este sábado 30 de junior.

¡¡LA COBRA KAI DE LAS FINALES!! GOLAZO DE HAVERTZ PARA MARCAR EL 1-0 DEL ARSENAL ANTE PSG EN EL ARRANQUE DEL PARTIDO.

📺 La

, por

Plan Premium"
https://elcomercio.pe/deporte-total/champions-league/gol-de-erling-haaland-hoy-con-manchester-city-vs-real-madrid-por-el-partido-de-vuelta-de-los-octavos-de-final-de-la-champions-league-video-noticia/,Erling Haaland marca el 1-1 de Manchester City vs Real Madrid por el partido de vuelta de los octavos de final de la Champions League | VIDEO,"Haaland apareció en el momento justo para igualar el marcador y mantener con vida al Manchester City, que aún sueña con una remontada ante el Real Madrid en la Champions League.",2026-03-17T20:54:08.42Z,"Erling Haaland volvió a aparecer en una noche clave de Champions League al marcar el 1-1 del Manchester City ante el Real Madrid en el Etihad Stadium, dándole algo de esperanza a su equipo en una eliminatoria cuesta arriba. El delantero noruego aprovechó un centro desde la izquierda de Jeremy Doku y, tras un leve desvío, conectó un remate poco ortodoxo para vencer al arquero rival a los 40 minutos del primer tiempo. Pese al tanto, el panorama sigue siendo complicado para los de Pep Guardiola, que necesitan una remontada histórica tras el 3-0 sufrido en la ida.

EL SUEÑO DE LA REMONTADA SIGUE EN PIE... Erling Haaland estaba en el lugar indicado para empujarla y anotar el 1-4 de Manchester City en el global vs. Real Madrid.

📺 Toda la

por

Plan Premium"
https://elcomercio.pe/deporte-total/champions-league/gol-de-federico-valverde-hoy-con-real-madrid-vs-manchester-city-por-champions-league-video-noticia/,¡Hat-trick en 22 minutos! Federico Valverde marca el 3-0 del Real Madrid vs Manchester City | VIDEO,"A los 20′, 27′ y 42′, Federico Valverde apareció para darle la ventaja por 3-0 al Real Madrid vs Manchester City, en la ida de los octavos de final de la Champions League.",2026-03-11T20:52:26.495Z,"Federico Valverde apareció para alegrar los corazones de los hinchas del Real Madrid. El capitán merengue marcó un hat-trick en 22 minutos para el 3-0 ante el Manchester City, por la ida de los octavos de final de la Champions League.

El primero llegó a los 20’, cuando el uruguayo recibió un pase largo e hizo todo bien: control orientado hacia adelante, un amague a Gianluigi Donnarumma y definición sin marca para cerrar la jugada.

El segundo tanto llegó a los 27’, cuando Vinícius Jr, encaró por izquierda y habilitó a ‘Fede’, quien controló de derecha y definió cruzado de zurda para batir nuevamente a Donnarumma para el 2-0.

Y, para cerrar su triplete, Valverde marcó el tercero a los 42′, tras sacarse a un defendor con un toque sutil y definir nuevamente frente al arco de Donnarumma. Gana la ‘Casa Blanca’ en el Santiago Bernabéu.

¡¡TODA TUYA FEDE!! GOLAZO DE VALVERDE PARA EL 1-0 DE MANCHESTER CITY ANTE REAL MADRID.

📺 Toda la

por

Plan Premium

¡¡PAJARITO GOLEADOR!! ¡¡DOBLETE DE FEDE VALVERDE PARA EL 2-0 DE REAL MADRID VS. MANCHESTER CITY ANTES DE LOS 30'!!

📺 Toda la

por

Plan Premium

¡¡¡ESTÁS COMPLETAMENTE LOCO, FEDERICO!!! ¡¡¡GOLAZO TOTAL DE VALVERDE, HAT-TRICK Y 3-0 DE REAL MADRID VS. MANCHESTER CITY EN EL BERNABÉU!!!

📺 Toda la

por

Plan Premium"
https://elcomercio.pe/deporte-total/champions-league/gol-de-harry-kane-hoy-con-bayern-munich-vs-psg-por-semifinal-ida-de-champions-league-video-noticia/,¡Saca ventaja! Harry Kane marca el 1-0 del Bayern vs PSG por la semifinal de la Champions League | VIDEO,"A los 17′, Harry Kane apareció para marcar de penal el 1-0 del Bayern vs PSG en el Parque de los Príncipes. El colombiano Luis Díaz generó la falta que terminó en gol de los alemanes.",2026-04-28T19:31:02.947Z,"Bayern Munich sacó ventaja en el inicio del partido sobre el PSG, por la semifinal de ida de la Champions League. A los 17′, Harry Kane marcó el 1-0 de penal, tras una falta en el área contra Luis Díaz. La jugada previa fue así: el colombiano generó un contragolpe, se apoyó en sus compañeros y la pelota le volvió a caer a los pies. Cuando estaba por rematar, fue derribado en el área por Willian Pacho y el árbitro no dudó en cobrar la falta. Kane se encargó de aprovechar la ocasión y darle ventaja a los bávaros.

¡¡HARRY NO FALLÓ!! KANE ABRIÓ EL PIE Y MARCÓ EL 1-0 DEL BAYERN EN LA IDA ANTE PSG.

📺 Toda la

por

Plan Premium"
https://elcomercio.pe/deporte-total/champions-league/gol-de-harry-kane-hoy-con-bayern-munich-vs-psg-por-semifinal-vuelta-champions-league-video-noticia/,¡En la última jugada! Golazo agónico de Harry Kane para el 1-1 del Bayern vs PSG | VIDEO,"En los descuentos, Harry Kane empató el partido en el Allianz Arena, pero no alcanzó para llegar a la final de la Champions League.",2026-05-06T21:13:45.148Z,"A los 90+4′, Harry Kane marcó el 1-1 del Bayern Munich vs PSG por la semifinal vuelta de la Champions League. El inglés anotó de media vuelta con un zurdazo que batió al arquero rival. Su tanto sirvió para darle esperanza al Allianz Arena, que aguardaba el milagro para una remontada épica; sin embargo, el tiempo fue corto y el resultado quedó así. En el global, el cuadro parisino se impuso 6-5 y jugará la final de esta competencia ante Arsenal, el próximo 30 de mayo en Budapest.

DESCUENTO SOBRE EL FINAL: Harry Kane no perdonó y marcó el 1-1 (5-6) global de Bayern vs. PSG.

📺 Toda la

por

Plan Premium"
https://elcomercio.pe/deporte-total/champions-league/gol-de-havertz-hoy-arsenal-vs-psg-por-final-de-champions-league-gol-de-arsenal-video-noticia/,¡A los cinco minutos! Kai Havertz adelantó 1-0 al Arsenal sobre PSG en la final de la Champions League | VIDEO,El delantero alemán le reventó el arco a Safonov para el 1-0 a favor de los ‘Gunners’ en Budapest.,2026-05-30T16:32:50.404Z,"¡Camino a la gloria! Kai Havertz (5′) marcó el 1-0 de

sobre

por la final de la

, este sábado 30 de junior.

El Puskás Arena se remeció con el tremendo zurdazo del futbolista alemán que dejó sin reacción al portero Safonov.

¡¡LA COBRA KAI DE LAS FINALES!! GOLAZO DE HAVERTZ PARA MARCAR EL 1-0 DEL ARSENAL ANTE PSG EN EL ARRANQUE DEL PARTIDO.

📺 La

, por

Plan Premium"
https://elcomercio.pe/deporte-total/champions-league/gol-de-julian-alvarez-hoy-con-atletico-madrid-vs-barcelona-por-cuartos-de-final-de-champions-league-video-noticia/,Golazo de tiro libre de Julián Álvarez para el 1-0 de Atlético Madrid vs Barcelona por cuartos de final de Champions League,Julián Álvarez puso el 1-0 a favor del Alético Madrid contra Barcelona a los 45 minutos de tiro libre por los cuartos de final ida de la Champions League.,2026-04-08T19:56:25.898Z,"Julián Álvarez marcó el 1-0 para Atlético de Madrid frente a FC Barcelona a los 45 minutos del primer tiempo, en el duelo de ida por los cuartos de final de la UEFA Champions League. El gol llegó tras un preciso tiro libre, originado por una falta sobre Simeone. En esa acción, Pau Cubarsí vio la tarjeta roja, dejando a su equipo con diez jugadores en un momento clave del partido. Mira el golazo de la ‘Araña’ aquí.

¡¡¡ARAÑAZO EN EL CAMP NOU!!! ¡¡DESCOMUNAL GOLAZO DE JULIÁN ÁLVAREZ DE TIRO LIBRE PARA EL 1-0 DE ATLÉTICO DE MADRID VS. BARCELONA!!

📺 Toda la

por

Plan Premium"
https://elcomercio.pe/deporte-total/champions-league/gol-de-kane-hoy-real-madrid-vs-bayern-munich-por-champions-league-video-noticia/,¡Se estira la ventaja! Harry Kane marcó el 2-0 de Bayern Múnich sobre Real Madrid por Champions League | VIDEO,El delantero inglés marcó el segundo del club alemán al inicio del segundo tiempo por UEFA Champions League.,2026-04-07T20:21:48.113Z,"recibe a

en el Estadio Santiago Bernabéu, este martes 7 de abril, por el partido de ida de los cuartos de final de la

. Harry Kane (46′) estiró la ventaja 2-0 a favor de los ‘Bávaros’.

Apenas iniciado el segundo tiempo, Carreras perdió el balón en manos de Pavlovic y este adelantó para Olise. El atacante francés recortó para acumular defensas y asistió a Kane, quien llegó al borde del área sin marca.

El delantero inglés le pegó de primera intención y Lunin no pudo hacer nada para evitar el segundo gol.

¡¡LA VERDADERA MÁQUINA BÁVARA!! BAYERN RECUPERÓ TRAS EL SAQUE DEL MEDIO DEL REAL MADRID Y HARRY KANE MARCÓ EL 2-0 EN EL BERNABÉU.

📺 Toda la

por

Plan Premium"
https://elcomercio.pe/deporte-total/champions-league/gol-de-kylian-mbappe-hoy-con-real-madrid-vs-bayern-munich-por-cuartos-de-final-vuelta-champions-league-video-noticia/,¡Asistencia de ‘Vini’! Golazo de Mbappé para el 3-2 del Real Madrid vs Bayern en el Allianz Arena | VIDEO,"A los 42′, Kylian Mbappé apareció para marcar el tercero del Real Madrid vs Bayern Munich por los cuartos de final vuelta de la Champions League.",2026-04-15T19:51:53.918Z,"Kylian Mbappé volvió a ser decisivo en los metros finales para el Real Madrid y marcar el tercer gol en el partido ante Bayern Munich, por los cuartos de final vuelta de la Champions League. A los 42′, el francés aprovechó una gran asistencia de Vinícius Jr. y batió a Manuel Neuer para el 3-2 a favor en el Allianz Arena. Con ello, la ‘Casa Blanca’ igualó la serie 4-4 y lucha por clasificar a las semifinales.

¡¡¡ES EL PARTIDO DEL AÑO!!! ¡¡ASISTENCIA DE VINI Y GOL DE MBAPPÉ PARA EL 3-2 (4-4 GLOBAL) DE REAL MADRID VS. BAYERN MÚNICH!!

📺 Toda la

por

Plan Premium"
https://elcomercio.pe/deporte-total/champions-league/gol-de-luis-diaz-hoy-real-madrid-vs-bayern-munich-por-champions-league-video-noticia/,¡Colombia en el Bernabéu! Luis Díaz marcó el 1-0 de Bayern Múnich sobre Real Madrid por Champions League | VIDEO,El delantero colombiano quedó completamente solo ante la salida de Lunin y no perdonó de cara al arco.,2026-04-07T19:48:43.424Z,"recibe a

en el Estadio Santiago Bernabéu, este martes 7 de abril, por el partido de ida de los cuartos de final de la

. Luis Díaz (41′) fue el encargado de anotar el 1-0 a favor de los ‘Bávaros’.

Una pérdida de balón de Vinícius Jr. desbocó un contragolpe letal del conjunto alemán. El balón transicionó de manera fugaz por el terreno de juego hasta llegar a ‘Lucho’ con una oportunidad inmejorable.

El delantero colombiano abrió el pie ante la salida desesperada del portero Lunin y no falló.

¡¡CLARO GUAJIRO!! LUCHO DÍAZ SE FILTRÓ EN LA DEFENSA Y DEFINIÓ TRAS UNA GRAN JUGADA PARA EL 1-0 DE BAYERN MUNICH VS. REAL MADRID.

📺 Toda la

por

Plan Premium"
https://elcomercio.pe/deporte-total/champions-league/gol-de-mbappe-hoy-real-madrid-vs-bayern-munich-por-champions-league-video-noticia/,¡Despertó el Real Madrid! Kylian Mbappé descontó 2-1 ante Bayern Múnich por Champions League | VIDEO,El delantero francés aprovechó un quirúrgico pase de Alexander Arnold y descontó para el Real Madrid por Champions League.,2026-04-07T20:43:05.687Z,"recibe a

en el Estadio Santiago Bernabéu, este martes 7 de abril, por el partido de ida de los cuartos de final de la

. Kylian Mbappé (74′) descontó 2-1 para el conjunto blanco.

El delantero francés tras un gran desmarque aprovechó el preciso pase de Trent Alexander-Arnold para abatir, a duras penas, a Neuer.

¡¡KIKIIIIII!! Real Madrid VOLÓ, el reloj avisó y Mbappé marcó el 1-2 vs. Bayern Munich.

📺 Toda la

por

Plan Premium"
https://elcomercio.pe/deporte-total/champions-league/gol-de-penal-de-vinicius-jr-hoy-con-real-madrid-vs-manchester-city-por-champions-league-video-noticia/,¡Se estira la ventaja! Gol de Vinícius Jr. para el 1-0 del Real Madrid vs Manchester City | VIDEO,"A los 22′, Vinícius Jr. convirtió de penal y le dio la ventaja al Real Madrid vs Manchester City, por la vuelta de los octavos de final de la Champions League.",2026-03-17T20:37:43.5Z,"Vinícius Jr. apareció a los 22′ para poner el 1-0 del Real Madrid vs Manchester City, por la vuelta de los octavos de final de la Champions League. El brasileño marcó de penal y le dio la ventaja a su equipo, que en el global estiró su diferencia a 4-0 a favor. La jugada se dio luego de que Bernardo Silva, en su intento de rechazar el balón, puso el codo y evitó el gol en la jugada previa. El árbitro, tras revisar el VAR, decidió cobrar el penal y expulsar al capitán de los ‘citizens’."
https://elcomercio.pe/deporte-total/champions-league/gol-de-saka-hoy-arsenal-vs-atletico-madrid-por-semifinal-de-champions-league-gol-de-arsenal-video-noticia/,¡En la última del primer tiempo! Bukayo Saka marcó el 1-0 de Arsenal sobre Atlético Madrid por semifinal de la Champions League | VIDEO,El atacante inglés aprovechó el rebote de Oblak y empujó el balón para darle la ventaja a los ‘Gunners’.,2026-05-05T20:00:16.798Z,"Arsenal se adelanta en el marcador. En la última jugada del primer tiempo, Bukayo Saka (44′) marcó el 1-0 sobre el Atlético Madrid por la semifinal de vuelta de la UEFA Champions League.

El portero Oblak sacó una mano milagrosa ante el foribundo disparo de Trossard, sin embargo, el balón quedó picando a pocos metros del arco. Saka fue más rápido que los defensores ‘colchoneros’ y empujó el esférico para alegría de todo el Emirates Stadium.

Con este tanto, los ‘Gunners’ se colocan arriba en la serie por 2 a 1. En el duelo de ida empataron 1 a 1.

¡¡LOS GUNNERS PEGARON SOBRE EL FINAL DEL PRIMER TIEMPO!! SAKA CAZÓ EL REBOTE DE OBLAK Y MARCÓ EL 1-0 (2-1 GLOBAL) DEL ARSENAL VS. ATLÉTICO DE MADRID.

📺 Toda la

por

Plan Premium"
https://elcomercio.pe/deporte-total/champions-league/gol-de-viktor-gyokeres-hoy-con-arsenal-vs-atletico-madrid-por-semifinal-de-champions-league-noticia/,Viktor Gyökeres anotó el 1-0 de Arsenal vs Atlético de Madrid por semifinal de Champions League,Viktor Gyökeres no falló desde los doce pasos y puso en ventaja a Arsenal vs Atlético de Madrid por semifinal de Champions League.,2026-04-29T20:26:12Z,"Arsenal FC golpeó primero en la ida de las semifinales de la UEFA Champions League tras el gol de penal de Viktor Gyökeres frente al Atlético de Madrid. El atacante sueco apareció sobre el final del primer tiempo para romper la igualdad en un duelo muy cerrado.

¡APARECIÓ EL GOLEADOR! Viktor Gyokeres la cruzó con mucha fuerza y anotó el 1-0 de Arsenal vs. Atlético de Madrid.

📺 Toda la

por

Plan Premium

La jugada se produjo luego de una falta dentro del área que el árbitro sancionó como penal, generando reclamos inmediatos de los jugadores del conjunto español. Gyökeres asumió la responsabilidad y ejecutó con potencia, dejando sin opciones al arquero y colocando el 1-0 parcial.

El tanto llegó en un momento clave del partido, justo antes del descanso, lo que permitió al equipo inglés irse al entretiempo con ventaja y mayor tranquilidad. Sin embargo, la decisión arbitral encendió la polémica, ya que diversos análisis posteriores señalaron que el contacto fue leve.

Con este resultado parcial, el Arsenal toma ventaja en una serie que promete ser muy disputada. El Atlético deberá reaccionar en el complemento para mantener vivas sus opciones de clasificar a la gran final del torneo europeo."
https://elcomercio.pe/deporte-total/champions-league/goles-del-partido-atletico-madrid-vs-barcelona-hoy-por-cuartos-de-final-vuelta-de-champions-league-video-noticia/,¡De ida y vuelta! Goles de Ferran y Lookman en el Atlético Madrid vs Barcelona por Champions League | VIDEO,"Ferran Torres había igualado la serie 2-2 en el global, pero minutos después apareció Ademola Lookman para marcar el 3-2 y darle otra vez la ventaja al Atlético Madrid.",2026-04-14T19:50:00.727Z,"El duelo entre Atlético Madrid y Barcelona viene siendo de ida y vuelta por la vuelta de los cuartos de final de la Champions League. Tras el gol de Lamine Yamal al inicio del partido, cayó el segundo de los azulgranas. A los 24′ apareció Ferran Torres para aprovechar un gran pase de Dani Olmo y definir cruzado ante la presencia de Juan Musso. Ese tanto puso la serie 2-2 en el global; sin embargo, seis minutos después, Ademola Lookman finalizó un gran contragolpe y anotó a los 31′ para volver a darle la ventaja a los ‘colchoneros’.

¡¡¡MORDIÓ EL TIBURÓN!! FERRAN TORRES SE FILTRÓ EN LA DEFENSA Y DEFINIÓ BIEN PARA EL 2-0 (2-2 global) DE BARCELONA VS. ATLÉTICO DE MADRID. ¡BENDITA

!

📺 Toda la

por

Plan Premium

¡¡REACCIÓN COLCHONERA!! LLORENTE ASISTIÓ A LOOKMAN Y EL NIGERIANO FIRMÓ EL 1-2 (3-2 global) DE ATLÉTICO DE MADRID VS. BARCELONA. ¡PARTIDAZO!

📺 Toda la

por

Plan Premium"
https://elcomercio.pe/deporte-total/champions-league/goles-del-partido-bayern-vs-psg-por-la-semifinal-vuelta-de-la-champions-league-video-noticia/,"Goles del partido, Bayern vs PSG (1-1) por la semifinal vuelta de la Champions League | VIDEO","Osumane Dembélé abrió el marcador al inicio del partido, pero Harry Lane lo igualó en los descuentos, por la semifinal vuelta de la Champions League.",2026-05-06T21:12:10.535Z,"A los 3′, Ousmane Dembélé abrió el marcador tras finalizar un gran contragolpe de Kvaratskhelia, quien llegó hasta el fondo del campo rival y sacó un pase hacia atrás para que el francés fusile a Manuel Neuer, arquero del gigante alemán.

Tras ello, Bayern buscó la manera de emparejar la balanza y adelantó sus líneas en campo rival. Eso le permitió al PSG encontrar espacios y llevar peligro en más de una ocasión, aunque no pudo estirar su ventaja en la primera mitad del partido.

En le complemento, Bayern pisó el acelerador y tuvo ocasiones de lograr el empate con Luis Díaz y Olise. También buscó con balón parado; sin embargo, la defensa parisina estuvo atenta para defender y cuidar el cero.

Pero el empate llegó en la última jugada. Harry Kane giró de espaldas al arco y sacó un zurdazo para batir a Matvéi Safónov y colocar el 1-1 final a los 90+4′. Pese al esfuerzo, el PSG avanzó a la final con un global de 6-5 y enfrentará al Arsenal.

¡¡ARRANCÓ EL SHOW!! Centro atrás de Kvaratskhelia Y gran definición de Dembélé para el 1-0 (6-4 global) de PSG vs. Bayern Munich. ¡DOS MINUTOS DE JUEGO!

📺 Toda la

por

Plan Premium

DESCUENTO SOBRE EL FINAL: Harry Kane no perdonó y marcó el 1-1 (5-6) global de Bayern vs. PSG.

📺 Toda la

por

Plan Premium"
https://elcomercio.pe/deporte-total/champions-league/goles-del-partido-psg-vs-bayern-munich-hoy-por-semifinal-ida-de-champions-league-video-noticia/,Goles del partido PSG vs Bayern Munich hoy por semifinal ida de Champions League | VIDEO,PSG venció 5-4 al Bayern Munich y sacó ventaja en la semifinal de ida de la Champions League.,2026-04-28T22:36:06.127Z,"A los 24′, Kvaratskhelia sacó provecho de un gran pase de Doué y firmó un golazo frente al arco de Manuel Neuer. Minutos después, Neves conectó un cabezazo, tras un tiro de esquina, para batir otra vez al gigante alemán y darle ventaja a su equipo.

Cuando parecía que el local empezaba a dominar, el Bayern avisó otra vez: Michael Olise apareció con una gran jugada individual para marcar el 2-2 y darle más emoción al partido.

No obstante, en los descuentos, una mano de Davies fue avisado por el VAR. Ousmane Dembélé se encargó de cobrar la falta y poner el 3-2 con el que PSG saca ventaja en los primeros 45′.

En el complemento llegaron más goles. Kvaratskhelia (56′) y Dembélé (58′) marcaron rápido para el PSG, pero Upamecano (65′) y Luis Díaz (68′) descontaron para el Bayern. Al final, el marcador terminó 5-4 a favor de los parisinos, que ahora deberán visitar el Allianz Arena para definir al primer finalista de la Champions League."
https://elcomercio.pe/deporte-total/champions-league/goles-del-partido-psg-vs-liverpool-hoy-por-cuartos-de-final-de-champions-league-video-noticia/,Goles del partido PSG vs Liverpool hoy por cuartos de final de Champions League | VIDEO,"Con goles de Désiré Doué y Khvicha Kvaratskhelia, PSG venció 2-0 al Liverpool y sacó ventaja en la ida de los cuartos de final de la Champions League.",2026-04-08T20:52:48.621Z,"PSG sacó ventaja frente al Liverpool tras imponerse 2-0 en la ida de los cuartos de final de la Champions League. El cuadro parisino se impuso con goles de Désiré Doué y Khvicha Kvaratskhelia, quienes fueron deciviso en los metros finales para asegurar la victoria de su equipo.

El triunfo empezó a gestarse a los 11′, cuando Doué apareció para colocar el 1-0 en el Parque de los Príncipes y vencer la resistencia del rival. El delantero francés recibió el balón dentro del área, amagó a su marcador y sacó un derechazo que sorprendió al arquero Giorgi Mamardashvili.

En el complemento, Kvaratskhelia fue el encargado de poner el 2-0 a los 65′. En una gran jugada individual, el volante del PSG eludió a su defensor en el área y remató fuerte para desatar la locura en París.

Con ello, PSG venció 2-0 al Liverpool en el Parquer de los Príncipes y definirá su clasificación a las semifinales de la Champions League la próxima semana en Anfield.

¡UNA CHANCE Y FUE GOL! Desiré Doué se generó el espacio, remató y gracias al desvío en Gravenberch llegó el primero de PSG vs. Liverpool por los cuartos de final de la

.

📺 Toda la

por

Plan Premium

¡¡SANGRE FRÍA PARA KHVICHA!! Kvaratskhelia no se puso nervioso, engañó a Mamardashvili con un regate dentro del área y anotó un GOLAZO para el 2-0 de PSG vs. Liverpool.

📺 Toda la

por

Plan Premium"
https://elcomercio.pe/deporte-total/champions-league/hbo-max-en-vivo-online-donde-ver-atletico-madrid-vs-barcelona-hoy-gratis-via-tnt-sports-max-por-cuartos-de-final-vuelta-de-champions-league-video-noticia/,"Goles del partido, Atlético Madrid vs Barcelona (1-2) por cuartos de final de Champions League | VIDEO","Barcelona derrotó 2-1 a Atlético Madrid por el partido de vuelta por cuartos de final de Champions League en el Estadio Riyadh Air Metropolitano, pero no le alcanzó para superar la llave.",2026-04-14T21:22:12.505Z,"El Atlético de Madrid eliminó hoy, 14 de abril de 2026, al FC Barcelona de la UEFA Champions League tras imponerse en el partido de vuelta de los cuartos de final. Aunque el Barcelona ganó el encuentro de hoy por 1-2, el resultado global favoreció al equipo rojiblanco (3-2) debido a su victoria por 0-2 en la ida celebrada en el Camp Nou."
https://elcomercio.pe/deporte-total/champions-league/hbo-max-en-vivo-online-donde-ver-real-madrid-vs-bayern-munich-hoy-gratis-via-tnt-sports-max-por-cuartos-de-final-de-champions-league-video-noticia/,"Goles del partido, Real Madrid vs Bayern (1-2) por cuartos de final IDA de Champions League | VIDEO",Real Madrid cayó 1-2 ante Bayern Múnich por cuartos de final de Champions League en el estadio Santiago Bernabéu.,2026-04-08T16:46:18.117Z,"Bayern Múnich asaltó el Santiago Bernabéu con un 2-1 al Real Madrid, este martes en la ida de cuartos de la Liga de Campeones, un duelo en el que relució la leyenda de la portería alemana Manuel Neuer. Los goles del colombiano Luis Díaz (41′) y Harry Kane (46′) dieron el triunfo al Bayern frente a un Real Madrid que se rebeló en la recta final con un gol de Kylian Mbappé (74′). Con este triunfo bávaro por la mínima, el choque de las 21 Copas de Europa -15 el Real Madrid, seis el Bayern- queda abierto para el partido de vuelta, el miércoles en el Allianz Arena."
https://elcomercio.pe/deporte-total/champions-league/liverpool-vs-galatasaray-en-vivo-online-gratis-via-espn-horarios-canal-tv-y-donde-ver-partido-de-vuelta-de-octavos-de-final-de-champions-league-noticia/,Liverpool vs Galatasaray (4-0): resumen y goles del partido de vuelta por Champions League | VIDEO,Liverpool goleó 4-0 a Galatasaray por el partido de vuelta de octavos de final de la Champions League en Anfield.,2026-03-19T06:37:02.419Z,"Liverpool goleó 4-0 al Galatasaray este miércoles en Anfield y selló con contundencia su boleto a los cuartos de final de Liga de Campeones, donde se enfrentará al Paris Saint-Germain.

Los goles del húngaro Dominik Szoboszlai (25′), del francés Hugo Ekitike (52′), del neerlandés Jeremie Frimpong (53′) y del egipcio Mohamed Salah (62′) sirvieron para dar la vuelta al 1-0 encajado la semana pasada en Turquía.

El enfrentamiento de cuartos de final contra el PSG tendrá sabor de revancha para los Reds, tras caer la temporada pasada en los octavos contra los parisinos en los penales, luego de una emocionante y ajustada eliminatoria.

“Es un gran equipo pero hoy hemos demostrado que somos capaces de todo”, valoró para TNT Sports Szoboszlai sobre el PSG.

“No puedo esperar a que llegue el momento”, declaró por su parte Ekitike, exjugador parisino.

Obligado a reaccionar tras caer en Estambul, los hombres entrenados por el cuestionado Arne Slot saltaron al césped enchufados y volcados hacia la portería rival.

El argentino Alexis MacAllister sorprendió a la defensa turca con un saque de esquina raso hacia el centro del área, un servicio bien aprovechado por Szoboszlai, que llegaba en carrera y soltó un latigazo directo al lado izquierdo de la portería.

El gol hacía justicia al amplio dominio local hasta en la primera mitad, en la que el guardameta Urgurcan Cakir mantuvo a los suyos con vida con varias paradas clave.

Tres de ellas llegaron contra el egipcio Mohamed Salah, para quien el arquero turco fue una pesadilla.

El guardameta le detuvo un cara a cara (29′) pero sobre todo salvó un penal disparado por el egipcio (45+4′) tras una falta de Ismail Jakobs sobre Szoboszlai en el área.

Segundos después, Cakir volvió a brillar con doble atajada a Salah y Florian Wirtz (45+5′), quien había contado con otra gran ocasión lanzada por encima del larguero (31′). En total, los Reds pusieron rumbo al vestuario con la impresión de haber perdonado demasiado.

“Podríamos haber ganado 10-0. Hemos fallado algunas ocasiones pero hemos jugado bien, podemos estar orgullosos”, declaró Ekitike a TNT Sports.

El segundo tiempo arrancó en la misma línea, con una nueva atajada de Cakir a Salah (50′), pero el egipcio se cobró segundos después una venganza parcial, asistiendo a Ekitike para poner por primera vez en la eliminatoria al Liverpool por delante.

Ese momento fue perfectamente interpretado por la grada de Anfield, que coreó el nombre del egipcio para animarle pese a lo aciaga de su noche hasta ese momento.

El segundo gol dejó noqueada a la defensa visitante, que concedió un nuevo disparo de Salah, bloqueada por Cakir, pero cuyo rebote aprovechó Gravenberch para anotar el tercero.

Pero en la goleada faltaba todavía el nombre de Salah, máximo goleador histórico del Liverpool en Liga de Campeones. Y en una noche en la que había fallado ocasiones claras, su alivio llegó en forma de golazo.

Una combinación rápida en el borde del área con Wirtz dejó de vuelta el balón a los pies del egipcio, quien envió un zurdazo directamente a la escuadra, logrando por fin una sonrisa de alivio mientras señalaba el escudo en su camiseta.

La diana supuso su 50º gol en Champions, 47 de ellos anotados con la casaca roja.

El poste izquierdo evitó un segundo tanto de Salah (68′) y por enésima vez Cakir realizó una atajada salvadora a Mac Allister (68′).

Fue la última acción destacada del egipcio, que pidió el cambio y se fue directamente al banquillo por una posible lesión (74′).

Con la eliminatoria completamente decidida, el encuentro bajó de revoluciones y Liverpool avanzó a cuartos con una renovada moral.

El partido Liverpool vs Galatasaray se jugará el miércoles 18 de marzo en los siguientes horarios:

El duelo corresponde a la revancha de los octavos de final de la Champions League.

La transmisión del partido estará disponible en Sudamérica a través de Disney+ Premium y también por señales de ESPN, según la programación de cada país.

Además, podrás seguir el minuto a minuto online en plataformas deportivas que cubrirán todas las incidencias del encuentro.

Liverpool afronta este partido con la obligación de revertir la serie tras caer en el partido de ida. El equipo dirigido por Arne Slot necesita mejorar su rendimiento defensivo y recuperar su eficacia ofensiva para lograr la remontada.

En la previa, los ‘Reds’ llegan con dudas tras algunos resultados irregulares en su liga local, lo que aumenta la presión de cara a este decisivo compromiso europeo.

Galatasaray llega con confianza tras imponerse en el primer partido y con la intención de sostener la ventaja en Anfield.

El equipo turco atraviesa un gran momento, líder en su liga y con una propuesta ofensiva que ya le permitió sorprender a Liverpool en la ida.

En el primer duelo disputado en Turquía, Galatasaray se impuso por 1-0 gracias a un gol de Mario Lemina, resultado que deja la serie abierta de cara a la revancha.

Ese marcador obliga a Liverpool a ganar por al menos un gol para forzar el alargue o por dos para clasificar directamente a cuartos de final.

El ganador de esta llave avanzará a los cuartos de final de la Champions League, manteniendo vivo el sueño de conquistar el título europeo.

Liverpool buscará una noche épica en Anfield, mientras que Galatasaray intentará resistir y confirmar su clasificación en uno de los escenarios más difíciles del continente."
https://elcomercio.pe/deporte-total/champions-league/liverpool-vs-psg-en-vivo-gratis-hoy-hora-canal-tv-y-donde-ver-partido-de-vuelta-por-cuartos-de-final-de-champions-league-video-noticia/,Liverpool vs PSG (0-2): resumen y goles del partido por cuartos de final vuelta de Champions League | VIDEO,Liverpool cayó 0-2 ante PSG por el partido de vuelta de cuartos de final por Champions League en el Estadio Riyadh Air Metropolitano.,2026-04-14T21:25:16.301Z,"PSG avanzó a las semifinales de la UEFA Champions League 2025-26 tras derrotar al Liverpool con un marcador global de 4-0. En el partido de vuelta disputado hoy, 14 de abril de 2026, el conjunto parisino se impuso 2-0 en Anfield gracias a un doblete de Ousmane Dembélé.

El partido de vuelta entre Liverpool y PSG se disputa este

, en un duelo decisivo por los cuartos de final de la Champions League.

Estos son los horarios confirmados del partido según país:

El partido será transmitido por:

La cadena ESPN tiene los derechos de la Champions League en Latinoamérica, por lo que el encuentro estará disponible en televisión y también vía streaming oficial.

Si deseas ver el partido por internet, estas son las opciones:

Ambas plataformas permiten seguir el partido EN VIVO desde celulares, laptops, tablets o Smart TV con suscripción activa.

En México, el partido entre Liverpool FC y Paris Saint-Germain por la UEFA Champions League será transmitido por

en televisión, mientras que la opción para verlo online será a través de

.

Los usuarios que cuenten con suscripción activa podrán seguir el encuentro EN VIVO desde cualquier dispositivo, incluyendo celulares, Smart TV y computadoras. Esta es la vía oficial para ver la Champions League en territorio mexicano.

En Estados Unidos, el duelo entre Liverpool FC y Paris Saint-Germain se podrá ver a través de

en televisión en inglés y

en español.

Para verlo online, las opciones disponibles son

(en inglés) y

(en español), plataformas que cuentan con los derechos oficiales de la UEFA Champions League en ese país.

El partido de

se disputará en el mítico estadio Anfield, casa del Liverpool, donde los ingleses buscarán una remontada histórica ante su público.

El PSG parte como favorito tras su victoria 2-0 en la ida, lo que le permite manejar la serie con mayor tranquilidad. Sin embargo, el Liverpool confía en su fortaleza en Anfield para intentar la remontada.

Algunos pronósticos apuntan a un empate 1-1, resultado que clasificaría al equipo francés a semifinales con un global de 3-1.

El conjunto dirigido por Luis Enrique llega con ventaja y mejor momento, mientras que los ingleses están obligados a arriesgar desde el inicio. Se espera un partido intenso, con presión alta del Liverpool y un PSG listo para aprovechar los espacios al contraataque."
https://elcomercio.pe/deporte-total/champions-league/luis-enrique-iguala-record-de-pep-guardiola-y-zinadine-zidane-tras-campeonar-con-psg-en-champions-league-noticia/,Tras ganar la Champions League: Luis Enrique iguala récord de Guardiola y Zidane,El entrenador español conquistó su segundo título europeo consecutivo con el PSG e igualó la marca de Pep Guardiola y Zinedine Zidane en la Champions League.,2026-05-30T22:54:29.7Z,"Con esta consagración, el entrenador alcanzó su tercera Champions League como director técnico. La primera la ganó en 2015 con Barcelona, mientras que las otras dos llegaron al mando del PSG en las temporadas 2024-25 y 2025-26.

El nuevo título también le permitió igualar a Pep Guardiola y Zinedine Zidane, ambos con tres coronas europeas. Por encima de ellos solo aparece Carlo Ancelotti, quien lidera el ranking histórico con cinco títulos entre AC Milan y Real Madrid.

La temporada del PSG fue prácticamente perfecta. Además de la Champions League, el club parisino ganó la Ligue 1, la Supercopa de Europa, la Supercopa de Francia y la Copa Intercontinental, cerrando el año con cinco trofeos en sus vitrinas.

Tras la final, Luis Enrique destacó lo que significa este logro para la historia del club francés. “La primera fue histórica. La segunda lo va a ser más. París y el PSG necesitaban meterse en el grupo de los mejores equipos”, señaló el entrenador español luego de una nueva noche inolvidable para el cuadro parisino."
https://elcomercio.pe/deporte-total/champions-league/noa-lang-y-su-reaccion-tras-sufrir-corte-en-el-dedo-en-partido-liverpool-vs-galatasaray-estas-cosas-pasan-noticia/,“Estas cosas pasan”: Noa Lang y su reacción tras sufrir corte en el dedo en partido contra Liverpool,"El futbolista de Galatasaray, Noa Lang, sufrió un profundo corte en el dedo tras estrellarse contra una barrera publicitaria en el partido contra Liverpool, por Champions League.",2026-03-19T16:19:52.199Z,"En un comunicado, el club turco reveló el estado de salud de su futbolista. “Nuestro jugador

, que sufrió una lesión en la segunda parte del mismo partido, sufrió un corte grave en el pulgar derecho y está previsto que sea operado en Liverpool en las próximas horas con la presencia de nuestro equipo médico"", informó el club.

Lang fue operado en una clínica y se mostró optimista en su cuenta oficial de Instagram. “Estas cosas pasan. La operación fue un éxito”, escribió el futbolista neerlandés en sus redes sociales, acompañado de una foto suya en camilla.

Tras conocer su situación. Noa Langa ha recibido toda clase de apoyo de sus compañeros de equipo. Asimismo, los hinchas de Galatasary le hicieron llegar mensajes de aliento y cariño en sus redes sociales, deseándole pronta recuperación.

Lang se viene recuperando de lo ocurrido y es cuestión de tiempo para que vuelva a sumarse a las filas del equipo."
https://elcomercio.pe/deporte-total/champions-league/psg-se-corono-bicampeon-de-la-uefa-champions-league-tras-superar-al-arsenal-en-la-tanda-de-penales-fotos-noticia/,PSG se coronó bicampeón de la UEFA Champions League tras superar al Arsenal en la tanda de penales | FOTOS,PSG revalidó su dominio en Europa de la mano de Luis Enrique y sumó una nueva ‘Orejona’ en sus vitrinas.,2026-05-30T19:51:06.822Z,"Kai Havertz abrió el marcador a favor de Arsenal a los cinco minutos de juego. (Photo by INA FASSBENDER / AFP)

Ousmane Dembélé igualó el duelo tras un preciso disparo desde el punto penal. (Photo by INA FASSBENDER / AFP)

Gabriel Magalhaes erró el penal decisivo para la consagración de PSG. (Photo by Odd ANDERSEN / AFP)

Los jugadores de Arsenal desolados tras perder la final de la Champions League. (Photo by Attila KISBENEDEK / AFP)

Luis Enrique ganó su segunda 'Orejona' consecutiva, y al tercera en su carrera como entrenador. (Photo by FRANCK FIFE / AFP)

Marquinhos, el líder del PSG, presume su segunda Champions League. (Photo by Odd ANDERSEN / AFP)

PSG campeón de la UEFA Champions League. Sumó su segunda 'Orejona' consecutiva. (Photo by FRANCK FIFE / AFP)"
https://elcomercio.pe/deporte-total/champions-league/psg-vs-arsenal-fecha-hora-y-canales-tv-para-ver-final-de-champions-league-noticia/,"PSG vs Arsenal: fecha, hora y canales TV para ver final de Champions League","PSG vs Arsenal: conoce cuándo, a qué hora y en qué canales ver la final de Champions League en el Puskás Aréna de Budapest, Hungría.",2026-05-06T20:59:37.72Z,"La gran final de la

Final 2026 ya está definida. PSG y Arsenal se enfrentarán por el título más importante de Europa en un duelo que promete emociones de principio a fin. Aquí te contamos cuándo se juega, a qué hora inicia y dónde ver el partido EN VIVO por TV y streaming.

La final entre PSG vs Arsenal se disputará el sábado 30 de mayo de 2026. El encuentro definirá al nuevo campeón de Europa en una temporada llena de emociones y marcará una final inédita entre ambos clubes en la competición.

La final de la UEFA Champions League Final 2026 se jugará en el Puskás Aréna de Budapest, Hungría.

Este moderno estadio es uno de los escenarios más importantes de Europa y albergará a miles de aficionados para el partido más esperado del calendario futbolístico europeo.

Estos son los horarios confirmados para la final de la Champions League 2026 en distintos países:

La transmisión oficial de la final entre PSG vs Arsenal será a través de diferentes señales según el país:

Si deseas seguir la final de PSG vs Arsenal vía streaming, estas son las plataformas disponibles:

La final entre PSG vs Arsenal paralizará al mundo del fútbol con dos equipos que buscan escribir una nueva página dorada en la historia de la Champions League."
https://elcomercio.pe/deporte-total/champions-league/psg-vs-arsenal-marquinhos-consolo-a-gabriel-tras-fallar-el-penal-en-la-final-de-la-champions-league-noticia/,Marquinhos consoló a Gabriel tras fallar el penal en la final de la Champions League,"El capitán del PSG dejó de lado la celebración del bicampeonato europeo para abrazar a su compatriota brasileño, que erró el disparo decisivo con Arsenal.",2026-05-30T19:42:27.746Z,"Mientras sus compañeros corrían a celebrar el bicampeonato europeo, el capitán parisino eligió primero abrazar a su compañero de selección. Gabriel quedó golpeado tras errar el último disparo de los ingleses y Marquinhos no dudó en acercarse para animarlo.

El gesto rápidamente se volvió viral en redes sociales y fue destacado por hinchas y medios de todo el mundo. En un momento de máxima tensión y felicidad para PSG, el defensor brasileño mostró que la amistad y el compañerismo también tienen espacio en el fútbol de élite.

La escena dejó una de las postales más humanas de la final europea. Más allá de la rivalidad y de la gloria conseguida por el PSG, Marquinhos recordó que del otro lado también había un compañero viviendo uno de los momentos más duros de su carrera.

EL CONSUELO DE MARQUINHOS PARA GABRIEL

El defensor del Arsenal desvió el último penal de su equipo en la tanda y PSG terminó levantando la

. Su compatriota fue a consolarlo tras la ejecución."
https://elcomercio.pe/deporte-total/champions-league/psg-vs-bayern-munich-en-vivo-online-hoy-via-espn-disney-plus-tnt-sports-hora-canal-tv-y-donde-ver-partido-por-semifinal-ida-de-champions-league-noticia/,PSG vs Bayern Munich (5-4): resumen y goles del partido por la semifinal ida de la Champions League | VIDEO,PSG venció 5-4 al Bayern Munich en el Parque de los Príncipes por la semifinal ida de la Champions League.,2026-04-28T22:44:54.276Z,"A los 24′, Kvaratskhelia sacó provecho de un gran pase de Doué y firmó un golazo frente al arco de Manuel Neuer. Minutos después, Neves conectó un cabezazo, tras un tiro de esquina, para batir otra vez al gigante alemán y darle ventaja a su equipo.

Cuando parecía que el local empezaba a dominar, el Bayern avisó otra vez: Michael Olise apareció con una gran jugada individual para marcar el 2-2 y darle más emoción al partido.

No obstante, en los descuentos, una mano de Davies fue avisado por el VAR. Ousmane Dembélé se encargó de cobrar la falta y poner el 3-2 con el que PSG saca ventaja en los primeros 45′.

En el complemento llegaron más goles. Kvaratskhelia (56′) y Dembélé (58′) marcaron rápido para el PSG, pero Upamecano (65′) y Luis Díaz (68′) descontaron para el Bayern. Al final, el marcador terminó 5-4 a favor de los parisinos, que ahora deberán visitar el Allianz Arena para definir al primer finalista de la Champions League.

El partido de

por la semifinal ida de la Champions League empieza a las 2:00 PM de Perú y 9:00 PM de España este martes 28 de abril del 2026 en el estadio Parque de los Príncipes.

El partido de

será transmitido a través de

para todo el Perú y Sudamérica

por la ida de la semifinal de la Champions League. Por otro lado, en

podrás ver el partido por televisión y streaming a través de

Luego,

, la transmisión del partido va a través de

Y

, los canales que pasan el partido son:

el partido de

transmitido a través de

mediante cable y streaming por la semifinal de Champions League.

, el partido va a través de

el partido de

transmitido a través de

por la ida de la semifinal de la Champions League.

el partido de

transmitido a través de

al igual que en toda Sudamérica por la ida de la semifinal de la Champions League.

En Estados Unidos,

transmitido a través de

por la ida de la semifinal de la Champions League."
https://elcomercio.pe/deporte-total/champions-league/psg-vs-chelsea-en-vivo-hoy-via-espn-fox-sports-disney-plus-horarios-canales-tv-y-donde-ver-partido-por-octavos-de-final-de-champions-league-noticia/,PSG vs. Chelsea (5-2): resumen y goles del partido por octavos ida de la Champions League | VIDEO,PSG venció al Chelsea en el Parque de los Príncipes y sacó ventaja por los octavos de final de la Champions League.,2026-03-11T22:04:54.127Z,"El

golpeó primero en los octavos de final de la

al derrotar 5-2 al

en el Parque de los Príncipes. El equipo francés aprovechó su contundencia en los momentos clave y se quedó con una victoria que lo deja con ventaja antes del partido de vuelta en Inglaterra.

El PSG salió decidido desde el arranque y encontró el primer gol a los 10‘ gracias a Bradley Barcola, que aprovechó una buena jugada colectiva para abrir el marcador. El Chelsea reaccionó y logró empatar a través de Malo Gusto a los 28’, pero antes del descanso Ousmane Dembélé volvió a adelantar al conjunto parisino, que se fue al entretiempo con ventaja.

En la segunda mitad el partido se volvió de ida y vuelta. Enzo Fernández puso el 2-2 para los ingleses a los 57’ y parecía que el Chelsea podía llevarse un resultado valioso de París. Sin embargo, el PSG volvió a imponer su ritmo y encontró espacios en la recta final del encuentro.

Primero Vitinha marcó el 3-2 a los 74’, y cuando el duelo ya se apagaba apareció Khvicha Kvaratskhelia para sellar la victoria en los últimos minutos con un doblete (86′ y 90+4′). Con este resultado, el campeón francés toma una ventaja importante en la eliminatoria y viajará a Londres con la misión de confirmar su pase a los cuartos de final del torneo europeo.

El partido de

por la ida de los octavos de final de la Champions League empieza a las 3:00 PM de Perú este miércoles 11 de marzo del 2026.

La transmisión del partido entre

por la ida de octavos de final de la Champions League será transmitido en

. Por otro lado, en

Luego,

, la transmisión del partido va a través de

Y

, los canales que pasan el partido son:

El compromiso se disputará en el

, estadio ubicado en París y casa del PSG. El recinto tiene capacidad para más de

y es reconocido por el intenso ambiente que generan los aficionados locales.

El ganador de la serie avanzará a los

, manteniéndose en la lucha por el título del torneo de clubes más importante de Europa."
https://elcomercio.pe/deporte-total/champions-league/psg-vs-liverpool-en-vivo-online-gratis-via-espn-fox-one-movistar-plus-a-que-hora-juega-hoy-canales-tv-y-donde-ver-partido-por-cuartos-de-final-de-champions-league-video-noticia/,PSG vs Liverpool (2-0): resumen y goles del partido por Champions League | VIDEO,PSG derrotó 2-0 a Liverpool por el partido de ida por cuartos de final de la Champions League desde el Estadio Parque de los Príncipes.,2026-04-08T21:09:32.99Z,"PSG derrotó 2-0 a Liverpool FC este 8 de abril de 2026 en la ida de los cuartos de final de la UEFA Champions League. Désiré Doué abrió el marcador a los 11 minutos, mientras que Khvicha Kvaratskhelia amplió la ventaja en el segundo tiempo. El conjunto parisino dominó el encuentro en el Parque de los Príncipes, dejando a los ingleses con la obligación de remontar. La vuelta se jugará el martes 14 de abril en Anfield."
https://elcomercio.pe/deporte-total/champions-league/sporting-lisboa-vs-arsenal-en-vivo-via-espn-a-que-hora-juegan-hoy-canal-tv-y-donde-ver-partido-por-cuartos-de-final-de-uefa-champions-league-noticia/,Sporting Lisboa vs Arsenal (0-1): resumen y goles del partido por cuartos de final IDA de Champions League | VIDEO,Sporting Lisboa cayó 0-1 ante Arsenal por el partido de ida de cuartos de final de la Champions League en el Estadio Jose Alvalade.,2026-04-07T21:13:31.141Z,"Con un gol en el tiempo añadido del alemán Kai Havertz, el Arsenal evitó una tercera decepción consecutiva y tomó ventaja en la ida de cuartos de final de la Liga de Campeones de Europa tras ganar 1-0 este martes al Sporting de Portugal en Lisboa.

Los líderes de la Premier League venían de perder en apenas dos semanas la final de la Copa de la Liga y su duelo de cuartos de FA Cup, pero lograron levantar cabeza ante un equipo que había ganado todos sus partidos como local en esta Champions.

El duelo fue decidido por dos jugadores que saltaron al campo desde el banco de suplentes: el brasileño Gabriel Martinelli sirvió a Havertz, que definió dentro del área en el minuto 91 para poner en ventaja a los londinenses antes de la vuelta en el Emirates.

El partido de

se jugará este martes 7 de abril de 2026 en el Estadio José Alvalade. Estos son los horarios según tu país:

Este encuentro corresponde a la ida de los cuartos de final y marcará el inicio de una serie clave en la Champions League.

En Perú, el partido será transmitido por ESPN y vía streaming en Disney+ (plan Premium).

Los fanáticos podrán seguir el duelo tanto en TV por cable como en dispositivos móviles y Smart TV.

En la mayoría de países de Sudamérica, la transmisión estará a cargo de:

Esto permite ver la Champions League en vivo tanto por señal tradicional como en streaming.

En México, los derechos de la UEFA Champions League pertenecen a HBO Max, por lo que el partido será transmitido exclusivamente por esta plataforma.

En Estados Unidos, el encuentro podrá verse a través de:

También existe cobertura en español mediante Univision y sus plataformas digitales.

En España, la Champions League es transmitida por Movistar Plus+, que ofrecerá el partido en vivo a través de sus canales deportivos.

El equipo de Londres llega con la presión de conseguir un buen resultado fuera de casa, mientras que el conjunto portugués intentará hacerse fuerte ante su hinchada.

Este primer enfrentamiento será determinante para encaminar la serie, en una Champions League que cada vez entra en su fase más decisiva."
https://elcomercio.pe/deporte-total/champions-league/sporting-lisboa-vs-bodoglimt-en-vivo-gratis-hoy-via-espn-tnt-sports-max-horarios-canales-tv-y-donde-ver-partido-por-octavos-vuelta-de-champions-league-noticia/,¡Remontada épica! Sporting Lisboa goleó 5-0 a Bodo/Glimt y clasificó a cuartos de final de la Champions League | VIDEO,"Sporting Lisboa tuvo una noche memorable al golear 5-0 a Bodo/Glimt y voltear la serie 5-3 en el Estadio Jose Alvalade. Con ello, avanzaron a cuartos de final de la Champions League.",2026-03-17T21:52:31.855Z,"firmó una noche memorable en la Champions League al golear 5-0 al

en el estadio José Alvalade y sellar una remontada épica en los octavos de final. El equipo portugués llegaba con un duro 0-3 en contra de la ida, pero respondió con carácter para dar vuelta la serie y meterse en los cuartos de final con un global de 5-3.

El partido comenzó con un Sporting decidido a cambiar la historia desde el primer minuto. Tras insistir durante toda la primera mitad, el gol llegó a los 34’ con un cabezazo de Gonçalo Inácio, que encendió a la hinchada. Ya en el complemento, Pedro Gonçalves amplió la ventaja y el equipo local empezó a creer en la remontada.

El momento clave llegó a los 78‘, cuando Luis Suárez convirtió de penal y empató la serie, llevando el partido al tiempo extra. Bodo/Glimt, que había sorprendido en la ida, no logró sostener la presión en Lisboa y comenzó a ceder ante el empuje constante de los portugueses.

En la prórroga, el Sporting terminó de escribir la hazaña. Maxi Araújo marcó el cuarto apenas iniciado el tiempo extra y, cuando el partido se apagaba, Rafael Nel selló el 5-0 definitivo. Fue una remontada total, impulsada por el aliento del público, que deja al equipo luso entre los ocho mejores de Europa y pone fin al sueño del conjunto noruego.

El partido de

por la vuelta de los octavos de final de la Champions League empieza a las 12:45 PM de Perú este martes 17 de marzo del 2026.

La transmisión del partido entre

por la vuelta de octavos de final de la Champions League será transmitido en

. Por otro lado, en

Luego,

, la transmisión del partido va a través de

Y

, los canales que pasan el partido son:

El compromiso se disputará en el

, estadio ubicado en Lisboa y casa del Sporting Lisboa. El recinto tiene capacidad para más de

y es reconocido por el intenso ambiente que generan los aficionados locales.

El ganador de la serie avanzará a los

, manteniéndose en la lucha por el título del torneo de clubes más importante de Europa."
https://elcomercio.pe/deporte-total/champions-league/tarjeta-roja-a-pau-cubarsi-hoy-con-barcelona-vs-atletico-madrid-por-champions-league-video-noticia/,Tras revisión del VAR: Pau Cubarsí se fue expulsado y dejó con uno menos al Barcelona vs Atlético Madrid | VIDEO,"A los 43′, Pau Cubarsí recibió la tarjeta roja por una falta contra Giuliano Simeone y dejó al Barcelona con diez jugadores ante Atlético Madrid.",2026-04-08T19:59:20.628Z,"Barcelona sufrió la expulsión de Pau Cubarsí en su mejor momento durante el partido ante Atlético Madrid, por la ida de los cuartos de final de la Champions League. Todo sucedió casi al final del primer tiempo, cuando Julián Álvarez lanzó un pase a la espalda de los defensores azulgranas y hablitó a Giuliano Simeone, quien encaró con destino de gol. Justo allí lo cruzó Cubarsí, quien derribó al argentino y el juez sancionó la falta. En un principio le mostró la amarilla; sin embargo, tras revisión del VAR, se cambió por tarjeta roja y el central español dejó a su equipo con 10 jugadores.

¡¡BARCELONA CON 10 ANTES DEL CIERRE DEL PRIMER TIEMPO!! EXPULSADO CUBARSÍ POR ESTA ACCIÓN SOBRE GIULIANO SIMEONE.

📺 Toda la

por

Plan Premium"
https://elcomercio.pe/deporte-total/champions-league/tottenham-vs-atletico-madrid-en-vivo-online-gratis-horarios-canal-tv-y-donde-ver-partido-de-vuelta-de-octavos-de-final-de-champions-league-noticia/,Tottenham vs Atlético Madrid (3-2): resumen y goles del partido de vuelta por Champions League | VIDEO,Tottenham derrotó 3-2 a Atlético Madrid por el partido de vuelta de octavos de final de la Champions League en el Tottenham Hotspur Stadium.,2026-03-19T06:34:24.903Z,"Atlético de Madrid se clasificó para los cuartos de final de la Liga de Campeones pese a perder 3-2 en el campo del Tottenham, este miércoles en la vuelta de los octavos de final de la Liga de Campeones, donde los españoles hicieron valer su triunfo 5-2 de la ida.

El francés Randal Kolo Muani (30′) y el neerlandés Xavi Simons (52′, 90′) firmaron los tantos de los ingleses, mientras que para los visitantes anotaron argentino Julián Álvarez (48′) y el eslovaco David Hancko (75′). El Tottenham se quedó por lo tanto a dos goles de forzar la prórroga.

España se asegura ya tener un equipo en semifinales de esta Champions ya que el Atlético desafiará en cuartos al Barcelona, que eliminó unas horas antes al Newcastle.

El partido entre Tottenham vs Atlético Madrid se jugará el miércoles 18 de marzo en los siguientes horarios:

El encuentro corresponde a la revancha de los octavos de final de la Champions League.

La transmisión del partido estará disponible en Sudamérica a través de ESPN y Disney+ Premium, que cuenta con los derechos de la Champions League.

En otros países, el compromiso también podrá verse por distintas señales deportivas y plataformas de streaming autorizadas.

Tottenham afronta este partido con la obligación de remontar una diferencia de tres goles tras la dura derrota sufrida en el encuentro de ida.

El equipo dirigido por Igor Tudor no atraviesa su mejor momento, incluso peleando en la parte baja de la Premier League, por lo que este duelo representa una gran oportunidad para cambiar su imagen en la temporada.

Atlético de Madrid llega con ventaja tras imponerse 5-2 en la ida, resultado que lo deja muy cerca de los cuartos de final.

El conjunto dirigido por Diego Simeone ha mostrado solidez y eficacia ofensiva en la serie, apoyado en figuras como Antoine Griezmann y Julián Álvarez, quienes fueron claves en el primer encuentro.

En el partido disputado en Madrid, el Atlético goleó 5-2 al Tottenham, aprovechando errores defensivos del equipo inglés y mostrando contundencia en ataque.

Ese resultado obliga a los Spurs a ganar por al menos tres goles para forzar la prórroga, o por más para clasificar directamente.

El ganador de esta llave avanzará a los cuartos de final de la Champions League, instancia donde se enfrentará a otro de los equipos clasificados en esta fase decisiva del torneo.

Tottenham buscará una remontada épica en casa, mientras que Atlético intentará sostener su ventaja y seguir en carrera por el título europeo."
https://elcomercio.pe/deporte-total/champions-league/upamecano-se-fallo-el-primero-de-bayern-munich-sobre-real-madrid-por-champions-league-noticia/,¡Estaba solo! Upamecano se falló el primero de Bayern Múnich sobre Real Madrid por Champions League | VIDEO,El defensor francés no pudo conectar correctamente el balón y se perdió el primero del partido.,2026-04-07T19:24:56.088Z,"Real Madrid recibe a Bayern Múnich en el Estadio Santiago Bernabéu, este martes 7 de abril, por el partido de ida de los cuartos de final de la UEFA Champions League. En los primeros minutos de juego, Dayot Upamecano se falló el primero del partido.

En el minuto nueve, Harry Kane pivoteó para encontrar al defensor completamente solo ante la salida de Lunin. Upamecano no golpeó correctamente el balón, y pudo ser rechazado por Carreras.

¿CÓMO NO LO HIZO? ¡INCREÍBLE EL GOL QUE SE PERDIÓ UPAMECANO PARA BAYERN MUNICH VS. REAL MADRID!

📺 Toda la

por

Plan Premium"
https://elcomercio.pe/deporte-total/champions-league/william-saliba-sorprende-con-noble-gesto-hacia-un-recogepelotas-tras-el-partido-por-champions-league-video-noticia/,William Saliba sorprende con noble gesto hacia un recogepelotas tras el partido por Champions League | VIDEO,"William Saliba, defensor del Arsenal dejó una imagen de respeto y humildad al final del encuentro, protagonizando un momento que rápidamente se volvió viral en redes sociales.",2026-03-18T16:53:16.903Z,"El futbolista francés William Saliba fue protagonista de una escena que ha dado la vuelta al mundo, no por una jugada dentro del campo, sino por su comportamiento fuera de él. Tras el pitido final, el defensor decidió tener un gesto especial con un recogepelotas, mostrando una actitud que fue aplaudida por aficionados.

En medio de la tensión propia del partido, el joven recogepelotas había estado involucrado en una acción previa con el jugador, lo que generó cierta polémica durante el encuentro. Sin embargo, lejos de mantener cualquier tipo de molestia, Saliba optó por cerrar el episodio con un acto de deportividad.

Al finalizar el compromiso, el central se acercó al menor y le entregó la camiseta que utilizó durante el partido, un gesto que transformó completamente el momento y evidenció su calidad humana. La acción fue captada por cámaras y rápidamente se viralizó en redes sociales.

La reacción de los aficionados no se hizo esperar, destacando la humildad del jugador del Arsenal y calificando el gesto como un ejemplo de fair play. Más allá del resultado, la imagen dejó una lección de respeto y valores dentro del fútbol profesional."
https://elcomercio.pe/deporte-total/espana/llego-el-campeon-del-mundo-espana-volvio-a-casa-tras-conquistar-su-segunda-corona-video-noticia/,¡Llegó el campeón del mundo! España volvió a casa tras conquistar su segunda corona | VIDEO,"El equipo de Luis de la Fuente aterrizó en la capital española con la Copa del Mundo, tras vencer en la final 1-0 a Argentina.",2026-07-20T15:11:00.872Z,"Los dirigidos por Luis de la Fuente llegaron a Madrid con la Copa del Mundo en manos de Rodri Hernández, una de las grandes figuras del campeonato. El mediocampista fue determinante durante todo el torneo y cerró su participación con una destacada actuación en la final, lo que le permitió ser reconocido como Balón de Oro del Mundial.

La selección de España, campeona del Mundial tras vencer a Argentina en la final, aterrizó este lunes a las 14:25 horas en el aeropuerto Adolfo Suárez Madrid-Barajas, procedente de Nueva York. Encabezada por el seleccionador Luis de la Fuente, la delegación llegó con el trofeo…

Tras salir del aeropuerto, los campeones abordaron un autobús con el mensaje “Enhorabuena campeones”, que los llevó hasta su hotel de concentración. Allí compartieron un almuerzo y descansaron antes de cumplir con una agenda especial que incluye una visita a la Casa Real y un encuentro con el presidente del Gobierno, Pedro Sánchez.

De acuerdo al itinerario, la gran celebración llegará por la tarde, cuando la selección recorra las principales calles de Madrid en un autobús descapotable. Miles de hinchas esperan el paso de los nuevos campeones del mundo, que finalizarán el recorrido en la tradicional Plaza de Cibeles."
https://elcomercio.pe/deporte-total/futbol-mundial/a-que-hora-juega-argentina-vs-espana-hoy-por-final-del-mundial-2026-noticia/,Gol de Ferrán Torres: España se consagra campeona del Mundial 2026 | VIDEO,España derrotó 1-0 a Argentina con gol de Ferrán Torres por la final del Mundial 2026 en el Estadio Nueva York Nueva Jersey.,2026-07-19T23:15:15.733Z,"al vencer 1-0 a Argentina en el Estadio MetLife. La selección española dominó la posesión frente a una Albiceleste fatigada. El portero Emiliano “Dibu” Martínez emergió como la gran figura argentina al salvar múltiples ocasiones claras. En el tiempo añadido (90+4′), Enzo Fernández fue expulsado por doble amarilla, dejando a Argentina con diez hombres. La paridad se rompió en el tiempo extra (minuto 106), cuando

con un zurdazo tras asistencia de Nico Williams. España logró así su segunda Copa del Mundo.

El partido Argentina vs. España por la final del Mundial 2026 comienza a la 2:00 PM (hora peruana) y 4:00 PM (hora de Argentina). Te dejamos todos los horarios, según país.

El

por la final del Mundial 2026 será transmitido a través de

en España por TV abierta, cable y streaming. Mientras que en Argentina, lo podrás ver a través de

.

Mientras que en el resto de Sudamérica, el partido de

será televisado por

Por otro lado,

el partido será transmitido a través de

el partido de la selección

se podrá ver por televisión en

Posteriormente, para países como:

el partido va por

y

otros canales locales, según el país.

Y

, lo transmite

La partido entre

por la final del Mundial 2026 será transmitido ONLINE por

Todas están disponibles en streaming para que lo veas desde tu PC, SmarTV, celular, tablet, etc."
https://elcomercio.pe/deporte-total/futbol-mundial/argentina-cuadro-por-cuadro-de-los-culpables-del-gol-de-espana-que-hicieron-nahuel-molina-y-giuliano-simeone-en-la-jugada-noticia/,Cuadro por cuadro de los culpables del gol de España: ¿Qué hicieron Molina y Simeone en la jugada?,Ferran Torres fue el autor del único gol de España para vencer 1-0 a Argentina en la final del Mundial 2026. Revisa aquí cómo se generó el gol y quiénes son los responsables.,2026-07-20T18:04:58.648Z,"El primer cuadro muestra a Lamine Yamal recibiendo la pelota por derecha, mientras que Argentina retrocede para defender. Simeone tiene referenciado a Torres, mientras que Molina sigue de cerca a Nico Williams, quien fue clave para asistir a su compañero en el gol.

Yamal da el pase hacia atrás para Pedro Porro, quien estaba perfilado, y este ya tenía en la cabeza lo que iba a hacer: centro al segundo palo para buscar a Williams, unicado a la espalda de Molina para recibir el lanzamiento de su compañero.

En este cuadro se puede ver mejor la jugada. Williams pica al espacio y le gana la espalda a Molina. La pelota va hacia esa dirección, generando una opción clara de peligro para España. Por otro lado, Simeone tiene cerca a Torres, pero no lo sigue.

La acción siguiente es clara: Simeone se revisa las medias, quizá confiado de que el balón iba a salir, mientras que Torres corre al espacio para esperar el balón. Y justamente eso es lo que ocurre, porque Williams le gana a Molina, cabecea hacia atrás y allí aparece el delantero del Barcelona para anotar.

Como se puede ver, Simone queda lejos de la jugada, sin tiempo a reacción y solo lamentándose de lo que acababa de pasar. Torres pudo controlar la pelota y anotar el 1-0 con el que España se coronó campeón del mundo. ¿Pudo el Dibu Martínez hacer algo más? Tal vez cortar la jugada, pero hay más responsabilidades en ese gol."
https://elcomercio.pe/deporte-total/futbol-mundial/casemiro-es-nuevo-jugador-del-inter-miami-y-jugara-con-lionel-messi-noticia/,Casemiro es nuevo jugador del Inter Miami y jugará con Lionel Messi,"Inter Miami refuerza su mediocampo con la llegada del experimentado brasileño Casemiro, multicampeón europeo y figura del fútbol mundial",2026-07-22T16:38:44.559Z,"anunció el fichaje del mediocampista brasileño, Casemiro, uno de los jugadores más exitosos de su generación. El volante llega como una incorporación de peso para el equipo de la MLS, que continúa sumando estrellas a su plantilla.

A new No. 5 is in the 305.

is Home. 🙌

Casemiro es reconocido a nivel mundial por su etapa en el Real Madrid, donde conquistó cinco títulos de la UEFA Champions League, consolidándose como uno de los mejores mediocampistas defensivos del fútbol moderno.

Tras su paso más reciente por el Manchester United, el brasileño inicia una nueva etapa en Estados Unidos, donde compartirá vestuario con figuras de talla mundial y aportará experiencia, liderazgo y jerarquía en el mediocampo.

Con este fichaje, Inter Miami refuerza su ambicioso proyecto deportivo y sigue posicionándose como uno de los equipos más atractivos del continente. La llegada de Casemiro no solo eleva el nivel competitivo del plantel, sino que también incrementa la expectativa de los aficionados de cara a los próximos desafíos."
https://elcomercio.pe/deporte-total/futbol-mundial/champions-league-el-camaleonico-psg-goleador-y-defensivo-ante-el-invicto-y-menos-goleado-arsenal-las-fuerzas-que-chocaran-en-la-final-por-la-orejona-noticia/,"El camaleónico PSG, goleador y defensivo, ante el invicto y menos goleado Arsenal: las fuerzas que chocarán en la final de la Champions League","El cuadro parisino supo defender bien e igualó 1-1 ante Bayern y enfrentará al Arsenal en la definición del título el próximo 30 de mayo en Budapest. El PSG va por su segundo título en tres finales, mientras que los ‘gunners’ nunca han levantado la Orejona.",2026-05-07T15:27:44.966Z,"Esperó más de 50 años para poder levantar la Orejona y ahora, por segundo año consecutivo tiene la chance de llevársela a casa una vez más. El PSG igualó 1-1 con el Bayern y se metió a la definición de la Champions donde enfrentará el 30 de mayo al Arsenal en Budapest.

En un duelo de potencias, sobrevivió el que mejor entendió lo vivido en el 5-4 de la ida, y ese fue Luis Enrique. El cuadro parisino salió bien parado y aprovechó dar el primer golpe, apenas en el minuto 3 tras un gran contragolpe de Kvaratskhelia y definición de Dembélé.

El PSG supo defender bien, con Vitinha atento a cada movida de Kimmich, con Nuno Mendes controlando a Olise y con los dos centrales Pacho y Marquinhos sin dejar jugar a Kane. Y con ‘Kvara’ y Doué generando peligro en cada ataque.

“No estamos acostumbrados a defender, pero hemos defendido como los ángeles y realmente hemos merecido pasar”, aseguró Luis Enrique. Tan buena fue la tarea que el central Pacho fue elegido como MVP del partido.

El PSG avanzó a su segunda final consecutiva y busca revalidar el título, como lo hizo el Real entre el 2016 y 2018.

La final ya está pactada: el PSG, cuadro que defiende el título, ante el Arsenal, ingleses que van por su primera Orejona.

**"
https://elcomercio.pe/deporte-total/futbol-mundial/como-en-sudafrica-2010-la-curiosa-cabala-secreta-que-capdevila-le-transmitio-a-cucurella-para-ser-campeon-con-espana-mundial-2026-noticia/,Como en Sudáfrica 2010: la curiosa cábala secreta que Capdevila le transmitió a Cucurella para ser campeón con España,"España conquistó el Mundial 2026 con una mezcla de fútbol, convicción... y una peculiar superstición. Marc Cucurella reveló que siguió un ritual heredado de Joan Capdevila, campeón del mundo en Sudáfrica 2010.",2026-07-20T16:45:23.064Z,"En el fútbol de élite, las cábalas siguen teniendo un lugar especial. España, flamante campeona del Mundial 2026, también tuvo la suya. Tras la victoria por 1-0 sobre Argentina en la final, salió a la luz el curioso ritual que Joan Capdevila, integrante de la selección española campeona en Sudáfrica 2010, le transmitió a Marc Cucurella. Una sencilla moneda enterrada terminó convirtiéndose en una de las historias más llamativas detrás de la conquista de la segunda estrella.

Todo comenzó días antes de la final. Capdevila compartió con Cucurella una tradición que él mismo había llevado a cabo durante el Mundial de 2010: enterrar una moneda en el estadio donde se disputaría el partido decisivo. El exlateral izquierdo le explicó que aquella cábala había acompañado a la generación que levantó por primera vez la Copa del Mundo y le propuso repetirla en el MetLife Stadium, escenario de la final frente a Argentina.

Cucurella aceptó el desafío y cumplió el ritual con absoluta discreción. El defensor del Chelsea enterró la moneda sin que el resto del mundo lo supiera y recién después de la consagración la historia comenzó a conocerse. La revelación despertó una ola de comentarios en España, donde muchos aficionados celebraron la continuidad de una tradición que, al menos para los supersticiosos, volvió a dar resultado dieciséis años después del título conseguido en Sudáfrica.

🤫 Y AHORA OS CUENTO UN SECRETO...

⭐️ En 2010 enterré una moneda en el césped antes de comenzar el partido... Lo he contado millones de veces. Le pedí a

que hiciera lo mismo ayer... Marc, te quiero mucho. ¡ERES CAMPEÓN DEL MUNDO!

Aunque el verdadero secreto del éxito español estuvo en el funcionamiento colectivo y el trabajo del equipo dirigido por Luis de la Fuente, la anécdota aportó un toque de misticismo a la campaña. Las supersticiones forman parte del ADN del fútbol y esta no fue la excepción. Desde usar siempre las mismas medias hasta ingresar primero con un pie determinado al campo, los jugadores suelen aferrarse a pequeños rituales en busca de un impulso adicional.

Con la Copa del Mundo ya en las vitrinas de la Federación Española, la moneda enterrada por Cucurella pasó a formar parte del folclore de este Mundial 2026. Un gesto casi imperceptible que unió a dos generaciones de campeones: la de Capdevila en 2010 y la de Cucurella en 2026, demostrando que algunas tradiciones, por extrañas que parezcan, siguen vivas cuando se trata de perseguir la gloria.

*********"
https://elcomercio.pe/deporte-total/futbol-mundial/como-se-alimenta-ferran-torres-campeon-del-mundial-2026-el-delantero-revelo-el-metodo-que-sigue-a-diario-ultimas-noticia/,"¿Cómo se alimenta Ferran Torres, campeón del Mundial 2026? El delantero reveló el método que sigue a diario","Ferran Torres, campeón del Mundial 2026 con España, reveló cómo practica el ayuno intermitente y por qué asegura tener más energía.",2026-07-21T12:53:52.324Z,"atraviesa el mejor momento de su carrera. Después de proclamarse

, siendo además el autor del gol que le dio el título a La Roja en la final ante Argentina, el delantero del FC Barcelona volvió a captar la atención, esta vez por uno de los hábitos que considera fundamentales para su rendimiento: el ayuno intermitente.

Durante su participación en El Hormiguero, junto a su compañero Pedri, el atacante habló sobre la importancia de la alimentación, el descanso y el autocuidado en el deporte de élite.

El futbolista explicó que suele terminar de cenar entre las 7:30 y las 8:00 de la noche y no vuelve a ingerir alimentos hasta las 2:00 de la tarde del día siguiente.

, reveló.

Durante ese periodo, Ferran aseguró que realiza sus entrenamientos matutinos con normalidad y que únicamente consume café antes de comenzar las sesiones. Se trata de un

, una de las modalidades más conocidas de este patrón de alimentación.

El delantero afirmó que, desde que incorporó este protocolo, ha notado una mejora en su bienestar y rendimiento.

Además de cuidar su alimentación, Ferran Torres explicó que presta especial atención a la recuperación física y al descanso.

El atacante reveló que utiliza luz roja en su domicilio para favorecer la regulación de los ritmos circadianos, una práctica que también ha popularizado el futbolista español Marcos Llorente como parte de un estilo de vida orientado a optimizar el rendimiento deportivo.

El ayuno intermitente no es una dieta, sino un patrón de alimentación que alterna periodos de ingesta con periodos de ayuno. El modelo 16:8 es uno de los más utilizados y ha despertado interés tanto entre deportistas como en la población general.

La evidencia científica sugiere que puede ofrecer beneficios metabólicos en determinados contextos, como mejorar la sensibilidad a la insulina, favorecer el control del peso corporal y reducir algunos marcadores inflamatorios. No obstante, en deportistas de alto rendimiento los estudios aún son limitados y los especialistas recomiendan que este tipo de estrategias sea supervisado por nutricionistas y médicos deportivos.

Las UA Shadow Elite 4 son el resultado de años de desarrollo enfocados en un solo objetivo: ayudar al jugador a cambiar de dirección en fracciones de segundo. Entre sus características técnicas más destacadas:

● Peso pluma: apenas 213 gramos, entre las botas de fútbol más ligeras del mercado.

● Suela de fibra de carbono con tacos cónicos colocados tácticamente, pensada para acelerar, frenar y cambiar de dirección con precisión.

● Empeine UA IntelliKnit, un tejido minimalista tipo ""segunda piel"" que ofrece ajuste ergonómico sin sacrificar sujeción.

● Microtextura háptica 3D en la zona de contacto con el balón, que mejora el golpeo tanto en seco como en mojado.

● Refuerzo 3D en el talón, que reduce el deslizamiento interno del pie durante esprints y giros bruscos."
https://elcomercio.pe/deporte-total/futbol-mundial/cuando-vuelve-a-jugar-espana-tras-ganar-el-mundial-2026-noticia/,¿Cuándo vuelve a jugar España tras ganar el Mundial 2026?,"La selección española, flamante campeona del mundo, disputará sus primeros partidos en territorio nacional tras ganar la Copa del Mundo.",2026-07-22T13:47:10.022Z,"La

ya planifica su calendario tras conquistar el Mundial 2026 y confirmó que estrenará su segunda estrella en territorio nacional con dos escenarios emblemáticos: Sevilla y Oviedo. El equipo dirigido por Luis de la Fuente afrontará la UEFA Nations League como su próximo gran reto internacional.

🌟 La 𝘀𝗲𝗴𝘂𝗻𝗱𝗮 𝗲𝘀𝘁𝗿𝗲𝗹𝗹𝗮 brillará en 𝗦𝗲𝘃𝗶𝗹𝗹𝗮 𝘆 𝗢𝘃𝗶𝗲𝗱𝗼.

▫️ El Sánchez-Pizjuán acogerá el duelo ante Croacia (29 de septiembre).

▫️ El Carlos Tartiere el partido ante la República Checa (3 de octubre).

ℹ️

El primer partido ante su público será el 29 de septiembre frente a Croacia en el estadio Ramón Sánchez-Pizjuán de Sevilla, luego de debutar días antes ante Inglaterra en Wembley. Este encuentro marcará el regreso del combinado español a la ciudad andaluza tras más de una década.

Posteriormente, España se trasladará a Oviedo para enfrentar a República Checa el 3 de octubre en el estadio Nuevo Carlos Tartiere. La ciudad asturiana volverá a recibir a la selección tras once años, en un duelo correspondiente a la tercera jornada del torneo.

Estos compromisos no solo significan el inicio de un nuevo ciclo competitivo, sino también la celebración del reciente título mundial con la afición local. La “Roja” buscará consolidar su dominio en Europa mientras luce con orgullo la segunda estrella en su camiseta."
https://elcomercio.pe/deporte-total/futbol-mundial/de-la-lista-imposible-de-11-cracks-nivel-chemo-que-exigio-a-peru-al-no-dejo-nada-a-uruguay-marcelo-bielsa-el-loco-que-inspiro-a-pep-guardiola-pero-no-sabe-jugar-mundiales-tlcnota-noticia/,"De la lista imposible de 11 cracks “nivel Chemo” que exigió a Perú al “No dejo nada a Uruguay”: Bielsa, el loco que inspiró a Guardiola pero no sabe jugar mundiales","El técnico argentino volvió a despedirse de una Copa del Mundo en la fase de grupos. Esta vez, entre derrotas, decisiones controvertidas y un vestuario roto, el mismo escenario que ya había vivido con Argentina en 2002 terminó por perseguir otra vez a uno de los entrenadores más influyentes del fútbol moderno.",2026-06-29T00:40:20.538Z,"Marcelo Bielsa nunca necesitó levantar la Copa del Mundo para convertirse en una referencia del fútbol. Sus ideas inspiraron a Pep Guardiola, Mauricio Pochettino, Diego Simeone y una generación completa de entrenadores que encontraron en el rosarino una manera distinta de entender el juego. Hay técnicos que ganan títulos y otros que cambian la historia. Bielsa pertenece a este último grupo. Pero los Mundiales, ese territorio donde las leyendas terminan de escribirse, siempre le dieron la espalda. Y la eliminación de Uruguay en la fase de grupos del Mundial 2026, tras caer 1-0 ante España, volvió a dejar al descubierto una paradoja tan incómoda como inevitable: el hombre más admirado por muchos colegas nunca logró trasladar su revolución al torneo más importante del planeta.

La caída deportiva fue apenas la última escena de una crisis que llevaba meses incubándose. En pleno Mundial, el vestuario uruguayo terminó estallando. De acuerdo al Diario uruguayo “El Espectador”, los referentes del plantel cuestionaron métodos, decisiones y formas de conducción de un entrenador que siempre privilegió sus convicciones por encima de cualquier consenso. La derrota frente a España solo confirmó un desenlace que parecía escrito desde antes del pitazo inicial.

“YO NO TOMÉ LA DECISIÓN, LA DECISIÓN DE SALIR LA TOMÓ EL MISMO MUSLERA”.

Loco Bielsa, post-partido. ‼️🇺🇾

En los 90 minutos hubo imágenes difíciles de olvidar. Fernando Muslera cometió un grosero error en el gol español y Bielsa tomó una decisión extrema: lo reemplazó en el entretiempo. La sustitución rompía una estadística insólita, ya que desde Estados Unidos 1994 ningún arquero había sido cambiado en un Mundial sin mediar una lesión. Después, el propio entrenador explicó que fue el experimentado guardameta quien pidió salir, consciente de que no estaba en condiciones anímicas de continuar. Pero el impacto ya estaba instalado.

La polémica no terminó allí. En el segundo tiempo también abandonó el campo Federico Valverde, capitán y principal referente futbolístico de esta generación uruguaya. En cualquier selección, sacar al líder en el partido más importante del torneo despierta preguntas. En una selección atravesada por conflictos internos, alimentó aún más la sensación de ruptura definitiva.

Porque el problema nunca fue únicamente futbolístico. Desde mucho antes del Mundial existían señales de desgaste. Algunos jugadores históricos ya habían deslizado incomodidades con el manejo del grupo. Las diferencias sobre las concentraciones, la distancia con los referentes y un modelo de conducción rígido fueron erosionando la convivencia. Bielsa nunca cambió. Tampoco parecía dispuesto a hacerlo. Su carrera siempre estuvo construida sobre la idea de que el entrenador debe ser coherente consigo mismo, aunque el costo sea quedarse solo.

La eliminación terminó dándole voz a quienes ya venían cuestionando el proceso. Diego Lugano fue uno de los más duros. “Contaminó el ambiente, nunca entendió dónde estaba. Los jugadores nunca entendieron a Bielsa. Fue un entrenador que no debió estar en el Mundial, amarrado por un contrato millonario. Me da pena por los muchachos porque no pudieron competir”, disparó el histórico capitán celeste. Sus palabras resumían el sentimiento de buena parte del entorno uruguayo, que pasó de ilusionarse con una transformación futbolística a asistir a una fractura interna pocas veces vista en la selección.

“El ciclo de Bielsa fue todo negativo. Lamentablemente no hay elementos positivos para rescatar de su presencia en la selección. Él declaró en la última conferencia de prensa que no le dejó nada. Yo agrego que no solo que no le dejó nada, sino que rompió lo poco que había. Antes se había logrado un sentido de pertenencia muy importante de defender a la camiseta celeste, lamentablemente en el ciclo de Bielsa se dieron deserciones como hacía mucho tiempo no pasaban en Uruguay”, analiza Andrés Cansellara, periodista de “Sport 890, la radio deportiva de Uruguay”.

La historia, además, tiene un inevitable aire de repetición. En Corea-Japón 2002, Bielsa llegó con Argentina como uno de los grandes favoritos después de una eliminatoria extraordinaria. Sin embargo, el equipo quedó eliminado en la fase de grupos. Veinticuatro años después, el desenlace volvió a ser el mismo. Entre ambos Mundiales también dirigió a Chile, pero no alcanzó a clasificar al torneo de Sudáfrica porque dejó el cargo antes del proceso final. Así, las dos Copas del Mundo que condujo de principio a fin terminaron exactamente igual: eliminación prematura y una sensación de oportunidad desperdiciada.

“El problema central de Bielsa está en su carácter obsesivo. No convoca a jugadores que termina necesitando porque piensa que no ingresan en su esquema, pero el fútbol no es tan previsible. También está su obsesión por el trabajo táctico, que le ha impedido aprender que a un Mundial se debe llegar cuidando el estado físico de los jugadores”,

en su análisis sobre el técnico.

Es un contraste difícil de explicar para un entrenador cuya influencia trasciende cualquier palmarés. Guardiola suele mencionarlo como una de sus mayores inspiraciones. Pochettino lo define como un maestro. Simeone reconoce cuánto aprendió observándolo. Incluso entrenadores que jamás trabajaron con él estudian sus sesiones y analizan sus conceptos tácticos. Bielsa cambió la manera de entrenar, de presionar y de ocupar los espacios. Pero el Mundial nunca recompensó esa revolución.

señaló alguna vez el propio Pep Guardiola sobre el ‘Loco’.

""SIGO ADMIRANDO A MARCELO BIELSA""

✍️ FIRMA: LUIS DE LA FUENTE, DT DE ESPAÑA

⚽

📺 Mirá los mejores partidos de la

por ESPN, en el Plan Premium de

En el Perú su figura también dejó una historia tan curiosa como inolvidable. A comienzos de los años noventa, Francisco Lombardi intentó convencerlo para dirigir a la selección peruana. La respuesta del rosarino se volvió leyenda. Antes de aceptar cualquier conversación lanzó una pregunta que terminó sepultando la negociación: “¿Tiene once jugadores del nivel de Chemo del Solar?”. El silencio fue suficiente. Bielsa entendió que no era el momento y rechazó la propuesta. Años después, en el 2014, la Federación Peruana volvió a buscarlo tras la salida de Sergio Markarián. Esta vez ni siquiera hubo reunión. Bastó una carta para agradecer el interés y declinar la oferta.

COMUNICADO DE LA FPF CON LA RESPUESTA DEL PROFESOR MARCELO BIELSA AL OFRECIMIENTO DE DIRIGIR LA SELECCIÓN PERUANA

Aquella posibilidad también dejó un episodio recordado con Claudio Pizarro. El entonces capitán de la selección admitió que había escuchado comentarios poco favorables sobre el carácter del técnico argentino durante su paso por Europa. Días después pidió disculpas públicamente y reconoció que había hablado con apresuramiento. Nunca coincidieron. El destino quiso que Pizarro terminara siendo dirigido por Guardiola, acaso el discípulo más brillante de un entrenador al que jamás tuvo como jefe.

Quizá allí se encuentre la esencia de Marcelo Bielsa. Su legado nunca dependió exclusivamente de los resultados. Cambió entrenadores, transformó clubes y dejó una huella táctica imborrable. Pero el fútbol también tiene espacios donde las ideas necesitan ser acompañadas por victorias. Los Mundiales fueron ese límite que nunca pudo cruzar.

🗣️ Chemo del Solar, jefe de la Unidad Técnica de Menores de la Selección Peruana ⚪🔴, en 📻

, comentó un consejo que le dio Marcelo Bielsa.

🎙️:

Uruguay apostó por un entrenador que prometía devolverle protagonismo internacional. Durante un tiempo pareció lograrlo. Sin embargo, cuando llegó el momento decisivo, aparecieron las fracturas, las discusiones y los fantasmas de siempre. Bielsa se marchó dejando una frase que buscó defender su trabajo: “No dejo nada a Uruguay”. Tal vez sea cierto desde su mirada. Pero para un país que soñaba con volver a competir entre los mejores del mundo, la sensación es otra. Quedará el recuerdo de un técnico brillante para explicar el juego, venerado por sus colegas y capaz de cambiar el fútbol de muchos. También el de un seleccionador que, una vez más, comprobó que los Mundiales nunca fueron su lugar.

*******"
https://elcomercio.pe/deporte-total/futbol-mundial/el-adios-de-nicolas-otamendi-el-historico-defensor-cierra-un-ciclo-de-17-anos-con-la-albiceleste-seleccion-de-argentina-ultimas-noticia/,El adiós de Nicolás Otamendi: el histórico defensor cierra un ciclo de 17 años con la Albiceleste,El defensor puso fin a una trayectoria de 17 años con la Selección Argentina tras disputar la final del Mundial 2026 ante España.,2026-07-21T16:37:06.041Z,"puso punto final a su etapa en la

luego de disputar la final del Mundial 2026 frente a España. El experimentado defensor cerró un ciclo de más de 17 años vistiendo la camiseta albiceleste, período en el que se convirtió en uno de los referentes de la generación más exitosa del fútbol argentino.

Tras el regreso del plantel dirigido por Lionel Scaloni a Buenos Aires y el cálido recibimiento de los hinchas, el zaguero utilizó sus redes sociales para despedirse oficialmente de la selección con un mensaje cargado de emoción y agradecimiento.

A través de su cuenta de Instagram, Otamendi publicó tres fotografías acompañadas de un extenso texto en el que expresó el dolor por no haber podido cerrar su carrera con un nuevo título mundial, aunque destacó el orgullo de haber defendido la camiseta argentina hasta el final.

, dijo el defensa argentino.

El defensor también dedicó palabras de reconocimiento a sus compañeros de equipo, quienes lo acompañaron durante el Mundial:

.

Asimismo, agradeció el apoyo de su familia durante toda su carrera y el respaldo permanente de los hinchas argentinos.

.

Finalmente, dedicó unas palabras a todos los hinchas de la Albiceleste.

, apuntó.

El histórico central concluyó su despedida con una reflexión sobre lo que significó vestir la camiseta nacional:

.

Desde su debut en la Selección Argentina en 2009, Nicolás Otamendi construyó una carrera marcada por la regularidad y el liderazgo. Se consolidó como uno de los futbolistas de confianza de distintos entrenadores y terminó siendo una pieza clave en el exitoso ciclo encabezado por Lionel Scaloni.

A lo largo de su trayectoria defendió la camiseta albiceleste en cuatro Copas del Mundo: Sudáfrica 2010, Rusia 2018, Qatar 2022 y Estados Unidos, México y Canadá 2026. También disputó cinco ediciones de la Copa América (2015, 2016, 2019, 2021 y 2024), la Finalissima 2022 y los Juegos Olímpicos de París 2024.

El defensor cerró su etapa en la Selección Argentina con 139 partidos oficiales, convirtiéndose en uno de los futbolistas con más presencias en la historia del combinado nacional. Durante esos 17 años levantó cuatro títulos internacionales:

Con su ciclo en la Albiceleste oficialmente concluido, Nicolás Otamendi iniciará una nueva etapa en el club del que es hincha, poniendo fin a una carrera internacional que quedó marcada por la obtención de la tercera estrella mundial y por su papel como uno de los grandes referentes de una generación histórica del fútbol argentino."
https://elcomercio.pe/deporte-total/futbol-mundial/el-conmovedor-mensaje-de-alexis-mac-allister-tras-el-mundial-2026-lloremos-pero-sigamos-adelante-seleccion-de-argentina-ultimas-noticia/,"El conmovedor mensaje de Alexis Mac Allister tras el Mundial: “Lloremos, pero sigamos adelante”",El volante de la Selección Argentina compartió una extensa carta en sus redes sociales luego del subcampeonato del Mundial 2026.,2026-07-21T18:04:57.665Z,"rompió el silencio tras la final del

y compartió una emotiva carta dirigida a la hinchada argentina. A través de sus redes sociales, el mediocampista expresó el dolor por haber quedado a un paso del título, pero también destacó el orgullo por el camino recorrido y el

.

El futbolista recordó algunos de los momentos más especiales que dejó el torneo y envió un mensaje de esperanza para el futuro, convencido de que el grupo volverá a luchar por nuevos objetivos.

En el inicio de su publicación, Mac Allister reconoció que la derrota en la final dejó una profunda tristeza, aunque resaltó que nadie podrá borrar lo vivido por el equipo durante el campeonato.

, señaló.

El volante dejó una de las frases más destacadas de su mensaje al resaltar la unión entre el plantel y los hinchas:

.

El campeón del mundo en Qatar 2022 aseguró que esta Copa del Mundo también dejó imágenes que permanecerán para siempre en su memoria.

Primero recordó el aliento de los argentinos presentes en el estadio tras recibir la medalla de subcampeones.

.

También destacó el recibimiento que la Selección tuvo a su regreso a Buenos Aires:

Incluso, dedicó unas palabras a los hinchas argentinos.

.

Mac Allister invitó a los argentinos a transformar la tristeza en fortaleza y recordó un consejo que le dio su madre durante estos días.

, dijo Alexis.

En la parte final de su carta, el mediocampista agradeció el respaldo de todas las personas que acompañan a la Selección Argentina dentro y fuera del campo.

, señaló el argentino.

, agregó.

El volante también se refirió a las burlas que surgieron desde otros países tras la caída de Argentina en la final del Mundial. Lejos de responder con polémica, aseguró que esas reacciones fortalecen aún más el sentimiento de pertenencia hacia su país.

, apuntó Mac Allister, que cerró su publicación con un mensaje breve que sintetizó el sentimiento de todo el plantel tras el Mundial:

."
https://elcomercio.pe/deporte-total/futbol-mundial/el-conmovedor-regalo-de-un-nino-que-emociono-a-lionel-scaloni-en-su-regreso-a-pujato-noticia/,El conmovedor regalo de un niño que emocionó a Lionel Scaloni en su regreso a Pujato,"Lionel Scaloni vivió un momento especial al reencontrarse con su gente tras el Mundial 2026, cuando un pequeño fanático le entregó un obsequio que lo sorprendió.",2026-07-22T13:31:25.057Z,"regresó a su pueblo natal, Pujato, luego de la final del Mundial 2026 y fue recibido con muestras de cariño por parte de vecinos e hinchas que se acercaron hasta la casa de sus padres. En medio del afecto generalizado, un gesto en particular se robó todas las miradas y generó emoción en el entrenador argentino.

🧠🚌 En la puerta de su casa en Pujato, Lionel Scaloni recibió, entre todo el cariño de la gente... ¡UNA SCALONETA!

📹

Mientras saludaba y se tomaba fotos con los presentes, un niño irrumpió con un regalo muy especial: una réplica en miniatura de un colectivo que representaba a la “Scaloneta”, apodo con el que se conoce al equipo dirigido por el DT. El detalle sorprendió a Scaloni, quien recibió el obsequio con una sonrisa y visible emoción.

La escena quedó registrada en videos que rápidamente se viralizaron en redes sociales, donde se pudo ver la cercanía del técnico con la gente de su pueblo. El gesto del pequeño reflejó el impacto que tuvo el ciclo de Scaloni en los hinchas, incluso en los más jóvenes, pese a la reciente derrota en la final.

El regreso del entrenador a Pujato estuvo marcado por múltiples muestras de apoyo tras el subcampeonato mundial, en un clima de orgullo y reconocimiento. Este emotivo episodio volvió a evidenciar el fuerte vínculo entre Scaloni y su comunidad, que lo sigue considerando un referente más allá de los resultados."
https://elcomercio.pe/deporte-total/futbol-mundial/el-discreto-regreso-de-lionel-messi-a-rosario-evito-a-hinchas-tras-perder-la-final-del-mundial-2026-con-argentina-video-noticia/,El discreto regreso de Messi a Rosario: evitó a los hinchas tras perder la final del Mundial 2026 | VIDEO,El capitán de la selección argentina regresó a su país junto a Antonela Roccuzzo y sus tres hijos para pasar unos días con su familia.,2026-07-21T13:36:08.084Z,"Las imágenes de su llegada fueron difundidas por ESPN. En ellas, se puede observar a Messi y su familia trasladándose en una camioneta oscura a su residencia ubicada en Funes, una localidad privada en la que suele hospedarse cada vez que visita su natal Rosario.

Messi no fue parte del grupo de seleccionados argentinos, encabezados por Lionel Scaloni, que volvieron el pasado lunes 20 a Buenos Aires tras disputar la final de la Copa del Mundo. Sus compañeros fueron recibidos con aplausos, cánticos y banderas por los hinchas que esperaron su regreso para agradecerles por el torneo que hicieron.

🚨

- Lionel Messi ya está en Rosario y así llegó a su casa en Funes tras finalizar la Copa del Mundo.

📺

|

Plan Premium

Tras ello, los seleccionados tomaron rumbos distintos para pasar algunos de vacaciones o reincorporarse a sus respectivos clubes. Messi, por su parte, decidió regresar a Rosario para estar en familia. Además, su retorno coincide con el delicado estado de salud de su padre, Jorge Messi, quien se encuentra bajo seguimiento médico.

Como se sabe, Messi puso fin a su etapa en los mundiales tras haber logrado el subcampeonato con Argentina en esta edición. El capitán argentino disputó seis Copas del Mundo y se coronó con el máximo galardón en Qatar 2022. Hoy, su presente está puesto en Inter Miami y en disfrutar sus últimos años en el fútbol."
https://elcomercio.pe/deporte-total/futbol-mundial/el-escorpion-se-despidio-del-mundial-rene-higuita-realizo-su-famosa-acrobacia-ante-el-festejo-de-roberto-carlos-noticia/,¡El ‘escorpión’ se despidió del Mundial! René Higuita realizó su famosa acrobacia ante el festejo de Roberto Carlos,El exportero colombiano se despidió del Mundial 2026 realizando su mítica acrobacia ante el asombro del brasileño Roberto Carlos.,2026-07-21T21:32:44.418Z,"El Mundial 2026 finalizó con la consagración de España sobre Argentina por 1 a 0, y muchas estrellas del fútbol internacional tuvieron oportunidad de asistir a la máxima competencia, René Higuita entre ellos.

El exarquero colombiano estuvo presente en la final de la Copa del Mundo junto a estrellas como Roberto Carlos y John Terry.

Los exfutbolistas no pudieron evitar divertirse con la pelota dentro de las instalaciones del estadio New York New Jersey, y entonces ocurrió el momento viral.

Higuita pidió que le lanzaran el balón por encima de la cabeza y realizó el mítico ‘escorpión’, ante el festejo del brasileño Roberto Carlos."
https://elcomercio.pe/deporte-total/futbol-mundial/el-gesto-de-unai-simon-tras-ganar-el-mundial-que-emociona-a-las-redes-campeon-y-ejemplo-de-deportividad-mundial-2026-ultimas-noticia/,El gesto de Unai Simón tras ganar el Mundial que emociona a las redes: campeón y ejemplo de deportividad,"El arquero de España, elegido como el mejor portero del Mundial 2026, fue ovacionado por su gesto de respeto hacia los futbolistas argentinos tras la final.",2026-07-20T14:56:18.848Z,"vive el momento más importante de su carrera.

y recibió el Guante de Oro, reconocimiento al mejor portero del torneo, luego de una actuación sobresaliente que fue clave para el título de la selección española.

Además del campeonato, el guardameta de Murgia

, la mayor racha de imbatibilidad registrada en una Copa del Mundo.

Sin embargo, más allá de sus actuaciones bajo los tres palos, fue su comportamiento tras la final lo que terminó conquistando a miles de aficionados en las redes sociales.

Apenas terminó el encuentro en el que España derrotó a Argentina para quedarse con el título mundial, Unai Simón recorrió a los futbolistas de la Albiceleste para felicitarlos personalmente y mostrarles su respeto tras la derrota.

Las imágenes

, un gesto que fue ampliamente destacado por los hinchas.

En pocas horas, los videos y fotografías comenzaron a viralizarse en distintas plataformas, donde miles de usuarios elogiaron su humildad y espíritu deportivo pese a la euforia por haber conquistado el máximo trofeo del fútbol.

Unai Simon? Un tipazo!

El campeonato de Unai Simón estuvo respaldado por números históricos. Además de ser elegido mejor portero del Mundial, el español estableció una marca de 650 minutos consecutivos sin recibir goles, superando cualquier registro anterior en la historia del torneo.

Su seguridad bajo los palos fue uno de los pilares del equipo dirigido por Luis de la Fuente, que levantó su segunda Copa del Mundo, luego del histórico título conseguido en Sudáfrica 2010."
https://elcomercio.pe/deporte-total/futbol-mundial/en-que-canales-transmiten-espana-vs-argentina-en-vivo-gratis-hoy-por-final-del-mundial-2026-horarios-y-donde-ver-partido-online-streaming-noticia/,"¿En qué canal ver repetición del partido, España vs. Argentina (1-0) por la final del Mundial 2026?",España derrotó 1-0 a Argentina con gol de Ferrán Torres por la final del Mundial 2026 en el Estadio Nueva York Nueva Jersey.,2026-07-19T23:14:36.144Z,"al vencer 1-0 a Argentina en el Estadio MetLife. La selección española dominó la posesión frente a una Albiceleste fatigada. El portero Emiliano “Dibu” Martínez emergió como la gran figura argentina al salvar múltiples ocasiones claras. En el tiempo añadido (90+4′), Enzo Fernández fue expulsado por doble amarilla, dejando a Argentina con diez hombres. La paridad se rompió en el tiempo extra (minuto 106), cuando

con un zurdazo tras asistencia de Nico Williams. España logró así su segunda Copa del Mundo.

Conoce qué canales de TV y dónde seguir online el partido entre

, este domingo 19 de julio del 2026 desde el Estadio Nueva York Nueva Jersey.

Para

, el partido de

será transmitido a través de

por cable y streaming.

El partido de

será televisado por

Por otro lado,

podrás ver el partido a través de

, el partido de

, será transmitido a través de

.

Finalmente,

podrás seguir el partido a través de

En

, el partido

por Mundial 2026 se transmitirá EN VIVO por

, señales que posee los derechos de la Copa del Mundo, y también se podrá ver vía streaming a través de

En

, el partido

por Mundial 2026 se transmitirá EN VIVO por

, señal que posee los derechos de la Copa del Mundo, y también se podrá ver vía streaming a través de

En

, el partido

por Mundial 2026 se transmitirá EN VIVO por

, señales que posee los derechos de la Copa del Mundo, y también se podrá ver vía streaming a través de

En

, el partido

por Mundial 2026 se transmitirá EN VIVO por

, señales que posee los derechos de la Copa del Mundo, y también se podrá ver vía streaming a través de

,

.

En

, el partido

por Mundial 2026 se transmitirá EN VIVO por

, señales que posee los derechos de la Copa del Mundo, y también se podrá ver vía streaming a través de

En

, el partido

por Mundial 2026 se transmitirá EN VIVO por

, señales que posee los derechos de la Copa del Mundo, y también se podrá ver vía streaming a través de

En

, el partido

por Mundial 2026 se transmitirá EN VIVO por

, señales que posee los derechos de la Copa del Mundo, y también se podrá ver vía streaming a través de

En

, el partido

por Mundial 2026 se transmitirá EN VIVO por

, señales que posee los derechos de la Copa del Mundo, y también se podrá ver vía streaming a través de

En

, el partido

por Mundial 2026 se transmitirá EN VIVO por

, señales que posee los derechos de la Copa del Mundo, y también se podrá ver vía streaming a través de

En

, el partido

por Mundial 2026 se transmitirá EN VIVO por

, señales que posee los derechos de la Copa del Mundo, y también se podrá ver vía streaming a través de

En

, el partido

por Mundial 2026 se transmitirá EN VIVO por

, señales que posee los derechos de la Copa del Mundo, y también se podrá ver vía streaming a través de

En

, el partido

por Mundial 2026 se transmitirá EN VIVO por

, señales que posee los derechos de la Copa del Mundo.

En

, el partido

por Mundial 2026 se transmitirá EN VIVO por

, señal que posee los derechos de la Copa del Mundo, y también se podrá ver vía streaming a través de

En

, el partido

por Mundial 2026 se transmitirá EN VIVO por

, señal que posee los derechos de la Copa del Mundo, y también se podrá ver vía streaming a través de

En

, el partido

por Mundial 2026 se transmitirá EN VIVO por

, señal que posee los derechos de la Copa del Mundo, y también se podrá ver vía streaming a través de

En

, el partido

por Mundial 2026 se transmitirá EN VIVO por

, señal que posee los derechos de la Copa del Mundo, y también se podrá ver vía streaming a través de

En

, el partido

por Mundial 2026 se transmitirá EN VIVO por

, señal que posee los derechos de la Copa del Mundo, y también se podrá ver vía streaming a través de

En

, el partido

por Mundial 2026 se transmitirá EN VIVO por

, señal que posee los derechos de la Copa del Mundo, y también se podrá ver vía streaming a través de

En

, el partido

por Mundial 2026 se transmitirá EN VIVO por

, señal que posee los derechos de la Copa del Mundo, y también se podrá ver vía streaming a través de

El partido entre

por final del Mundial 2026

se juega el domingo 18 de julio de 2026 en el estadio Nueva York Nueva Jersey."
https://elcomercio.pe/deporte-total/futbol-mundial/espana-campeon-2026-rodri-lamine-yamal-y-el-tiki-taka-interminable-pedro-ortiz-bisso-y-como-recordaremos-el-mundial-que-corono-a-espana-como-el-amo-del-futbol-noticia/,"“Rodri, Lamine y el tiki taka interminable”: Ortiz Bisso y cómo recordaremos el Mundial que coronó a España como el amo del fútbol",España salió campeón del Mundial 2026 ante la Argentina de Messi. Con un estilo que destrozó a Francia en semis y se impuso a la Albiceleste en la final.,2026-07-20T17:36:56.352Z,"Además de sus controversias, este Mundial tendrá diversos motivos para ser recordado. Si es por contrastes, hablaremos del gigantesco corazón caboverdiano y de la cobardía de Tuchel, fabricante del mayor fracaso de una selección inglesa desde la derrota con Estados Unidos en la Copa del 50. Si son decepciones, en primera fila están Portugal, históricamente incapaz de creer en sí misma, y Brasil, que mostró su costado más insípido de la mano de un crepuscular Carlo Ancelotti.

Podremos hablar de cómo se han transformado los 9, a partir del todocampismo de Julián Álvarez, o de Harry Kane, la perfecta mezcla de fuerza, elegancia y eficiencia frente al gol. También de los arqueros-líbero, encarnados en Unai Simón, un jugador de campo más de la extremadamente atrevida España, que juega con la defensa parada en la mitad del campo para achicar espacios y ahogar al rival en su propia cancha.

Tendrá su lugar el rotundo fracaso de Francia, demasiado soberbia para reconocerse terrenal cuando Rodri y Lamine la avergonzaron con un tiki taka interminable. Y el fervor de los egipcios, más allá de las maneras de mal perdedor de su entrenador.

Pero por encima de todo, esta Copa la recordaremos por el último baile de Lionel Messi, ese jugador descomunal e indescifrable, a quien hemos tenido el privilegio de disfrutar desde su nacimiento futbolístico.

Alguna vez le preguntaron a Cherquis Bialo, uno de los grandes cronistas argentinos, quién era Maradona. Su respuesta fue que había ocho o nueve Maradonas: El Maradona que jugó al fútbol, el que fue una celebridad, el hijo que murió cuando murieron sus padres, el Maradona padre, el Maradona amigo, el Maradona efectivo, el Maradona fenomenal, el Maradona de frases inolvidables y el de aquellas que es mejor no recordar y el Maradona abyecto. “Era la suma de todos esos hombres. Un genio, una maravilla”.

Y sí, en la cancha Diego era un genio. Sin él, probablemente la Argentina de Bilardo se hubiese regresado en segunda ronda de México. Y en 1990 fue la razón por la que la peor albiceleste que se recuerde llegara a una nueva final, a pesar de jugar medio torneo con una sola pierna.

Pero Messi está en otra órbita. Si alguna vez hubo discusión sobre su grandeza frente a Pelé, Diego o Cruyff, este Mundial ha servido para acabar con cualquier discusión. En cada partido nos ha hecho olvidar que tiene 39 años, una edad en la que un cuerpo que ha soportado mil tacles y zancadillas, no responde de la misma manera a las órdenes del cerebro. Ha participado en la mayoría de los goles de su equipo, como anotador o asistidor, y cuando el peligro acechaba, ha levantado la lanza para llevar a los suyos a la guerra, sin esconder nada.

No es solo el jugador habilidoso e impredecible. Hoy es un Messi sabio, provocador, serio y con carácter. Es el crack que no se achica, que se levanta cuando otros prefieren mirar a un costado. Es talento y espíritu de lucha.

Cuando se vaya, que será pronto, dejará libre una de sus coronas: la de mejor del mundo. Ella se la disputarán Lamine, Rodri, Dani Olmo, Mbappé, Bellingham, Kane y quizás Dembelé. Pero la más importante, la del mejor de la historia, no tiene quién se la discuta. Aunque a muchos le duela."
https://elcomercio.pe/deporte-total/futbol-mundial/espana-lamine-yamal-y-cubarsi-radiografia-del-campeon-que-adormece-con-sus-800-pases-por-partido-y-por-que-trituro-a-la-argentina-de-lionel-messi-tlcnota-noticia/,"España, Yamal y Cubarsí: radiografía del campeón que adormece con sus 800 pases por partido y por qué trituró a la Argentina de Messi","España es el nuevo campeón del mundo. Trituró a Argentina, que no le pateó al arco nunca y con gol de Ferrán Torres le ganó 1-0. Radiografía de un monarca que reivindica el juego de pases a partir de cracks como Rodri, Cubarsí y Yamal",2026-07-20T17:43:51.751Z,"Derribado a un costado del campo, el rey del mundo se pone de pie solo cuando se le acerca el nuevo joven rey de Europa. Más allá, una escaramuza entre perdedores no empaña la unción del justo campeón. Al contrario, la eleva. Quizá sea esa la escena más reveladora de esta final de la Copa, que en realidad fue una trituradora: Lionel Messi, propietario de todos los récords del torneo, se levanta para abrazar a Lamine Yamal, el bebe de la premonitoria foto del 2007, el adolescente que dio los exámenes finales en plena Euro 2024, el joven que resume el apetito de esta España campeón del mundo. El círculo se cierra con esa honestidad, con esa grandeza. Termina el abrazo y Messi se entierra en el piso, otra vez. Yamal lo despide y corre hacia lo que será una imparable carrera.

Que tendrá, no solo para él, sino su selección promedio 26 años, al menos dos Copas más si quiere alargar su notable hegemonía.

EL PARTIDO

El misterio de España es su perfección. Ha encontrado hace 38 partidos una velocidad ideal para completar, cuando menos 1000 pases por partidos, y transita serena en cualquier lugar del campo. Lo mismo da que Cucurella cargue presión, se la da igual a Unai; lo mismo es que cierren cuatro piernas a Yamal: se liberará con un amague nacido desde sus 19 años. Ocurre con Pedri, los minutos que juega, Dani Olmo, Oyarzábal o Baena. Incluso el púber back Cubarsí, el mejor jugador joven del mundial, sabe que tiene montado un sistema para jugar con Unai, aún en el límite de su área propia, y salir ileso.

Vuelvo al partido. Es el minuto 35 y ya tiene el 65% de posesión, entre otras razones que incluyen disciplina y simpleza, por la presencia del todocampista Rodri, capitán del campeón. O de los Rodri que parecen haber en el campo: siempre hay un volante con el 16 merodeando, recibiendo, cortando. Es un termómetro. Si hay una forma de explicar a la España de Luis De la Fuente, entendiendo que se define en las áreas, es investigando los movimientos del mediocampista del Manchester City. Lo que ocurra en el campo depende de sus intenciones.

¿Argentina? En términos futbolísticos, fue sometido por el dominio español, que traslada y toca, con paciencia, y que impidió cualquier asonada que insinúe peligro en el arco rival. Este dato explicaría su primer tiempo, sin tener que decir más: 0 remates al arco, 0 tiros de esquina y solo 185 pases. Y los liquida, con los números finales: no pateó nunca con real peligro de gol. En términos más emocionales, patrióticos si se quiere, fue un equipo al límite de la rendición. Solo cuando Lionel Messi retrocedió unos metros y se alejó de la pared española, Argentina provocó algo parecido a una reacción. Fue insuficiente. Los primeros 45 minutos terminaron 0-0, pero Argentina se fue al descanso derrotado anímicamente. La expulsión de Enzo Fernández casi al final del complemento fue, más que una señal, epitafio.

Lo que es virtud, sin embargo, podría convertirse en cansancio: España tuvo la pelota como si la hubiese inventado pero en 90 minutos no pudo concretar un gol. Así llegó al tiempo suplementario, en la búsqueda de un héroe. Dibu Martínez, por ejemplo, el mejor de los once argentinos, clave para detener hasta cuatro remates en más de 100 minutos y una influencia tal que, a los 102’, le atajó un cabezazo del milagroso Merino con los ojos. Y cuando parecía que los penales lo elevarían todavía más, ocurrió la catástrofe. La segunda vez que quiso hacer lo mismo debió usar los guantes: a los 106 minutos, Yamal tomó la mejor decisión del partido -no enganchar-, cedió a Porro que mandó largo, pasado, pivoteó Nico Williams y Ferrán Torres, uno de los 7 barcelonistas en el campo, metió un zurdazo que rompió el arco de Dibu. El sismo se sintió incluso en los cimientos del Obelisco.

España continuó jugando de la misma preciosa forma que inventaron Iniesta y Xavi, que cultivó Guardiola, hoy en la curaduría de estos señores: hacen fácil lo que parece imposible. Parecen máquinas. La sonrisa de los campeones, el sudor en sus camisetas, probó sin embargo que son hombres en estadio de gracia, felizmente."
https://elcomercio.pe/deporte-total/futbol-mundial/espana-puso-de-rodillas-a-francia-y-argentina-y-le-tenian-que-haber-dado-el-balon-de-oro-a-lionel-messi-que-piensan-los-periodistas-de-sudamerica-sobre-el-debate-final-que-dejo-el-mundial-2026-noticia/,“España puso de rodillas a Francia y Argentina” y “Le tenían que haber dado el Balón de Oro a Messi”: Qué piensan los periodistas de Sudamérica sobre el debate final qué dejó el Mundial 2026,"Tres periodistas peruanos y tres extranjeros analizan el título de España, la inolvidable actuación de Lionel Messi y el futbolista que hoy consideran el mejor del planeta, más allá del capitán argentino.",2026-07-21T16:42:33.863Z,"Los Mundiales suelen dejar campeones, goleadores y fotografías para la historia. Pero también abren debates que sobreviven mucho después del pitazo final. El Mundial 2026 no fue la excepción. España conquistó el planeta con una campaña extraordinaria, construida desde una solidez pocas veces vista -apenas recibió un gol en todo el torneo- y con la autoridad de haber eliminado a dos gigantes como Francia y Argentina. Al mismo tiempo, Lionel Messi volvió a desafiar cualquier lógica del deporte: a los 39 años anotó ocho goles, repartió cuatro asistencias y condujo a la Albiceleste hasta la final, en una actuación que para muchos merecía el Balón de Oro del campeonato.

El torneo también confirmó que el fútbol vive una transición generacional sin que el rey haya abandonado definitivamente el trono. Mientras jóvenes figuras como Lamine Yamal, Kylian Mbappé o Jude Bellingham siguen consolidándose como protagonistas del presente y del futuro, Messi volvió a demostrar que el talento no entiende de calendarios. Su Mundial fue una nueva victoria sobre el tiempo, un recordatorio de que los grandes genios encuentran la forma de reinventarse incluso cuando el físico parece dictar otra sentencia.

Con ese contexto, consultamos a seis periodistas -tres peruanos y tres extranjeros- para conocer sus conclusiones sobre la Copa del Mundo. Estas fueron las tres preguntas:

1. Sí, bien merecido el título mundial para España. Desde lo colectivo y también las individuales de jugadores como Cubarsí, Rodri, quien fue premiado con el Balón de Oro, y Dani Olmo. Línea por línea todos a la par, la propuesta de juego del técnico Luis De la Fuente es extraordinaria.

2. ⁠Lionel Messi, por todo lo que significa el para su selección y cómo llevó a su equipo a la final de la Copa del Mundo con 39 años. Marcó ocho goles y dio cuatro asistencia. Su torneo fue el mejor.

3. ⁠Me gustó el gran trabajo de Jude Bellingham con la selección de Inglaterra. Caí en la conclusión que hoy por hoy es el jugador más completo del mundo.

1. Sí, España fue el justo campeón. Colectivamente fue más fuerte. Argentina con más corazón que fútbol. Y, de principio a fin, España gobernó el partido, tuvo las más claras, hizo en algún momento figura al Dibu Martínez. Durante el partido te daba la sensación de que el gol iba a caer.

2. Lionel Messi. En este caso no aplica que la figura tenga que salir del campeón. Messi anotó ocho goles con 39 años. Creo que es un dato a tomar en consideración. Anotó en casi todos los partidos. Cuando se le pedía ser un revulsivo y ponerse el equipo al hombro, lo hizo. Y en una instancia tan definitiva como en las semifinales dio dos asistencias. En la final le faltó esa cereza de la torta, pero fue la figura.

3. A veces desaparece un poco en el Real Madrid, pero cuando juega por su selección es todo un caudillo, es el capitán de su equipo. Ha sido goleador del Mundial con diez tantos. Y siempre ha aparecido cuando las papas queman, siempre ha declarado en favor de su selección. Es un líder. Kylian Mbappé hoy, con su juventud y su voracidad, además de siempre llevar a su equipo a ser muy competitivo, después de este Mundial lo pongo por encima de todos.

1. Si. Inobjetable campeón. El juego más sólido, el MVP del torneo, el mejor jugador joven, un solo gol en contra en 8 partidos. Por dónde se le discute?

2. La figura Messi sin discusión, más allá de la elección de Rodri como MVP, son cosas distintas. Para mí Messi la figura y el mejor jugador Rodri.

3. Justamente la elección de Rodri te habla que los conceptos futbolísticos están cambiando. Hasta ayer los Pelé, Maradona, Messi eran los mejores sin dudas, creo que vamos a comenzar a ver con mejores ojos a los arquitectos que a los artistas. Se acabó vla era Messi, esperemos a donde nos llevan las nuevas tendencias.

1. España fue un justo campeón porque puso de rodillas a dos de las selecciones más dominantes de este último tiempo: Francia y Argentina. Por sus estilos, por sus formas, España los puso de rodillas. Creo que, además, jugó sus dos mejores partidos cuando los tenía que jugar. A un equipo que no le hacen goles, habla de la seriedad que tuvo el equipo español para ser campeón del mundo.

2. Rodri, el volante central de España, por su capacidad e inteligencia, por aparecer en momentos decisivos, por aportarle a su equipo su sapiencia, la calma, la serenidad como líder y como jugador. Después el podio lo completaron Mbappé y Messi por su calidad y cantidad de goles que marcaron.

3. Kylian Mbappé. Me parece que a Lamine Yamal todavía le falta. En la final tenía la gran chance de ser decisivo, pero no lo fue. Por los goles, por presente y por lo mostrado por la selección francesa, Mbappé hoy es el mejor jugador de la actualidad.

1. España tiene el mejor juego de posición. Dominó a todos sus rivales, ocupo bien los espacios y mantuvo su juego en todos los partidos.

2. Rodri fue el jugador perfecto para el equipo de De la Fuente. Claro en la salida, siempre bien ubicado y notable en las transiciones.

3. Mbappé fue el lider de Francia, dentro y fuera de la cancha. Fue el jugador más trascendente de uno de los mejores equipos.

1. España fue un justo campeón. Un equipo que la final la jugó muy bien y en semifinales barrió a Francia fácil.

2. La figura del Mundial fue Lionel Messi. Jugó un Mundial increíble. A los 39 años jugó como si tuviera 20. Le tenían que haber dado el Balón de Oro a él.

3. Mbappé es el mejor jugador del mundo actualmente por lo que representa con la selección de Francia y ya es el goleador histórico en los mundiales.

**********"
https://elcomercio.pe/deporte-total/futbol-mundial/ferran-torres-el-heroe-del-espana-campeon-el-dia-en-que-rompio-con-la-influencer-martina-hunter-y-como-se-recupero-de-ese-corazon-roto-hasta-la-final-noticia/,"Ferran Torres, el héroe del España campeón: el día en que rompió con la influencer Martina Hunter y cómo se recuperó de ese corazón roto hasta la final","Su gol hizo campeón a España ante Argentina en el Mundial 2026, pero la verdadera victoria de Ferran Torres comenzó mucho antes, lejos de los estadios y los reflectores: superó lesiones, dudas y un corazón roto.",2026-07-21T12:54:15.24Z,"Si llegamos a este mundo dando patadas. ¿Por qué no, Ferran? Qué importa si es un zurdazo al arco del Dibu Martínez o si es un patadón de derecha al banderín del córner. El fútbol de los mil toques, ese que domina, tritura y hace añicos a sus rivales en el

encontró en el héroe inesperado a un Ferran Torres que solo pateó fuerte con el alma y el corazón. Yamal arma, Porro centra, Williams pivotea y pie de Torres. El 1-0 que liquidó a la Scaloneta.

El delantero español levantó los brazos al cielo en el estadio que coronó a España campeona del Mundial 2026 y, por un instante, pareció abrazar algo más grande que una Copa del Mundo. No era únicamente el gol que derrumbó a Argentina en la final. Era la recompensa de un camino lleno de curvas, silencios y reconstrucciones.

España encontró en Ferran al protagonista que no todos esperaban. Porque mientras el mundo hablaba de Lamine Yamal, Pedri o Nico Williams como los rostros del presente, el valenciano apareció cuando más pesaba la pelota. Como los delanteros de raza. Como esos “9” que pueden pasar inadvertidos durante largos minutos, pero necesitan apenas un espacio para cambiar la historia.

¡¡MORDIÓ EL TIBURÓN!! EN LA PRIMERA JUGADA DEL SEGUNDO TIEMPO EXTRA, FERRAN TORRES ANOTÓ EL 1-0 DE ESPAÑA VS. ARGENTINA.

⚽

📺 Mirá los mejores partidos de la

por ESPN, en el Plan Premium de

No es casualidad que lo apoden “El Tiburón”. Los tiburones nunca dejan de avanzar. Si se detienen, mueren. Ferran hizo de esa filosofía una forma de vivir. Nació el 29 de febrero del 2000 en Foyos, un pequeño municipio valenciano donde apenas supera los ocho mil habitantes. Desde niño parecía entender el fútbol como un idioma natural. Su madre fue quien le regaló sus primeras chimpunes y, con apenas siete años, el Valencia lo incorporó a su academia. Ahí empezó un viaje que muy pronto dejaría de parecer un cuento de hadas.

La separación de sus padres durante su infancia marcó profundamente su crecimiento. Encontró refugio en su hermana Arantxa y en una pelota que parecía acompañarlo siempre. Mientras otros niños descubrían los juegos de barrio, Ferran aprendía que el fútbol podía convertirse también en un lugar seguro donde esconder las preocupaciones.

Con los años llegaron el Manchester City, el Barcelona y la selección española. También llegaron las expectativas. Y, con ellas, el golpe más duro. Tras el Mundial de Qatar 2022, Ferran reconoció públicamente que atravesó uno de los momentos más complejos de su carrera. No encontraba continuidad, sentía que perdía confianza y terminó entrando en un círculo del que no podía salir solo. Durante mucho tiempo creyó que todo estaba bien, hasta que aceptó buscar ayuda psicológica.

Aquella decisión cambió su carrera. “Cuando estás bien mentalmente, estás bien en todo lo demás”, resumió durante esta Copa del Mundo. Una frase sencilla que explica buena parte de su transformación. Ferran dejó de pelear contra sus propios pensamientos para volver a competir únicamente contra los defensores rivales.

Quizá por eso nunca volvió a esconder ese proceso. En un deporte donde durante décadas la fortaleza se confundió con el silencio, el delantero español decidió hablar de salud mental con naturalidad. No para convertirse en ejemplo, sino porque entendió que reconocer una dificultad también puede ser una forma de ganar.

FERRAN TORRES GARCIA 🇪🇸

Y entonces apareció Luis de la Fuente. El seleccionador encontró en Ferran un futbolista capaz de interpretar distintos roles ofensivos. No necesitaba monopolizar la pelota. Tampoco reclamar protagonismo. Su virtud consistía en aparecer exactamente donde el partido lo pedía.

Así fue creciendo durante el Mundial. Mientras otros atacantes acumulaban focos, Ferran fue acumulando confianza. Presionando alto, atacando espacios, ofreciendo desmarques invisibles para la mayoría y decisivos para sus compañeros. Un delantero moderno que entiende que muchas veces el gol empieza mucho antes del último toque.

La final terminó confirmándolo. Argentina había convertido el partido en una batalla física y emocional. España necesitaba un futbolista que encontrara una grieta cuando parecía que no existía ninguna. Ferran apareció entonces donde aparecen los grandes delanteros: dentro del área, con un movimiento preciso y una definición todavía mejor.

No fue únicamente el autor del gol del título. Fue el futbolista que resumió la paciencia de España durante noventa minutos. Su historia también explica otra característica poco común en la élite. Ferran jamás permitió que las críticas definieran su carrera. Durante años convivió con comparaciones permanentes, cuestionamientos sobre su continuidad en el Barcelona y debates sobre su verdadero techo futbolístico. Nunca respondió con declaraciones grandilocuentes. Prefirió hacerlo desde el césped.

Ferran Torres takes the final honours as your

Superior Player of the Match. 🏆

Y eso terminó construyendo su mejor argumento. Hoy, con apenas 26 años, Ferran Torres ya puede mirar hacia atrás y descubrir que casi todas las dificultades terminaron convirtiéndose en herramientas. La infancia complicada fortaleció su carácter. La falta de continuidad le enseñó paciencia. La ayuda psicológica le permitió conocerse mejor. Y los momentos de duda terminaron moldeando al delantero que hoy levanta la Copa del Mundo.

Hubo otra batalla que Ferran libró lejos de los estadios. En plena Copa del Mundo, distintos medios españoles informaron el final de la relación que mantenía con la creadora de contenido Martina Hunter. Ninguno de los dos hizo declaraciones públicas. Bastó un gesto propio de estos tiempos —dejar de seguirse en redes sociales— para que el entorno del delantero confirmara que cada uno seguiría su camino. Ferran eligió el silencio. El mismo silencio con el que enfrentó los momentos más difíciles de su carrera.

Quizá por eso su celebración en la final tuvo algo distinto. Fue la euforia desbordada de quien gana más que el Mundial. También pareció la liberación de un futbolista que aprendió a convivir con las derrotas invisibles. Porque antes de vencer a Argentina, Ferran ya había tenido que reconstruirse por dentro. Y cuando un delantero logra ordenar primero su cabeza y luego su corazón, el arco suele aparecer más grande que nunca.

Mientras el planeta fútbol seguirá recordando la final por el título de España, probablemente con el paso de los años también recuerde otra historia. La del niño nacido un 29 de febrero que aprendió a celebrar cumpleaños solo cada cuatro años. La del futbolista que descubrió que pedir ayuda también podía convertirlo en mejor delantero. La del “Tiburón” que nunca dejó de avanzar. Y que terminó mordiendo justo el día que España volvió a conquistar el mundo.

Las UA Shadow Elite 4 son el resultado de años de desarrollo enfocados en un solo objetivo: ayudar al jugador a cambiar de dirección en fracciones de segundo. Entre sus características técnicas más destacadas:

● Peso pluma: apenas 213 gramos, entre las botas de fútbol más ligeras del mercado.

● Suela de fibra de carbono con tacos cónicos colocados tácticamente, pensada para acelerar, frenar y cambiar de dirección con precisión.

● Empeine UA IntelliKnit, un tejido minimalista tipo ""segunda piel"" que ofrece ajuste ergonómico sin sacrificar sujeción.

● Microtextura háptica 3D en la zona de contacto con el balón, que mejora el golpeo tanto en seco como en mojado.

● Refuerzo 3D en el talón, que reduce el deslizamiento interno del pie durante esprints y giros bruscos."
https://elcomercio.pe/deporte-total/futbol-mundial/fifa-abre-la-votacion-para-elegir-el-equipo-ideal-del-mundial-2026-messi-mbappe-y-yamal-entre-los-candidatos-ultimas-noticia/,¿Quiénes integrarán el Dream XI del Mundial 2026? FIFA habilitó la votación para los hinchas,"La FIFA habilitó la votación para que los aficionados elijan el Dream XI del Mundial 2026 entre 28 futbolistas nominados. Lionel Messi, Kylian Mbappé y Lamine Yamal lideran la lista de candidatos.",2026-07-21T16:56:26.897Z,"Aunque el

ya terminó con España como campeón, la

mantiene abierta una de las últimas actividades del torneo:

La organización invitó a los hinchas de todo el mundo a escoger a los mejores jugadores del campeonato entre una lista de 28 candidatos, quienes podrán ser distribuidos en distintas alineaciones para conformar el once ideal.

Entre los futbolistas seleccionados aparecen varias de las grandes figuras que brillaron durante el Mundial 2026. En ataque destacan nombres como: Lionel Messi (Argentina), Kylian Mbappé (Francia), Erling Haaland (Noruega), Harry Kane (Inglaterra), Julián Quiñones (México) y Mikel Oyarzabal (España)

En el mediocampo figuran jugadores como Jude Bellingham, Rodri Hernández, Enzo Fernández, Vinícius Júnior, Ousmane Dembélé, Michael Olise, Luka Modrić, Ismael Saibari y Lamine Yamal.

Mientras tanto, en defensa aparecen Lisandro Martínez, Cristian Romero, Virgil van Dijk, Nuno Mendes, Marc Cucurella, Gabriel Magalhães, Dayot Upamecano y Pedro Porro.

En la portería fueron nominados Emiliano “Dibu” Martínez, Unai Simón, Jordan Pickford, Eloy Room y Vozinha.

La publicación de los candidatos también generó debate entre los hinchas debido a algunas ausencias importantes. Uno de los casos más comentados es el de Aymeric Laporte y Pau Cubarsí, quienes fueron titulares en la defensa de España durante gran parte del campeonato y contribuyeron a que la selección campeona terminara el Mundial como la menos goleada, con apenas un tanto recibido.

Especial atención despertó la exclusión de Cubarsí, quien fue reconocido como el Mejor Jugador Joven del Mundial 2026, pero no fue incluido entre los candidatos al equipo ideal. En cambio, la representación española en defensa quedó únicamente en manos de los laterales Marc Cucurella y Pedro Porro, una decisión que ya genera diversas reacciones entre los seguidores del torneo.

La FIFA informó que la votación se realiza a través de su plataforma oficial y permanecerá abierta hasta el martes 21 de julio a las 5:30 p.m. (hora peruana).

Los hinchas podrán armar su equipo utilizando cualquiera de estos tres sistemas tácticos: 4-3-3, 4-4-2 o 3-4-3.

A diferencia de otras distinciones del torneo, el Dream XI no será elegido por el Grupo de Estudios Técnicos de la FIFA ni por especialistas, sino exclusivamente por los votos de los hinchas."
https://elcomercio.pe/deporte-total/futbol-mundial/kylian-mbappe-revivio-el-partido-ante-la-seleccion-peruana-en-rusia-2018-era-como-si-jugaramos-en-peru-video-noticia/,“Era como si jugáramos en Perú”: Mbappé revivió el duelo ante la Bicolor en Rusia 2018 | VIDEO,El delantero francés recordó el partido ante la selección peruana en Rusia 2018 y destacó la presencia de miles de hinchas de la Blanquirroja.,2026-06-14T20:24:26.084Z,"Durante una reciente dinámica, el atacante francés aseguró que pocas veces sintió tanta presión por parte de una afición rival, pese a que el partido se disputó en un escenario neutral. “Fue una de las veces que me sentí más visitante en mi vida. Era como si estuviéramos jugando en Perú”, confesó.

Las palabras de Mbappé volvieron a poner en valor el histórico acompañamiento de los hinchas peruanos durante aquella Copa del Mundo. La selección dirigida por Ricardo Gareca regresaba al torneo después de 36 años de ausencia y movilizó a miles de seguidores hasta Rusia.

Precisamente, la afición peruana fue elegida como la Mejor Hinchada del 2018 por la FIFA, gracias al apoyo constante que brindó durante la participación de la Bicolor en Rusia. Aquel reconocimiento quedó como uno de los momentos más emotivos para el fútbol peruano.

El partido ante Francia también tuvo un significado especial para Mbappé. El delantero marcó el único gol del encuentro, consiguió su primera anotación en una Copa del Mundo y ayudó a que el equipo francés avance en el torneo."
https://elcomercio.pe/deporte-total/futbol-mundial/la-pelea-que-nadie-vio-roberto-ayala-y-el-desafortunado-golpe-que-le-propino-en-el-rostro-a-dani-olmo-en-plena-celebracion-espanola-mundial-2026-hoy-noticia/,La pelea que nadie vio: Roberto Ayala y el desafortunado golpe que le propinó en el rostro a Dani Olmo en plena celebración española,"El final del Mundial 2026 siguió dejando imágenes polémicas. En medio de los empujones entre argentinos y españoles, Roberto Ayala golpeó el rostro de Dani Olmo, una acción que pasó desapercibida en un primer momento y que luego se hizo viral.",2026-07-20T15:14:41.069Z,"La final del Mundial 2026 no terminó con el pitazo del árbitro. Mientras España celebraba la conquista del título y Argentina asimilaba la derrota por 1-0, un tumulto entre jugadores y miembros de ambos cuerpos técnicos dio lugar a una escena que las cámaras captaron casi por casualidad. En medio de los empujones y reclamos, Roberto “Ratón” Ayala golpeó en el rostro a Dani Olmo, una imagen que recién horas después comenzó a viralizarse en las redes sociales.

Todo ocurrió cuando la tensión se apoderó del césped tras el silbatazo final. El enfrentamiento iniciado por algunos futbolistas derivó en un amontonamiento al que también ingresaron integrantes de los comandos técnicos. Ayala, ayudante de Lionel Scaloni, intentaba abrirse paso entre la multitud para separar a los involucrados cuando lanzó un movimiento con su brazo derecho que terminó impactando de lleno en la cara de Dani Olmo, quien se encontraba muy cerca de la discusión.

Las imágenes muestran que el exdefensor argentino no buscó agredir al volante español de manera deliberada. El golpe se produjo en medio del desorden generado por los empujones entre ambos planteles y tomó por sorpresa al propio Olmo, que inmediatamente llevó sus manos al rostro. La acción pasó prácticamente inadvertida durante la transmisión en vivo, pero distintas repeticiones permitieron apreciar con claridad el contacto, convirtiéndolo en uno de los videos más comentados del pospartido.

AYALA even punched Dani Olmo, just ban them all for life.

El incidente se produjo en un contexto de máxima tensión. Minutos antes, Leandro Paredes había protagonizado fuertes cruces con Eric García -a quien llegó a sujetar del cuello- y posteriormente empujó a Gavi, quien terminó en el césped. Ese ambiente caldeado terminó involucrando también a miembros de los cuerpos técnicos, entre ellos Ayala, cuya intervención dejó una de las imágenes más inesperadas de la noche.

El golpe del “Ratón” Ayala a Dani Olmo añadió un nuevo capítulo a un cierre de final marcado por los nervios y la frustración de la selección argentina. Mientras España festejaba su segunda Copa del Mundo, las cámaras seguían registrando escenas que, lejos del fútbol, terminaron alimentando la polémica en el epílogo del Mundial 2026.

*********"
https://elcomercio.pe/deporte-total/futbol-mundial/lamine-yamal-el-saludo-de-la-wwe-a-la-estrella-de-espana-tras-lograr-el-titulo-en-el-mundial-2026-video-noticia/,El saludo de la WWE al título de Lamine Yamal en el Mundial 2026 | VIDEO,Lamine Yamal sigue cosechando elogios tras ganar la Copa del Mundo 2026 con España en su primera participación en este torneo.,2026-07-21T14:06:47.944Z,"La estrella de España recibió un peculiar saludo de la WWE (World Wrestling Entertainment), que es la mayor empresa de lucha libre profesional y entretenimiento deportivo en el mundo, en redes sociales. La compañía publicó un video de Yamal junto a este mensaje: “¡Que viva el Rey!“.

¡Que viva el Rey! ☝️😎🏆⚽

En la imágenes, que datan de marza del año pasado, se puede ver a Lamine posando con el cinturón de la WWE frente a los fans y en medio de la algarabía de la gente. El delantero de 19 años saludó para las cámaras y se mostró agradecido por el reconocimiento.

De inmediato, la publicación se hizo viral en redes sociales. Cientos de hinchas compartieron mensajes de felicitación a Yamal y a la selección española por lograr la Copa del Mundo. Con ello, la ‘Roja’ obtuvo su segunda estrella e igualó a Francia en cantidad de trofeos obtenidos."
https://elcomercio.pe/deporte-total/futbol-mundial/lionel-messi-la-foto-mas-viral-de-leo-en-el-mundial-2026-la-tomo-un-peruano-la-historia-de-andres-lino-un-viaje-por-carretera-y-de-un-angulo-unico-que-conmovio-al-mundo-tlcnota-noticia/,La foto más viral de Messi en el Mundial la tomó un peruano: La historia detrás de un viaje por carretera y de un ángulo único que conmovió al mundo,"Andrés Lino recorrió más de trece horas por carretera para llegar a la semifinal del Mundial 2026. Allí, desde un ángulo que nadie más eligió, captó una imagen que ya quedó grabada en la memoria del fútbol: Lionel Messi observando fijamente a Harry Kane.",2026-07-22T16:58:09.523Z,"Cuando Argentina selló su clasificación a una nueva final del mundo y Messi volvió a conducir a su selección con una actuación memorable, aquella fotografía dejó de ser simplemente una gran imagen. Se convirtió en un símbolo. Porque en esa expresión serena, capturada justo antes de que rodara el balón, millones de argentinos volvieron a encontrar un recuerdo que creían reservado para la eternidad: el de Diego Armando Maradona observando fijamente a Giuseppe Bergomi antes del partido por la segunda fecha de la fase de grupos de México 1986. Cuarenta años después, la historia parecía repetirse con otro capitán, otro Mundial y otro capítulo inolvidable para la Albiceleste.

Lo que casi nadie sabía era que detrás de esa fotografía existía otra historia igual de extraordinaria. No comenzaba en el estadio ni en el sorteo de capitanes. Empezaba muchos kilómetros antes, en una carretera interminable entre Dallas y Atlanta, donde un fotógrafo peruano luchaba contra el reloj para no perder el partido más importante de su carrera.

Andrés Lino, fundador de ITEA Sport, jamás imaginó que la imagen que daría la vuelta al mundo estaría precedida por una odisea. Su agencia nació hace trece años cubriendo el Rally Dakar, aunque la verdadera pasión por el fútbol venía desde mucho antes. La heredó de su padre, quien durante su infancia lo llevaba desde Huancayo hasta Lima en viajes de siete horas para asistir a partidos de Copa Libertadores. Muchas veces el autobús llegaba tarde y entraban al Estadio Nacional cuando el encuentro ya había comenzado, pero aquello nunca importó. Lo esencial era compartir el camino.

La semifinal entre Argentina e Inglaterra parecía escapársele de las manos incluso antes de disputarse. La confirmación de su acreditación llegó apenas un día antes del encuentro y los pasajes aéreos habían alcanzado precios inalcanzables. Alquilar un vehículo tampoco parecía posible: las empresas ya no tenían unidades disponibles debido a la demanda del Mundial. Cuando todo indicaba que el viaje terminaría allí, un grupo improvisado de fotógrafos de distintas nacionalidades decidió unir esfuerzos. Compartieron gastos, consiguieron un vehículo casi de milagro y emprendieron un recorrido de trece horas por carretera.

El trayecto fue agotador. Viajaban siete personas prácticamente sin espacio para moverse, turnándose para mantener despierto al único conductor con café, bebidas energéticas y conversaciones que evitaran el sueño. Llegaron al estadio apenas una hora y media antes del inicio, demasiado tarde incluso para recoger equipos prestados, por lo que Andrés debió trabajar únicamente con el material que llevaba consigo. En ese momento todavía no lo sabía, pero cada obstáculo terminaría encontrando sentido unas horas después.

Mientras la mayoría de fotógrafos elegía trabajar al borde del campo, Andrés tomó una decisión que parecía poco lógica: pidió una ubicación en la parte alta del estadio. No fue producto del azar. Desde hacía tiempo perseguía una idea fija. Siempre había querido recrear aquella fotografía de Maradona ante Italia en México 1986, pero cada vez que intentaba hacerlo desde abajo encontraba el mismo problema: las cámaras oficiales bloqueaban completamente el momento del sorteo. “La única forma de conseguir esa foto era desde arriba. Si después me tapaban o no se daba, ya era cuestión del destino”, explica.

Instalado en su posición, montó un teleobjetivo de 400 milímetros y comenzó a trabajar. La primera imagen que buscó fue el saludo entre Messi y Kane, pero la perdió porque otros equipos bloquearon su visión. Por un instante sintió que la oportunidad había desaparecido. Sin embargo, siguió disparando.

Entonces ocurrió. Observó que la cámara oficial no interfería esta vez con el encuadre. Messi y Kane avanzaron hacia el centro del campo. Andrés levantó ligeramente el cuerpo y comenzó a disparar. No fueron cientos de fotografías. Apenas ocho o diez. Solo después, al revisar la secuencia, comprendió que había capturado algo irrepetible.

“Messi nunca dejó de mirar a Kane. Desde que le dio la mano hasta que terminó el lanzamiento de la moneda no apartó la vista.

”. El instante era todavía más extraordinario porque coincidía con otro detalle casi imposible de calcular. La moneda aparecía suspendida exactamente entre las manos del árbitro. El margen de error era mínimo. Bastaba disparar unas décimas antes o después para perder la composición. “Tuve suerte, claro, pero también había que estar preparado para ese momento”, admite.

Cuando terminó el protocolo previo al partido aún no imaginaba la dimensión de lo que acababa de registrar. Recién un colega argentino, Adrián Michelena, le escribió poco después con una frase que cambiaría todo: “tienes la foto de la historia”.

Comenzaron entonces a revisar las principales agencias internacionales: Getty Images, Reuters, las galerías oficiales de FIFA. Había miles de fotografías de aquella semifinal, pero ninguna mostraba el mismo ángulo ni la misma composición. La comparación con Maradona apareció de inmediato y la imagen empezó a recorrer Argentina con una velocidad inesperada. Medios nacionales, páginas especializadas e incluso cuentas ajenas al fútbol comenzaron a compartirla como una de las postales más representativas del Mundial. En pocos días acumuló millones de visualizaciones y cientos de miles de reacciones.

Para Andrés, sin embargo, el momento más importante había ocurrido mucho antes de que la fotografía se hiciera viral.

Tres años atrás había despedido a su padre colocando dentro del ataúd la primera credencial que obtuvo para cubrir un Mundial, la de Rusia 2018. Era la forma de agradecerle todos aquellos viajes en autobús, todas las tardes de fútbol y el amor por un deporte que terminó convirtiéndose en su profesión.

Por eso, cuando observó la imagen de Messi mirando fijamente a Kane, no pensó primero en la repercusión internacional. Pensó en él. “

Quizá por eso la historia de esa imagen conmueve tanto. Porque no habla únicamente de Messi, de Maradona o de Inglaterra. También habla de un hijo que cruzó medio Estados Unidos persiguiendo una intuición, de un fotógrafo que entendió que las mejores imágenes no siempre nacen durante un gol y de una promesa hecha muchos años atrás en una tribuna del Estadio Nacional.

Andrés Lino suele repetir que las jugadas espectaculares siempre existirán porque hay miles de fotógrafos alrededor del campo. Lo verdaderamente difícil es encontrar una historia en medio del ruido. Aquella tarde, mientras millones de personas solo esperaban el inicio de una semifinal, él encontró un puente entre dos generaciones del fútbol argentino. Descubrió que, a veces, la historia vuelve a escribirse en silencio, apenas con una mirada. Y tuvo el privilegio -o el destino- de ser el único que estuvo exactamente en el lugar indicado para inmortalizarla."
https://elcomercio.pe/deporte-total/futbol-mundial/lionel-messi-rompe-el-silencio-tras-perder-la-final-del-mundial-2026-con-argentina-el-dolor-es-muy-grande-noticia/,Lionel Messi rompe el silencio tras perder la final del Mundial 2026: “El dolor es muy grande”,"El capitán de Argentina envió un emotivo mensaje luego de la derrota ante España en la final del Mundial 2026. “Va a costar que cierre esta herida”, escribió.",2026-07-20T19:02:15.711Z,"“El dolor es muy grande y va a costar que cierre esta herida. Pero también me quedo con todo lo bueno“, expresó el futbolista argentino. Messi destacó que, pese al desenlace, la selección volvió a demostrar carácter en los momentos más difíciles del torneo y recordó las remontadas que llevaron al equipo hasta el último partido de la Copa del Mundo.

“Me quedo con los partidos que dimos vuelta dejando todo y que quedarán para siempre en la memoria, con el apoyo de un país entero que junto con el trabajo y el esfuerzo de este grupo nos llevó a volver a estar, una vez más, entre los mejores del mundo“, señaló el ’10′.

Más allá de la decepción por no haber podido defender el título conseguido en Qatar 2022, Messi pidió poner en perspectiva lo alcanzado por la Albiceleste. “Hoy cuesta valorar lo que hicimos, pero este grupo llegó a dos finales consecutivas de la Copa del Mundo“, afirmó, resaltando un logro que muy pocas selecciones han conseguido en la historia del fútbol.

Antes de cerrar su mensaje, Lionel Messi tuvo un gesto de deportividad con el nuevo campeón del mundo. El delantero felicitó a España por la conquista del título y reconoció el mérito del conjunto dirigido por Luis de la Fuente, que se impuso por 1-0 en la final para levantar su segunda Copa del Mundo."
https://elcomercio.pe/deporte-total/futbol-mundial/mundial-2026-cubarsi-diomande-y-mora-los-hombres-del-futuro-que-dejo-el-mundial-2026-y-como-moveran-el-millonario-mercado-de-fichajes-en-europa-tlcnota-noticia/,"Cubarsí, Diomandé y Mora, los hombres del futuro que dejó el Mundial 2026 y cómo moverán el millonario mercado de fichajes en Europa","Estos son los siete futbolistas que brillaron en el Mundial 2026 y, ahora, hay que seguir esta temporada en la LaLiga, Premier League, Bundesliga, Ligue 1 y, por ahora, Liga MX.",2026-07-22T16:53:12.023Z,"en el ‘Viejo Continente’. La novela de Julián Álvarez entre el Atlético de Madrid y FC Barcelona se lleva todos los índices de sintonía en Latinoamérica y Europa, pero la aparición de estos jóvenes en la Copa del Mundo también le genera atención a los que vivimos los 104 partidos entre junio y julio.

¿Quiénes son?

quien acaba de graduarse en la secundaria de Tijuana y sueña con emigrar a una de las cinco grandes ligas del mundo.

Anderson. Quizás ya no sea un desconocido tras la inversión de 135 millones de euros de parte del Manchester City procedente del Nottingham Forrest, aunque

detrás de Neymar, Kylian Mbappé, Ousmane Dembélé y Alexander Isak.

, su abuela por parte de padre es de Glasgow y jugó un partido con la Sub21 en el 2022; sin embargo, se decidió un año después por Inglaterra al convencerse de que es lo suficiente bueno para estar con los ‘Three Lions’. Esta temporada, luego de la cita mundialista, Anderson cumplirá otro sueño: debutar en la Champions League.

Imagina ese mediocampo con Rodri, Anderson es uno de los jóvenes a seguir este 2026/27.

Pau Cubarsí juega como si el tiempo no existiera.

Además, el trofeo de “Mejor Jugador Joven” se fue con él a casa. Mientras otros defensores despejaban el peligro, él prefería empezar las jugadas desde el fondo, como si cada pase fuera una extensión del estilo que aprendió en La Masía.

Su torneo confirmó que no es solo una promesa del Barcelona, sino uno de los zagueros llamados a marcar la próxima década del fútbol europeo. En una España campeona, Cubarsí respondió con personalidad ante delanteros de talla mundial y consolidó una sociedad defensiva que sostuvo al equipo durante toda la Copa.

El mercado de pases que se avecina inevitablemente volverá a poner su nombre sobre la mesa. Gigantes de la Premier League y de otras ligas seguirán de cerca su evolución, aunque en el Barcelona el plan parece claro: convertirlo en el líder de la defensa del presente y del futuro. Con contrato de larga duración hasta 2029 y la confianza absoluta del club, el Mundial no hizo más que aumentar su valor. Hoy está tasado en 80 millones de euros. Mañana deberá costar el doble. Cubarsí ya no es la joya escondida de La Masía; es una realidad que Europa observa con atención.

Le llaman así en su país y, aunque suene a cliché, el brasileño es su máximo ídolo. De adolescente, siempre estuvo viendo videos de Ronaldo Nazario, Ronaldinho y Neymar para perfeccionar un regate que generó aplausos en el Mundial.

Tiene una carrera vertiginosa. Debutó con 16 años y, al año siguiente, con apenas 17, fue traspasado al Brujas por 5.7 millones de euros, para que posteriormente Leipzig desembolsa 21 millones de euros por él. De no mediar inconvenientes, el extremo seguirá en la Bundesliga. Probablemente veamos un duelo con Fabio Gruber, fichado este verano por el Mainz 05.

Su futuro es meteórico y fijo que lo veremos muy pronto en un equipo más grande.

Una lesión en la rodilla le impidió estar en los dieciseisavos de final ante Colombia y los cuartos ante Argentina, aunque eso no impidió que su entorno lo convirtió en el suizo más caro de la historia del balompié: Aston Villa pagó más de 60 millones de euros por el exjugador de Friburgo.

ante la persecución política que sufría en la región. Ambos se conocieron en Ginebra para engendrar a Johan Manzambi, quien soñaba más con ser arquero que atacante.

En la Copa del Mundo marcó tres goles, fue el mejor jugador de los helvéticos y también lo veremos esta temporada en la UEFA Champions League. Manzambi no tiene techo.

Aún no se oficializa su pase al PSG o Liverpool, pese a que media Europa pregunta por él. Hace tres años, nadie lo tenía en el radar. El Leganés llamó a su puerta antes de que decidiera renunciar a su sueño de ser futbolista y el Leipzig fue la plataforma para que consolidara como promesa.

Diomandé es un extremo izquierdo con la pierna derecha que pronto llegará a la cima. El compañero de Antonio Nusa ha sido tasado en más de 100 millones de euros por el mismo Leipzig.

Vistió la camiseta de Francia en la Sub16, 17, 18, 20 y 21, para -finalmente- decidirse por Marruecos, para defender la nación de sus padres. Bouaddi, el futbolista que ni Zinedine Zidane pudo convencer, es otro de los jugadores jóvenes que deja esta Copa del Mundo. Fue formado en el Lille, manteniendo una destacada formación académica:

Bouaddi ha practicado la gimnasia, natación, bádminton y balonmano, aunque con el fútbol se ha hecho un nombre. Por ahora, solo suena en los mejores clubes del mundo. Para seguirlo en el 2026/27, toca ver los encuentros en las plataformas de streaming.

Su papá Gilberto Mora Olayo se ha unido al comando técnico de Sebastián Abreu en los Xolos de Tijuana y el ‘Loco’ ha afirmado que ya no es más el “’El Loco’ Abreu, cuatro veces campeón de goleo de México’. En los próximos meses es el entrenador de Mora.

Xolos trabajará la parte física del jugador para tenerlo listo cuando dé el salto a Europa. Será en poco tiempo, jugó una gran Copa del Mundo."
https://elcomercio.pe/deporte-total/futbol-mundial/mundial-2026-cubarsi-simon-y-rodri-fueron-premiados-tras-coronarse-campeones-del-mundo-noticia/,"Mundial 2026: Cubarsí, Simón y Rodri fueron premiados tras coronarse campeones del mundo",El capitán de la selección argentina no pudo contener el llanto tras no poder conseguir otro título mundial.,2026-07-19T23:28:43.154Z,"España se coronó campeona del Mundial 2026 al vencer 1-0 a Argentina en el Estadio MetLife. La selección española dominó la posesión frente a una Albiceleste fatigada.

El portero Emiliano “Dibu” Martínez emergió como la gran figura argentina al salvar múltiples ocasiones claras, pero no tuvo nada que hacer ante un fuerte disparo de Ferrán Torres.

De esta manera, ‘La Furia Roja’ obtuvo su segunda estrella tras conseguir la primera en el 2010.

EL ABRAZO ENTRE LAMINE YAMAL Y LIONEL MESSI"
https://elcomercio.pe/deporte-total/futbol-mundial/mundial-2026-no-tenia-dinero-para-llegar-a-fin-de-mes-la-emotiva-historia-de-chari-pena-mama-de-fabian-ruiz-que-limpiaba-los-vestuarios-del-betis-para-criar-al-campeon-del-mundo-con-espana-noticia/,"“No tenía dinero para llegar a fin de mes”: La emotiva historia de Chari Peña, mamá de Fabián Ruiz, que limpiaba los vestuarios del Betis para criar al campeón del mundo","Antes de levantar la Copa del Mundo con España, Fabián Ruiz fue el hijo de una madre que luchó contra la pobreza, la soledad y el cansancio. Chari Peña limpió vestuarios y gradas del Betis para sacar adelante a sus tres hijos. Hoy, su historia emociona tanto como el título mundial.",2026-07-21T15:06:33.002Z,"Cuando el árbitro señaló el final de la final del Mundial 2026 y España se proclamó campeona del mundo, millones de personas vieron a Fabián Ruiz celebrar con la medalla colgada al cuello. Pero detrás de esa sonrisa había una historia de sacrificio que comenzó mucho antes de los estadios llenos y los títulos. En las gradas, o quizás frente a un televisor, una mujer entendía mejor que nadie el significado de ese momento. Era Chari Peña, su madre, quien durante años limpió vestuarios y gradas del Real Betis para que su hijo pudiera perseguir el sueño de ser futbolista. Horas después del título, Fabián compartió una fotografía con ella y una frase que resumió toda una vida: “Mamá, todo valió la pena”.

No fue un camino sencillo. Chari tuvo que criar sola a sus tres hijos después de separarse y asumir todas las responsabilidades del hogar. El dinero apenas alcanzaba para sobrevivir. “No tenía dinero para llegar a fin de mes”, recordó en una entrevista, al rememorar aquellos años en los que cada gasto suponía un problema y el futuro parecía una incógnita. Aun así, nunca permitió que sus hijos sintieran que los sueños estaban prohibidos.

El punto de inflexión llegó cuando Fabián fue fichado por las divisiones infantiles del Betis. El club no solo abrió las puertas al joven futbolista, sino también a su madre. Le ofrecieron un empleo en la lavandería y en la limpieza de los vestuarios y las gradas del estadio. Chari aceptó sin dudar. “Tuve que sacarlos adelante sola”, contó. Cada mañana llegaba al estadio desde las siete para cumplir su jornada mientras, a pocos metros, su hijo entrenaba con la ilusión de convertirse algún día en profesional.

Aquellas jornadas eran largas y agotadoras, pero también estaban cargadas de esperanza. Mientras limpiaba los camerinos que utilizaban los futbolistas del primer equipo, imaginaba que algún día Fabián estaría allí, no como una promesa, sino como uno de ellos. “Nunca me avergoncé de mi trabajo. Al contrario, era la forma de sacar adelante a mis hijos”, ha explicado en más de una oportunidad. Su esfuerzo fue tan representativo que, en 2018, el propio Betis la convirtió en protagonista de una campaña de abonados, donde aparecía trabajando antes de encontrarse con su hijo dentro del estadio.

Después de quince años en el club, Chari pudo retirarse. Ya no era necesario seguir limpiando vestuarios. Fabián había construido una exitosa carrera que lo llevó desde el Betis hasta convertirse en figura del fútbol europeo y pieza clave de la selección española. Sin embargo, nunca olvidó de dónde venía. “Mi madre lo ha dado todo por nosotros”, ha repetido el mediocampista en distintas entrevistas, consciente de que cada paso de su carrera comenzó con el sacrificio silencioso de ella.

Mamá, todo mereció la pena 🤍

Por eso, la imagen que compartió tras conquistar el Mundial tuvo un significado especial. No fue una fotografía con el trofeo ni con sus compañeros, sino un homenaje a quien estuvo presente desde el primer día. “Mamá, todo valió la pena”, escribió. En esas cinco palabras cabían los madrugones, los suelos que fregó, los meses en los que el dinero no alcanzaba, las preocupaciones que nunca confesó y la fuerza con la que sostuvo a toda una familia.

España celebró un nuevo campeonato del mundo gracias al talento de futbolistas como Fabián Ruiz. Pero detrás de esa estrella también hay historias invisibles que rara vez aparecen en las estadísticas. La de Chari Peña es una de ellas. Porque mientras su hijo levantaba la Copa, millones conocieron a la mujer que durante años limpió los vestuarios del Betis para que él nunca dejara de creer. Si Fabián es campeón del mundo, ella también lo es. Solo que su título empezó mucho antes de que sonara el himno en una final.

********"
https://elcomercio.pe/deporte-total/futbol-mundial/mundial-2026-se-opero-vinicius-jr-las-especulaciones-que-circulan-en-redes-por-su-nuevo-rostro-noticia/,¿Se operó Vinícius Jr.? Las especulaciones que circulan en redes por su “nuevo rostro”,"El delantero brasileño volvió a ser tendencia, esta vez fuera de las canchas. Su reaparición durante las vacaciones desató una ola de comentarios por un evidente cambio en su rostro.",2026-07-21T16:55:16.691Z,"Vinícius Jr. acaparó la atención de millones de aficionados, pero esta vez no fue por un gol o una jugada espectacular. El delantero del Real Madrid reapareció públicamente durante sus vacaciones tras la eliminación de Brasil en el Mundial 2026 y su aspecto físico sorprendió a propios y extraños. Las imágenes difundidas en redes sociales provocaron una avalancha de comentarios sobre un aparente cambio en su rostro, dando pie a una pregunta que rápidamente se volvió viral: ¿se sometió a una cirugía estética?

Según distintos medios brasileños, el atacante se habría realizado una armonización de mentón, un procedimiento estético destinado a definir el contorno de la mandíbula y mejorar el equilibrio facial. Las informaciones señalan que la intervención se llevó a cabo en una clínica de Goiania bajo estrictas medidas de privacidad y estuvo a cargo del dermatólogo Alessandro Alarcao, quien incluso habría viajado desde Miami exclusivamente para atender al futbolista.

Las primeras fotografías del nuevo aspecto de Vinícius comenzaron a circular a través de publicaciones de personas cercanas a él y rápidamente se hicieron virales. Muchos usuarios aseguraron que el brasileño luce “irreconocible”, mientras otros consideraron que los cambios son sutiles y responden simplemente a la barba, el ángulo de las fotografías o la inflamación habitual tras un procedimiento estético. El propio futbolista, hasta el momento, no ha confirmado ni desmentido públicamente la intervención.

🚨 Vini Jr. underwent a CHIN AUGMENTATION surgery in Brazil yesterday and now looks completely different. 🤯

I hope he kept the receipt. 🧾

🗞️

El procedimiento no tendría ninguna relación con una lesión o con su preparación para la próxima temporada. De acuerdo con los reportes, se trata de una decisión exclusivamente estética aprovechando el período de descanso posterior al Mundial. Tampoco existe información de que el tratamiento afecte su incorporación a la pretemporada del Real Madrid, donde volverá a ser una de las principales figuras del equipo.

😮 El brasileño Vinícius Júnior sorprendió con un nuevo aspecto tras someterse a una cirugía de armonización facial en Goiânia.

💉 El procedimiento, realizado por el dermatólogo Alessandro Alarcão, utilizó rellenos para dar mayor definición a su mentón, un rasgo que fue objeto…

Mientras el debate continúa en las redes sociales, Vinícius vuelve a demostrar que genera repercusión incluso lejos de los terrenos de juego. Su supuesto “nuevo rostro” se convirtió en uno de los temas más comentados del día y confirmó que cualquier cambio en la imagen de una de las grandes estrellas del fútbol mundial termina multiplicándose a la velocidad de internet.

********"
https://elcomercio.pe/deporte-total/futbol-mundial/mundial-2026-un-triunfo-sobre-la-delincuencia-argentina-la-feroz-calificacion-de-the-telegraph-tras-la-consagracion-de-espana-noticia/,“Un triunfo sobre la delincuencia argentina”: La feroz calificación de The Telegraph tras la consagración de España,La derrota de Argentina en la final del Mundial 2026 no solo generó repercusiones deportivas. El diario británico The Telegraph publicó un duro editorial en el que celebró el título de España con una frase que desató una ola de indignación entre los hinchas argentinos.,2026-07-20T15:00:59.393Z,"La

como campeona del Mundial 2026 abrió un nuevo foco de polémica fuera de las canchas. Horas después de la final disputada en el MetLife Stadium, el diario británico The Telegraph publicó un artículo en el que celebró el triunfo de la Roja con un título que rápidamente dio la vuelta al mundo: “Un triunfo sobre la delincuencia argentina”. La expresión generó un fuerte rechazo en redes sociales y reavivó la rivalidad entre argentinos e ingleses, todavía marcada por la reciente semifinal que enfrentó a ambas selecciones.

En el texto, el medio inglés sostuvo que España había logrado imponerse a una selección argentina que, según su interpretación, recurrió constantemente a las faltas, las protestas y las provocaciones durante la final. El artículo hizo especial referencia a las acciones de algunos futbolistas albicelestes en los minutos finales y después del pitazo definitivo, como los incidentes protagonizados por Leandro Paredes, quien fue captado sujetando del cuello a Eric García y luego empujando a Gavi en medio de los festejos españoles.

El editorial no tardó en generar controversia por el uso del término “delincuencia” para referirse al comportamiento de los jugadores argentinos. En las redes sociales, miles de aficionados cuestionaron el lenguaje empleado por el periódico, al considerar que excedía el análisis deportivo y caía en una descalificación generalizada hacia la Albiceleste. Otros usuarios, en cambio, defendieron la postura del diario y argumentaron que reflejaba la tensión vivida durante una final cargada de roces y enfrentamientos.

La publicación también fue interpretada como una continuación del clima de rivalidad que quedó instalado tras la eliminación de Inglaterra en semifinales precisamente a manos de Argentina. Durante los días previos y posteriores a ese encuentro hubo cruces entre exfutbolistas, analistas y medios británicos, que cuestionaron el estilo de juego del equipo de Lionel Scaloni. El artículo de The Telegraph terminó alimentando aún más ese debate.

Argentine players punched, kicked and grabbed their Spanish counterparts by the throat as the World Cup final turned ugly after the final whistle.

Watch the whole moment, and see how things unfolded on the pitch in our report 👇

Más allá de la polémica, el título del diario inglés se convirtió en uno de los temas más comentados tras el cierre del Mundial 2026. Mientras España celebraba la conquista de su segunda Copa del Mundo, las repercusiones de la final siguieron multiplicándose lejos del terreno de juego, demostrando que las grandes rivalidades del fútbol también se juegan en los titulares.

********"
https://elcomercio.pe/deporte-total/futbol-mundial/mundial-2030-con-64-equipos-alejandro-dominguez-presidente-de-la-conmebol-anuncio-aumento-de-selecciones-en-la-copa-del-mundo-noticia/,¡Oficial! Presidente de la Conmebol anunció que el Mundial 2030 se jugará con 64 equipos,Alejandro Domínguez hizo el anuncio oficial en sus redes sociales tras la finalización del Mundial 2026.,2026-07-20T18:23:57.745Z,"¡Es oficial! El Mundial 2030 se jugará con 64 selecciones, así lo confirmó Alejandro Domínguez, presidente de la Conmebol, en sus redes sociales.

""¡El próximo se juega en casa! En 2030 se viene el Mundial de Uruguay, Argentina y Paraguay, Una gran oportunidad para el fútbol, para celebrar el Centenario de la Copa del Mundo con una competencia con 64 equipos“, posteó el directivo.

Como se sabe, la próxima Copa del Mundo tendrá seis sedes: Argentina, Uruguay, Paraguay, España, Portugal y Marruecos, con el fin de conmemorar los cien años de la creación del máximo torneo.

De esta manera, las plazas para los clasificados volverán a aumentar de 48 a 64.

¡El próximo se juega en casa! En 2030 se viene el Mundial de Uruguay, Argentina y Paraguay, Una gran oportunidad para el fútbol, para celebrar el Centenario de la Copa del Mundo con una competencia con 64 equipos"
https://elcomercio.pe/deporte-total/futbol-mundial/paredes-vs-gavi-el-reto-de-lamine-yamal-en-la-celebracion-de-la-seleccion-de-espana-video-noticia/,“Paredes vs. Gavi”: El reto de boxeo de Lamine Yamal en la celebración de la selección de España | VIDEO,El delantero español sostuvo un letrero en el que retó a Leandro Paredes y Gavi a una pelea de boxeo.,2026-07-20T21:17:04.669Z,"Leandro Paredes protagonizó una de las imágenes más lamentables tras finalizar el duelo entre Argentina y España por la final del Mundial 2026. El mediocampista de Boca Juniors arremetió primero contra Eric García y luego contra Gavi, quien había acudido en ayuda de su compañero.

El mediocampista español fue el quien llevó la peor parte, pues fue derribado en su confrontación con Paredes.

No obstante, la selección española se tomó este episodio con humor. Durante el recorrido de los campeones por las calles de Madrid, Lamine Yamal retó a ambos futbolistas a un duelo de boxeo.

Lamine sostuvo un cartel que profesaba: “Velada del Año VII: Paredes vs. Gavi”, en alusión al evento de boxeo amateur y al enfrentamiento entre el argentino y el español al terminar la final del Mundial que está siendo investigado por la FIFA. Al ver el texto, Yamal dijo a cámara: “Nos vemos”.

""VELADA DEL AÑO VII, PAREDES VS. GAVI""

El cartel de los jugadores de España en pleno festejo por la Copa del Mundo."
https://elcomercio.pe/deporte-total/futbol-mundial/partidos-de-hoy-lunes-20-de-julio-del-2026-resultados-programacion-horarios-canales-tv-y-donde-ver-futbol-en-vivo-streaming-noticia/,"Partidos de hoy, lunes 20 de julio del 2026: horarios y canales TV y dónde ver fútbol EN VIVO","Partidos de hoy, lunes 20 de julio del 2026: revisa la programación completa del Fútbol En vivo que se juega en el día.",2026-07-20T17:31:25.599Z,".

Los mejores equipos de cada liga, luchan por el liderato y alzar el trofeo a final de temporada, es por eso que cada fecha importa y aquí, te mostraremos todos los partidos más relevantes y veas el fútbol en directo desde señal abierta o cable."
https://elcomercio.pe/deporte-total/futbol-mundial/partidos-de-hoy-martes-21-de-julio-del-2026-resultados-programacion-horarios-canales-tv-y-donde-ver-futbol-en-vivo-streaming-noticia/,"Partidos de HOY, martes 21 de julio del 2026: hora, canal TV y cómo ver fútbol EN VIVO","Partidos de hoy, martes 21 de julio del 2026: revisa la programación completa del Fútbol En vivo que se juega en el día.",2026-07-21T19:36:19.168Z,".

Los mejores equipos de cada liga, luchan por el liderato y alzar el trofeo a final de temporada, es por eso que cada fecha importa y aquí, te mostraremos todos los partidos más relevantes y veas el fútbol en directo desde señal abierta o cable."
https://elcomercio.pe/deporte-total/futbol-mundial/partidos-de-hoy-miercoles-22-de-julio-del-2026-horarios-y-canales-tv-para-ver-futbol-en-vivo-noticia/,"Partidos de hoy, miércoles 22 de julio del 2026: agenda, hora y dónde ver fútbol en vivo","Partidos de hoy, miércoles 22 de julio del 2026: revisa la programación completa del Fútbol En vivo que se juega en el día.",2026-07-22T17:33:11.454Z,".

Los mejores equipos de cada liga, luchan por el liderato y alzar el trofeo a final de temporada, es por eso que cada fecha importa y aquí, te mostraremos todos los partidos más relevantes y veas el fútbol en directo desde señal abierta o cable."
https://elcomercio.pe/deporte-total/futbol-mundial/pau-cubarsi-revela-que-sintio-al-enfrentar-a-messi-en-la-final-del-mundial-me-da-pena-verlo-perder-mundial-2026-ultimas-noticia/,Pau Cubarsí revela qué sintió al enfrentar a Messi en la final del Mundial: “Me da pena verlo perder”,El defensor de España confesó que conocer a Lionel Messi antes de la final fue un momento inolvidable y reconoció que sintió tristeza al verlo perder el título mundial.,2026-07-20T16:30:39.72Z,", una de las figuras de la selección de España campeona del Mundial 2026, confesó que vivir la final frente a

fue un momento que jamás olvidará. El joven defensor reconoció que el capitán argentino es su máximo ídolo y aseguró que le produjo tristeza verlo perder el partido decisivo, aunque celebró con emoción la conquista del título.

El zaguero también contó cómo fue el inesperado momento en el que conoció cara a cara al futbolista argentino antes del encuentro.

En declaraciones al programa Partidazo COPE, Cubarsí recordó el instante en el que Messi se acercó a saludarlo en el vestuario antes de disputar la final.

, reveló el defensor español.

El defensor explicó que, una vez iniciado el partido, dejó de lado la admiración para concentrarse únicamente en ayudar a España a conseguir el campeonato.

Tras la victoria española, Cubarsí aseguró que vencer a Argentina en una final del Mundial es un logro inolvidable, pero resaltó que enfrentarse a Lionel Messi en el escenario más importante del fútbol fue un privilegio.

, confesó.

Con apenas 19 años, Pau Cubarsí forma parte de una generación de futbolistas que creció viendo a Lionel Messi dominar el fútbol mundial con el FC Barcelona y la selección argentina.

— PAU CUBARSÍ (Partidazo COPE): ""Nunca había visto a Messi cara a cara. Y cuando me ha venido saludar dentro del vestuario, me he quedado diciendo: ‘¿Esto es verdad?’. Ya después te pones al partido, haces la faena y a intentar ganarle. ¿Campeón del mundo ante Messi? Sí se puede…"
https://elcomercio.pe/deporte-total/futbol-mundial/peru-vs-canada-fecha-y-lugar-del-partido-amistoso-rumbo-al-mundial-2030-noticia/,Perú vs. Canadá: fecha y lugar del partido amistoso rumbo al Mundial 2030,Perú enfrentará a Canadá en su primer amistoso rumbo a la Copa Mundial de la FIFA 2030. Conoce todos los detalles del partido.,2026-07-22T15:12:43.489Z,"La

regresará a las canchas con un nuevo desafío fuera de casa, cuando se mida ante Canadá en un partido amistoso programado para octubre de 2026, con miras a las siguientes Eliminatorias Sudamericanas.

𝗘𝗹 𝗰𝗼𝗿𝗮𝘇ó𝗻 𝘃𝘂𝗲𝗹𝘃𝗲 𝗮 𝗹𝗮𝘁𝗶𝗿 🥹🇵🇪

🇵🇪 regresa a la cancha para medirse ante Canadá 🇨🇦 en un nuevo amistoso internacional.

El encuentro se disputará el sábado 3 de octubre en el Estadio Saputo, ubicado en la ciudad de Montreal, un escenario habitual para eventos futbolísticos en el país norteamericano.

Este compromiso forma parte de la preparación de ambas selecciones de cara a sus próximos retos internacionales, permitiendo a los entrenadores probar variantes y consolidar sus planteles en un contexto competitivo.

Para Perú, el duelo representa una nueva oportunidad de medirse ante un rival de crecimiento sostenido en la región, mientras que Canadá buscará aprovechar la localía para seguir afianzando su proyecto deportivo."
https://elcomercio.pe/deporte-total/futbol-mundial/prensa-espanola-celebra-el-titulo-mundial-de-espana-2026-reyes-de-todos-los-tiempos-noticia/,Prensa española celebra el título mundial de España 2026: “Reyes de todos los tiempos”,La victoria de España por 1-0 ante Argentina en la final del Mundial 2026 desató una ola de elogios en los principales medios del país.,2026-07-19T23:37:37.598Z,"La prensa española no escatimó en elogios tras la consagración de España como campeona del

. Medios como Diario AS destacaron el triunfo con titulares como “Como la primera vez”, resaltando la emoción de volver a lo más alto del fútbol mundial tras años de espera.

Por su parte, Marca fue más contundente y eufórico en su portada: “¡Los Reyes de todos los tiempos!”. El medio madridista puso énfasis en la magnitud del logro, colocando a esta generación como una de las más importantes en la historia del fútbol español.

En tanto, Mundo Deportivo tituló “La segunda estrella”, haciendo referencia directa al segundo título mundial conseguido por ‘La Roja’. La publicación también resaltó el carácter del equipo y su capacidad para imponerse en una final muy disputada ante Argentina.

Finalmente, El País ofreció un enfoque más analítico, señalando que España fue “el mejor equipo del torneo” y destacando el gol decisivo en la prórroga. En conjunto, la prensa coincidió en que este título consolida una nueva era dorada para el fútbol español."
https://elcomercio.pe/deporte-total/futbol-mundial/que-canal-transmite-la-final-del-mundial-2026-en-vivo-hoy-hora-y-donde-ver-partido-de-argentina-vs-espana-online-noticia/,"¿Qué canal transmite la repetición de la final del Mundial 2026, partido de Argentina vs España (0-1)?",España derrotó 1-0 a Argentina con gol de Ferrán Torres por la final del Mundial 2026 en el Estadio Nueva York Nueva Jersey.,2026-07-19T23:14:31.282Z,"al vencer 1-0 a Argentina en el Estadio MetLife. La selección española dominó la posesión frente a una Albiceleste fatigada. El portero Emiliano “Dibu” Martínez emergió como la gran figura argentina al salvar múltiples ocasiones claras. En el tiempo añadido (90+4′), Enzo Fernández fue expulsado por doble amarilla, dejando a Argentina con diez hombres. La paridad se rompió en el tiempo extra (minuto 106), cuando

con un zurdazo tras asistencia de Nico Williams. España logró así su segunda Copa del Mundo.

La final del Mundial 2026 será transmitida en Sudamérica por

. Si te encuentras en Perú, podrás ver el partido de Argentina vs España a través de América TV por señal abierta.

Por otro lado, en México, la final del Mundial será transmitida a través de

En países como Guatemala, Honduras, Nicaragua, El Salavador, Costa Rica y Panamá, la final de la Copa del Mundo será televisa por

En España, la final del Mundial la podrás ver por televisión a través de

. Y finalmente, en Estados Unidos, el partido de Argentina-España lo pasará

En Argentina, la final del Mundial 2026 será transmitida a través de

por señal abierta, mediante una antena digital. También podrás ver el Argentina vs España por el canal de

Por streaming, podrás ver la final a través de

En España, la final del Mundial 2026 será transmitida a través de

por televisión en abierto, mediante una antena digital. También podrás ver el Argentina vs España EN DIRECTO por el canal de

Por streaming, podrás ver la final a través de

En Perú, la final del Mundial 2026 será transmitida a través de

por señal abierta, mediante una antena digital. También podrás ver el Argentina vs España por el canal de

Por streaming, podrás ver la final a través de

En México, la final del Mundial 2026 será transmitida a través de

por señal abierta, mediante una antena digital. También podrás ver el Argentina vs España por el canal de

Por streaming, podrás ver la final a través de

En Colombia, la final del Mundial 2026 será transmitida a través de

por señal abierta, mediante una antena digital. También podrás ver el Argentina vs España por el canal de

Por streaming, podrás ver la final a través de

La gran final del Mundial 2026 entre

de este

se podrá seguir en vivo en Chile y el resto de Sudamérica a través de las siguientes señales de televisión y plataformas de streaming.

A nivel regional, la cadena internacional

de DirecTV posee los derechos exclusivos para transmitir el partido en vivo por televisión de pago en la gran mayoría de estos territorios."
https://elcomercio.pe/deporte-total/futbol-mundial/real-madrid-vs-manchester-city-en-vivo-hoy-por-partido-de-ida-octavos-de-final-de-champions-league-lbposting-noticia/,"Real Madrid 3-0 Manchester City: resumen, goles y ‘Hat-trick’ de Federico Valverde","Con un ‘hat - trick’ de Federico Valverde, Real Madrid goleó 3 a 0 al Manchester City por el partido de ida de los octavos de final de la UEFA Champions League 2026. Vinicius Jr. falló un penal en el segundo tiempo.",2026-03-12T01:00:00Z,"Añaden 4 minutos de tiempo adicional en este segundo tiempo.

El City no puede marcar el descuento por ningún modo. Tienen la eliminatoria cuesta arriba.

El noruego deja el campo para que entre Marmoush.

Camavinga metió el pie en última instancia para evitar el disparo de Doku en su incursión en el área.

El partido soñado de Valverde, lo que ha jugado el capitán uruguayo del Real Madrid.

ba directo a la portería para ser el 3-1, pero lo evitó el belga en última instancia.

La gente reclama falta sobre Brahim Díaz en el área del City por una barrida de Rúben Dias, pero todo la jugada fue al balón.

Jugada peligrosa del City pero Rudigüer puso el pie ante el centro de Semenyo.

Vinicius y sus disparo a colocar que rozó el palo izquierdo de Donnarumma. El brasileño quiere su reivindicación tras el penal errado.

Tchoamení necesitó de las asistencias médicas del Real Madrid, pero parece que puede seguir. Eso sí, en su cara se sigue viendo el dolor en el tobillo.

El Madrid más cerca del 4to gol que el City del descuento. Entre Vinicius Jr y Güler estuvieron cerca de liquidar la serie. Donnarumma, otra vez apagando el incendio.

Amonestado el portero Donnarumma, más por las protestas que por el penalti cometido en contra de Vinicius Jr.

El Bernabéu pita tras la ejecución del penal de Vinicius Jr. El brasileño pide perdón a la afición.

Este puede ser el respiro que el City necesita.

Disparo del atacante del City Semenyo, que se volvió a resbalar en el golpeo, pero Courtois le dice que no con una tremenda atajada.

Le pitan fuera de juego a Vinicius.

La jugada peligrosa del City quedó anulada por fuera de juego de Halaand.

Brahim y Vinicius se perdieron el 4to gol a favor del Madrid. Donnarumma evitó el gol de la sentencia.

YA SE JUEGA EL SEGUNDO TIEMPO EN EL BERNABÉU

Mira el tercer gol de Federico Valverde para el 3-0 del Madrid ante City | Video: ESPN

¡¡¡ESTÁS COMPLETAMENTE LOCO, FEDERICO!!! ¡¡¡GOLAZO TOTAL DE VALVERDE, HAT-TRICK Y 3-0 DE REAL MADRID VS. MANCHESTER CITY EN EL BERNABÉU!!!

???? Toda la

por

Plan Premium

Final de la primera parte en el Bernabéu: con show de Federico Valverde, autor de tres goles, el Real Madrid vence 3-0 al Manchester City.

¡Esto ya es goleada! Federico Valverde en una de las mejores noches de su carrera con la casaquilla merengue.

Federico Valverde, tras recibir un gran pase de Brahim, elude a Guéhi con sutileza y dispara con fuerza para vencer a Donnarumma y marcar el 3-0. ¡Golazo!

¡GOL DE REAL MADRID!

Así fue el 2-0 del Real Madrid, otra vez, obra de Federico Valverde | Video: ESPN

¡¡PAJARITO GOLEADOR!! ¡¡DOBLETE DE FEDE VALVERDE PARA EL 2-0 DE REAL MADRID VS. MANCHESTER CITY ANTES DE LOS 30'!!

???? Toda la

por

Plan Premium

Dos tiros de esquina consecutivos para el City que va en busca del descuento.

Federico Valverde celebra el primer gol del partido, después de una buena acción personal - tras genial pase largo de Courtois -, eludir al arquero y definir casi sin ángulo | Foto:  EFE/Juanjo Martín

Cuando era el City el equipo que estaba más cerca de llegar al primer gol, la capacidad de Federico Valverde hizo que las acciones cambien por completo y con un doblete le da la ventaja al Real Madrid en este partidazo de Champions.

Otra vez aparece Federico Valverde, la gran figura en lo que va del partido, para anotar el 2-0 con un remate cruzado de zurda que no pudo desviar el golero Donnarumma. ¡Qué gran gol del 'pajarito'!

¡GOL DE REAL MADRID!

Mira el gol de Federico Valverde para el 1-0 de Real Madrid ante Manchester City | Video: ESPN

¡¡TODA TUYA FEDE!! GOLAZO DE VALVERDE PARA EL 1-0 DE MANCHESTER CITY ANTE REAL MADRID.

???? Toda la

por

Plan Premium

Infracción contra Vinicius y se cobra tiro libre a favor del Real Madrid.

El partido está muy peleado, opciones para ambos equipos y el Madrid ya tiene la ventaja de 1-0 | Foto: EFE / Juanjo Martín

El uruguayo Federico Valverde anota el 1-0 para el conjunto español y estalla de júbilo el Bernabéu.

¡GOL DE REAL MADRID!

Bernardo Silva remató de zurda desde el borde del área madridista, la pelota pasó a centímetros de la meta de Courtois.

Centro de Silva al área, la pelota le quedaba a Semenyo, pero el jugador ghanés del City se resbaló. Pasó el peligro.

Tiro de esquina para el City

El City es ahora el equipo que más control tiene de la pelota. Se va acercando el elenco de Guardiola, que está más cerca de abrir el marcador.

Infracción de Tchouameni contra Semenyo. Tiro libre para el Manchester City.

Peligro en el área del Madrid; un centro de Doku cruzó toda la zona posterior del equipo merengue y ningún elemento del City pudo concretar

El portero Courtois, del Real Madrid, controla bien el balón tras un remate de Doku. Avisa el City nuevamente.

Pierde la pelota el Madrid en ataque tras un error en un pase de Trend, y ahora se viene el City en ataque con Haaland.

Doku llegó al área del Madrid, pudo haberse acomodado para rematar al arco, pero al final le quitaron la pelota limpiamente. Se aproximó el City.

Infracción de Silva contra Tchouameni. Tiro libre para Real Madrid.

COMIENZA EL ENCUENTRO EN EL SANTIAGO BERNABÉU

Los equipos salen a la cancha. En breve inicia la ceremonia protocolar y el sorteo de capitanes.

Gran recibimiento al Real Madrid en los exteriores del coloso merengue | Foto: Real Madrid

Gran ambiente en el estadio Santiago Bernabéu para este partido de ida por octavos de final de la Champions League.

Así formará el Manchester City

Alineación de Manchester City

Donnarumma; Khusanov, Dias, Guéhi; O’ Reilly, Rodri, Bernardo Silva, Savinho; Semenyo, Doku; Haaland.

Así formará Real Madrid

Alineación de Real Madrid

Courtois; Trent, Rudiger, Huijsen, Mendy; Valverde, Tchouameni, Brahim, Thiago; Arda Guler y Vini Jr.

Madrid

“Está mucho mejor. Como os he comentado estas últimas semanas es algo de ir día a día y de ver cómo va evolucionando. Toda esta semana ha sido muy positiva y ha vuelto con grandes sensaciones. Cada día está mejor y esperándole de vuelta muy pronto”.

En su cuenta de 'X', el Manchester City compartió este video en las horas previas al juego ante Real Madrid por Champions League

Memories in Madrid

“Tendríamos que marcar a muchos porque son todos muy buenos. Es un equipo con muchas individualidades, pero que también sabe rendir muy bien como conjunto. Tienen las ideas muy claras y llevan con Guardiola siete u ocho años. Se conocen a la perfección y pueden jugar con los ojos cerrados”, añadió Arbeloa.

DECLARACIONES DE ÁLVARO ARBELOA, ENTRENADOR DE REAL MADRID

“Será complicado contra un gran rival, con grandes jugadores y un gran entrenador. Será un partido muy bonito y esperado por la afición. Somos muy conscientes de que les necesitamos con el único objetivo de ganar el partido, que es como vamos a salir al terreno de juego. Estamos muy motivados. La

ya sabéis lo especial que es para todos nosotros y con esa mentalidad, esas ganas y esa ilusión queremos jugar este partido”.

Manchester City ya palpita así en redes sociales el partido de hoy en el Bernabéu

Así anuncia Real Madrid el partido de hoy ante Manchester City por los octavos de Champions League (ida)

Por su parte, Manchester City llega a octavos de la Champions League tras culminar en la octava casilla de la primera etapa. Los ingleses llevan once partidos sin perder, con nueve triunfos y dos empates; solo ha perdido dos juegos en los últimos 26 que disputó.

Real Madrid llegó a octavos de final tras superar a Benfica de Portugal en la llave de playoffs por un resultado global de 3-1.

El equipo español, que dirige Álvaro Arbeloa, intentará vencer y conseguir una ventaja importante que le permita afrontar el duelo de vuelta con las chances intactas para clasificarse a cuartos de final.

Este será un encuentro que tendrá frente a frente a dos viejos conocidos. Ambos cuadros se enfrentaron en la primera fase de la presente edición del torneo y además es la quinta temporada consecutiva en la que se miden en una fase eliminatoria.

Si vives en España, el encuentro Real Madrid vs Manchester City será transmitido por Orange TV y Movistar Liga de Campeones.

Además, el minuto a minuto y todas las incidencias online podrás seguirlos en esta misma nota de El Comercio. ¡No te puedes perder este gran partido de Champions League!

El duelo comenzará a las 3 p.m. (hora peruana / 9 p.m. en España) y será transmitido EN VIVO por ESPN. Si quieres seguir el partido por internet, tendrás que descargar la app de Disney+ Premium (que está disponible para iOS y Android) en tu SmarTV, celular, tablet o PC y suscribirte.

Real Madrid recibe este miércoles 11 de marzo al Manchester City en el

de la Champions League. Sigue las incidencias de este gran partido aquí en El Comercio."
https://elcomercio.pe/deporte-total/futbol-mundial/sale-a-la-luz-la-lesion-que-oculto-argentina-en-el-mundial-2026-leandro-paredes-jugo-con-una-costilla-fisurada-ultimas-noticia/,Sale a la luz la lesión que ocultó Argentina en el Mundial: Paredes jugó con una costilla fisurada,El mediocampista argentino habría afrontado la recta final del Mundial 2026 con una fisura en la costilla que incluso le dificultaba respirar.,2026-07-20T18:11:43.845Z,"La

terminó como subcampeona del

tras caer por 1-0 ante España en la final disputada en Nueva Jersey. Sin embargo, un día después del encuentro comenzó a conocerse el complejo panorama físico con el que varios futbolistas afrontaron la definición del torneo.

Uno de los casos más llamativos fue el de

, quien, según revelaron desde Estados Unidos, disputó los últimos tres partidos del campeonato con una fisura en una costilla.

La información fue dada a conocer por el periodista Martín Arévalo durante el programa ESPN Mundial, donde explicó que uno de los habituales titulares de

jugó la etapa decisiva del torneo con una lesión de consideración.

, señaló.

Posteriormente, el periodista confirmó que se trataba de Leandro Paredes y explicó por qué la situación se mantuvo en reserva durante el campeonato:

.

Arévalo también sostuvo que la Albiceleste afrontó la final con varios futbolistas disminuidos físicamente, una situación que condicionó el planteamiento de Lionel Scaloni.

, dijo.

El periodista agregó que, pese al dominio mostrado por España durante gran parte del encuentro, Argentina logró mantenerse en partido gracias al esfuerzo colectivo:

.

⚠️🇦🇷 Leandro Paredes jugó los últimos TRES PARTIDOS del Mundial con UNA FISURA EN LA COSTILLA.

Incluso hubo días que le COSTABA RESPIRAR, pero la noticia no trascendió porque sino los rivales lo iban a ir a buscar. ‼️

Vía

.

Antes del Mundial, Leandro Paredes ya había superado una lesión muscular que arrastraba desde su último compromiso con

en la Copa Libertadores, lo que le permitió llegar en condiciones al inicio del torneo.

Ahora, tras conocerse esta nueva lesión en las costillas, el volante de 32 años deberá ser evaluado por el cuerpo médico del club xeneize para determinar los plazos de recuperación y definir cuándo podrá reincorporarse a los entrenamientos del equipo dirigido por Rodolfo Arruabarrena."
https://elcomercio.pe/deporte-total/futbol-mundial/seleccion-peruana-enrique-macaya-marquez-y-el-dia-que-narro-el-mundial-del-70-con-hector-chumpitaz-retrato-del-periodista-record-con-18-mundiales-mundial-2026-noticia/,Macaya Márquez y el día que narró el Mundial del 70 con Chumpitaz: retrato del periodista récord con 18 mundiales,"A los 91 años, Enrique Macaya Márquez sigue recorriendo los pasillos de los Mundiales. Son 18 ediciones cubiertas, una marca imposible de repetir. En ese viaje también quedó grabada la historia del fútbol peruano: desde Chumpitaz y Cubillas hasta el regreso de la Bicolor en Rusia 2018.",2026-06-24T22:12:16.227Z,"En los pasillos del Mundial 2026 hay futbolistas que nacieron después de que Perú jugara su penúltimo Mundial, el de España 1982. También hay periodistas que cubren su primera Copa del Mundo, todavía sorprendidos por la magnitud del evento. Y luego está Enrique Macaya Márquez. A sus 91 años, el argentino camina por los estadios de Norteamérica como lo ha hecho durante casi siete décadas. Es su Mundial número 18. Una cifra que parece pertenecer más a los libros de historia que al presente. Porque cuando comenzó esta travesía, Pelé era apenas una promesa; hoy, después de haber visto pasar generaciones enteras de campeones, sigue ocupando su lugar en la tribuna de prensa. Y el último lunes vio a Lionel Messi batir el récord de máximo goleador en la historia del certamen.

En ese recorrido imposible de repetir también aparece el Perú. Macaya fue testigo privilegiado de algunos de los capítulos más importantes de la selección: vio a Héctor Chumpitaz liderar al equipo que maravilló en México 70, presenció los diez goles mundialistas de Teófilo Cubillas, estuvo en la polémica eliminación de Argentina 78 y fue uno de los periodistas que acompañó el esperado regreso de la Bicolor a Rusia 2018. Mientras el fútbol cambiaba de rostro, él seguía allí, observando cómo una parte de la historia peruana también se escribía ante sus ojos.

Porque si alguien puede decir que vio de cerca la historia grande de la selección peruana, ese es Macaya.

La primera imagen imborrable lo transporta a México 1970. Para muchos, el Mundial más romántico de todos. El torneo en el que el fútbol peruano alcanzó una de sus cumbres más altas y mostró al mundo una generación que todavía hoy despierta nostalgia. Macaya estuvo allí cuando Perú regresó a una Copa del Mundo después de cuatro décadas de ausencia. Estuvo en la zona de prensa viendo a un equipo que jugaba con alegría, talento y personalidad.

Y estuvo, sobre todo, cuando Héctor Chumpitaz dejó de ser únicamente el líder de la selección peruana para convertirse en el célebre “Capitán de América”. Aquella escuadra dirigida por Didí no solo alcanzó los cuartos de final, sino que dejó una huella que continúa viva más de medio siglo después. Macaya fue uno de los periodistas que observó en tiempo real cómo Perú se ganaba un lugar en la memoria colectiva del fútbol mundial.

También fue testigo de otro nombre imposible de separar de la historia peruana: Teófilo Cubillas. Pocos jugadores han brillado tanto en los Mundiales como el “Nene”. Sus diez goles en tres Copas del Mundo siguen siendo una marca extraordinaria y lo mantienen entre los máximos artilleros históricos del torneo. Macaya vio varios de esos momentos. Vio a Cubillas desafiar a las potencias, marcar goles inolvidables y construir una leyenda que todavía resiste el paso del tiempo. Mientras nuevas estrellas aparecen cada cuatro años, el nombre del peruano continúa figurando entre los grandes goleadores de la historia mundialista.

PLACERES QUE SÓLO NOSOTROS TE PODEMOS DAR 🥹🇦🇷

Los análisis del gran Enrique Macaya Márquez en el debut de su Mundial N°18, exclusivos de DSPORTS Radio 👏🏻🙌🏻

Los dos más grandes estuvieron en Dallas: Messi y Macaya 🐐🤝🏻🐐

📻 Viví los 104 partidos en DSPORTS Radio FM 103.1…

Pero los Mundiales también están hechos de heridas. Ocho años después de México, Macaya volvió a encontrarse con Perú en Argentina 1978. Aquella selección llegó con credenciales importantes y con figuras capaces de competir contra cualquiera. Sin embargo, el torneo quedó marcado para siempre por el recordado 6-0 ante Argentina, un resultado que todavía genera debates, sospechas y preguntas sin respuesta.

Décadas más tarde, Macaya ofreció una mirada que reflejaba su experiencia de testigo directo. “Lo de Perú nunca se sabrá”, afirmó en una entrevista de 2019. Y añadió una convicción que siempre sostuvo: que Argentina ganó aquel Mundial con merecimiento y que la política no influyó en la conquista albiceleste. Fue la opinión de alguien que estuvo allí, observando los hechos desde la cercanía que solo el periodismo de campo puede ofrecer.

La relación entre Macaya y la selección peruana no terminó en el siglo pasado. En Rusia 2018 volvió a encontrarse con la Bicolor. Habían pasado 36 años desde la última participación peruana en una Copa del Mundo y el regreso estuvo cargado de emoción. Otra generación, otros nombres, otro fútbol. Pero el mismo testigo: él.

Desde suelo ruso analizó la campaña peruana y consideró que al equipo de Ricardo Gareca le faltó algo de experiencia y fortuna para avanzar. Incluso destacó el buen partido realizado frente a Francia, futuro campeón del torneo. Su mirada, lejos de la crítica fácil, parecía la de alguien que entendía el enorme valor simbólico de aquel retorno.

“Me gusta lo que hizo Perú. Le jugaron muy bien a Francia. A Perú le faltó un poco de experiencia y suerte, porque ante Francia jugaron bien. Sabemos que lo de Perú era una ambición genuina por el gran trabajo realizado, pero quizá le faltó más experiencia en este tipo de torneos, pero creo que es un paso adelante, el proceso debe seguir. Siento mucho respeto por la gente de Perú”, analizó tras la eliminación peruana del certamen.

Quizás por eso la historia de Macaya también emociona en el Perú. Porque mientras el mundo celebra su récord de 18 Mundiales cubiertos, aquí su figura remite a recuerdos propios: a Chumpitaz levantando la cabeza ante los mejores del planeta, a Cubillas haciendo goles eternos y a una selección que volvió a soñar en Rusia.

En tiempos en los que todo parece acelerarse, Macaya representa algo cada vez más escaso: la memoria viva. Un periodista que vio a Pelé, Maradona y Messi. Que recorrió estadios en cinco continentes. Y que, sin proponérselo, terminó acompañando algunas de las páginas más importantes de la historia del fútbol peruano.

******"
https://elcomercio.pe/deporte-total/futbol-mundial/tabla-de-goleadores-del-mundial-2026-kylian-mbappe-se-llevo-la-bota-de-oro-tras-superar-a-lionel-messi-noticia/,Tabla de goleadores del Mundial 2026: Kylian Mbappé se llevó la Bota de Oro,Conoce cómo finalizó la tabla de goleadores del Mundial 2026 tras disputarse la final.,2026-07-19T23:18:02.875Z,"El delantero francés firmó un doblete ante Inglaterra y alcanzó los 10 goles en el Mundial 2026, superando a Lionel Messi en la tabla. El argentino tenía la opción de superarlo si marcaba en la final, pero no logró anotar.

Con ello, Mbappé confirmó su buen olfato goleador en los mundiales tras firmar 10 anotaciones. Pese a ello, Francia no pudo sumar un nuevo título colectivo en el certamen.

1 - Kylian Mbappé (Francia): 10 goles

2 - Lionel Messi (Argentina): 8 goles

3 - Jude Bellingham (Inglaterra): 7 goles

4 - Erling Haaland (Noruega): 7 goles

4 - Harry Kane (Inglaterra): 6 goles

5 - Ousmane Dembélé (Francia): 6 goles

6 - Mikel Oyarzabal (España): 5 goles"
https://elcomercio.pe/deporte-total/futbol-mundial/video-canal-5-y-tudn-en-vivo-gratis-donde-ver-argentina-vs-espana-hoy-online-via-tv-azteca-7-vix-por-final-del-mundial-2026-noticia/,"VIDEO: ver resumen de la final, Argentina vs España (0-1) en el Mundial 2026",España derrotó 1-0 a Argentina con gol de Ferrán Torres por la final del Mundial 2026 en el Estadio Nueva York Nueva Jersey.,2026-07-19T23:14:51.603Z,"al vencer 1-0 a Argentina en el Estadio MetLife. La selección española dominó la posesión frente a una Albiceleste fatigada. El portero Emiliano “Dibu” Martínez emergió como la gran figura argentina al salvar múltiples ocasiones claras. En el tiempo añadido (90+4′), Enzo Fernández fue expulsado por doble amarilla, dejando a Argentina con diez hombres. La paridad se rompió en el tiempo extra (minuto 106), cuando

con un zurdazo tras asistencia de Nico Williams. España logró así su segunda Copa del Mundo."
https://elcomercio.pe/deporte-total/futbol-mundial/video-dgo-y-directv-en-vivo-gratis-donde-ver-espana-vs-argentina-hoy-en-directo-por-mundial-2026-en-futbol-libre-tv-paramount-espn-noticia/,VIDEO: dónde ver repetición del partido Argentina vs España (0-1) por la final del Mundial 2026,España derrotó 1-0 a Argentina con gol de Ferrán Torres por la final del Mundial 2026 en el Estadio Nueva York Nueva Jersey.,2026-07-19T23:14:54.802Z,"al vencer 1-0 a Argentina en el Estadio MetLife. La selección española dominó la posesión frente a una Albiceleste fatigada. El portero Emiliano “Dibu” Martínez emergió como la gran figura argentina al salvar múltiples ocasiones claras. En el tiempo añadido (90+4′), Enzo Fernández fue expulsado por doble amarilla, dejando a Argentina con diez hombres. La paridad se rompió en el tiempo extra (minuto 106), cuando

con un zurdazo tras asistencia de Nico Williams. España logró así su segunda Copa del Mundo."
https://elcomercio.pe/deporte-total/futbol-mundial/video-espn-en-vivo-gratis-ver-futbol-libre-tv-partido-de-argentina-vs-espana-hoy-online-por-mundial-2026-via-disney-plus-noticia/,"VIDEO: ver gol del partido, Argentina vs España (0-1) por la final del Mundial 2026",España derrotó 1-0 a Argentina con gol de Ferrán Torres por la final del Mundial 2026 en el Estadio Nueva York Nueva Jersey.,2026-07-19T23:14:41.901Z,"al vencer 1-0 a Argentina en el Estadio MetLife. La selección española dominó la posesión frente a una Albiceleste fatigada. El portero Emiliano “Dibu” Martínez emergió como la gran figura argentina al salvar múltiples ocasiones claras. En el tiempo añadido (90+4′), Enzo Fernández fue expulsado por doble amarilla, dejando a Argentina con diez hombres. La paridad se rompió en el tiempo extra (minuto 106), cuando

con un zurdazo tras asistencia de Nico Williams. España logró así su segunda Copa del Mundo."
https://elcomercio.pe/deporte-total/futbol-mundial/video-la-reaccion-de-un-avion-lleno-de-hinchas-al-conocer-que-espana-gano-el-mundial-2026-se-hace-viral-ultimas-noticia/,VIDEO: La reacción de un avión lleno de hinchas al conocer que España ganó el Mundial 2026 se hace viral,Un grupo de aficionados recibió la noticia del título de España mientras viajaba en avión y la inesperada intervención del piloto provocó una celebración inolvidable.,2026-07-20T17:33:59.166Z,"conquistó la

, pero para un grupo de hinchas la celebración comenzó de una manera muy especial. Mientras viajaban en un avión, varios hinchas se enteraron de que su selección había levantado el trofeo gracias a un inesperado mensaje del piloto, que rápidamente se volvió viral en redes sociales.

El video muestra cómo el comandante juega por unos segundos con la incertidumbre de los pasajeros antes de revelar la noticia que todos esperaban.

A través del sistema de altavoces de la aeronave, el piloto inició su intervención diciendo:

Tras una breve pausa que generó tensión entre los pasajeros, completó el mensaje con una frase que provocó risas, aplausos y una explosión de alegría:

.

❤️🇪🇸 !Emocionante! Así se enteraron en pleno vuelo varios hinchas españoles que su selección quedó campeona en la Copa Mundial de la FIF 2026: El piloto arrancó su mensaje diciendo ""para informarles que lamentablemente""... y luego complementó diciendo: ""aquellos que tengan una…

. Los pasajeros comenzaron a celebrar, gritar y aplaudir al confirmar que España se había proclamado campeona del mundo.

Las imágenes no tardaron en viralizarse en redes sociales, donde miles de usuarios destacaron la creatividad del piloto y la emoción genuina de los hinchas, quienes vivieron un momento inolvidable a miles de metros de altura.

La

en la final disputada en el MetLife Stadium de Nueva Jersey.

Con este triunfo, La Roja sumó la segunda Copa del Mundo de su historia,

, consolidando una nueva generación de futbolistas que devolvió a España a la cima del fútbol mundial."
https://elcomercio.pe/deporte-total/futbol-mundial/video-neymar-reaparece-en-un-torneo-de-poker-tras-quedar-fuera-de-la-convocatoria-de-santos-ultimas-noticia/,VIDEO: Neymar reaparece en un torneo de póker tras quedar fuera de la convocatoria de Santos,"El delantero no fue convocado para el partido ante Universidad Central por decisión técnica y aprovechó su tiempo libre para participar en un torneo de póker en Brasil, según medios locales.",2026-07-22T16:49:07.144Z,"no integró la delegación de Santos que viajó a Venezuela para enfrentar a Universidad Central por la

. Con su ausencia ya confirmada por decisión del cuerpo técnico, el delantero brasileño aprovechó el tiempo libre para participar en un

.

De acuerdo con Ge Globo, el futbolista asistió al evento

, una situación que generó diversas reacciones entre los hinchas en redes sociales.

La ausencia del atacante no respondió a una lesión ni a un problema disciplinario. Según informó Ge Globo, el entrenador decidió no incluirlo en la convocatoria para que continúe con su preparación física tras su participación en el Mundial 2026.

Pese a la explicación del club, algunos hinchas cuestionaron que Neymar optara por participar en un torneo de póker durante el tiempo en que el equipo afrontaba un partido clave por la Copa Sudamericana.

Neymar en el Campeonato Brasileño de póker en la previa al partido de Santos contra la Universidad Central 🎲

📽️ connectionpoker

Tras la eliminación de Brasil en el Mundial 2026, Neymar anunció su retiro de la selección brasileña. Aunque no se ha pronunciado sobre un posible retiro del fútbol profesional, en Brasil surgieron rumores sobre su futuro.

Sin embargo, la prensa local señala que Santos espera que el atacante cumpla el contrato vigente, el cual finaliza en diciembre de 2026.

Además de mantenerse con vida en la Copa Sudamericana, Santos también necesita mejorar su campaña en el Brasileirao. Luego de 19 jornadas disputadas, el equipo ocupa el puesto 15 de la clasificación con 21 puntos.

El conjunto paulista viene de caer ante Botafogo y buscará recuperarse cuando visite a Chapecoense el próximo sábado 25 de julio, por la fecha 20 del campeonato brasileño, con Neymar ya reincorporado al plantel."
https://elcomercio.pe/deporte-total/futbol-mundial/video-telemundo-en-vivo-online-partido-de-espana-vs-argentina-gratis-por-final-del-mundial-2026-noticia/,"VIDEO: ver resumen y gol del partido, España vs Argentina (1-0) por la final del Mundial 2026",España derrotó 1-0 a Argentina con gol de Ferrán Torres por la final del Mundial 2026 en el Estadio Nueva York Nueva Jersey.,2026-07-19T23:14:38.891Z,"al vencer 1-0 a Argentina en el Estadio MetLife. La selección española dominó la posesión frente a una Albiceleste fatigada. El portero Emiliano “Dibu” Martínez emergió como la gran figura argentina al salvar múltiples ocasiones claras. En el tiempo añadido (90+4′), Enzo Fernández fue expulsado por doble amarilla, dejando a Argentina con diez hombres. La paridad se rompió en el tiempo extra (minuto 106), cuando

con un zurdazo tras asistencia de Nico Williams. España logró así su segunda Copa del Mundo."
https://elcomercio.pe/deporte-total/futbol-peruano/alfredo-arosemena-asume-la-gerencia-general-de-alianza-lima-con-ambiciosos-proyectos-noticia/,Alfredo Arosemena asume la gerencia general de Alianza Lima con ambiciosos proyectos,"El nuevo administrador temporal del club blanquiazul apunta a fortalecer la institución, impulsar obras clave y mantener el foco en la lucha por el campeonato.",2026-07-22T17:32:26.171Z,"oficializó la llegada de Alfredo Arosemena como nuevo administrador temporal, quien asumió formalmente la gerencia general tras ser ratificado por la Junta de Acreedores. Su incorporación se da en un momento positivo para el equipo, que viene de conquistar el Torneo Apertura y arrancar con triunfo el Clausura.

📄𝐂𝐨𝐦𝐮𝐧𝐢𝐜𝐚𝐝𝐨 𝐨𝐟𝐢𝐜𝐢𝐚𝐥: 𝐀𝐥𝐟𝐫𝐞𝐝𝐨 𝐀𝐫𝐨𝐬𝐞𝐦𝐞𝐧𝐚- 𝐍𝐮𝐞𝐯𝐨 𝐆𝐞𝐫𝐞𝐧𝐭𝐞 𝐆𝐞𝐧𝐞𝐫𝐚𝐥 𝐝𝐞𝐥 𝐂𝐥𝐮𝐛.

Arosemena destacó que su gestión buscará potenciar lo avanzado y corregir aspectos clave, sin cambios bruscos en el rumbo institucional. Además, remarcó que uno de los principales objetivos será concretar los grandes proyectos del club, fortalecer el vínculo con los socios y recuperar los valores históricos que identifican a la institución blanquiazul.

En el plano deportivo, el nuevo gerente general fue claro: la prioridad será alcanzar el título a fin de temporada y mejorar el rendimiento en torneos internacionales. Asimismo, garantizó respaldo total al plantel y al comando técnico, señalando que los refuerzos se evaluarán de acuerdo con las necesidades deportivas y el calendario.

Finalmente, Arosemena adelantó importantes planes de infraestructura, como la ampliación y modernización del estadio Alejandro Villanueva y el desarrollo de un Centro de Alto Rendimiento. También subrayó la apuesta por las divisiones menores y el crecimiento integral del club, incluyendo el fútbol femenino y otras disciplinas, con el objetivo de consolidar a Alianza Lima como una institución modelo en el país."
https://elcomercio.pe/deporte-total/futbol-peruano/alianza-lima-anuncio-la-salida-de-guillermo-vizcarra-gracias-por-todo-billy-liga-1-noticia/,"Alianza Lima anunció la salida de Guillermo Viscarra: “Gracias por todo, Billy”",Guillermo Viscarra rescindió contrato con Alianza Lima por mutuo acuerdo y el club publicó un comunicado en redes sociales.,2026-07-20T16:27:03.804Z,"“De mutuo acuerdo, nuestra institución y el futbolista Guillermo Viscarra han decidido dar por finalizado su vínculo contractual. Agradecemos a Guillermo por su profesionalismo y compromiso durante el año y medio en que defendió nuestra camiseta blanquiazul”, se puede leer en el comunicado.

La salida de Viscarra responde a una necesidad del propio jugador, quien había perdido el protagonismo en el arco de Alianza Lima esta temporada. Como se sabe, el titular para Pablo Guede es Alejandro Duarte, mientras que el arquero boliviano tuvo que mantenerse como suplente ante el buen rendimiento de su compañero.

𝑨𝒍𝒈𝒖𝒏𝒂𝒔 𝒇𝒐𝒕𝒐𝒈𝒓𝒂𝒇𝒊́𝒂𝒔 𝒈𝒖𝒂𝒓𝒅𝒂𝒏 𝒓𝒆𝒄𝒖𝒆𝒓𝒅𝒐𝒔. 𝑶𝒕𝒓𝒂𝒔, 𝒄𝒖𝒆𝒏𝒕𝒂𝒏 𝒉𝒊𝒔𝒕𝒐𝒓𝒊𝒂𝒔. 🖼️💙♾️

La tuya quedará marcada por cada atajada, cada celebración y el orgullo de haber defendido estos colores.⚪️🔵

¡𝐆𝐫𝐚𝐜𝐢𝐚𝐬 𝐩𝐨𝐫 𝐭𝐨𝐝𝐨,…

‘Billy’ sufrió una lesión que lo sacó del once titular y luego disputó con Bolivia el repechaje al Mundial 2026 a inicios de año. Esa confluencia de sucesos hicieron que pierda su lugar en Alianza Lima, mientras que Duarte recibió la confianza del comando técnico y se adueñó de la posición.

“Guillermo Viscarra fue una pieza importante del plantel en la temporada 2025, dejando su huella en un capítulo importante de la historia del club. Le expresamos nuestro agradecimiento y le deseamos el mayor de los éxitos en los próximos desafíos de su carrera profesional”, finalizó el club blanquiazul."
https://elcomercio.pe/deporte-total/futbol-peruano/alianza-lima-con-un-eryc-castillo-salvador-y-goleador-para-remontar-a-huancayo-por-que-pablo-guede-dijo-que-el-peor-enemigo-esta-en-casa-en-el-debut-del-torneo-clausura-liga-1-2026-noticia/,Con un Castillo salvador y goleador para remontar a Huancayo: Por qué Guede dijo que “el peor enemigo está en casa” en el debut del Clausura,"Alianza Lima comenzó el Clausura con una remontada ante Sport Huancayo gracias a un doblete de Eryc Castillo. Pero, cuando todo parecía celebración en Matute, Pablo Guede dejó una frase que abrió un nuevo debate.",2026-07-20T14:01:05.531Z,"Hay victorias que sirven para sumar tres puntos y otras que terminan retratando el momento de un equipo. La de

tuvo un poco de ambas. Fue una remontada, una demostración de carácter y, sobre todo, la confirmación de que Eryc Castillo atraviesa el mejor año de su carrera. Sin embargo, cuando el estadio ya se había vaciado y los aplausos se habían apagado, Pablo Guede cambió el tono de la noche con una sentencia que dejó más preguntas que respuestas: “El peor enemigo está en casa”.

No era un partido cualquiera. Alianza estrenaba el Torneo Clausura con la obligación que impone haber conquistado el Apertura. En Matute no se hablaba solo de un debut; se hablaba del primer paso hacia el objetivo mayor: convertirse en campeón nacional sin necesidad de una final. Esa presión acompañó al equipo desde el pitazo inicial.

Pero el fútbol, tantas veces impredecible, volvió a ponerlo a prueba. Sport Huancayo golpeó primero y silenció por unos instantes un estadio repleto. El campeón del Apertura, obligado a remar desde atrás, encontró entonces a su hombre más determinante.

Eryc Castillo volvió a aparecer cuando más lo necesitaban. El ecuatoriano, una de las grandes figuras íntimas en la primera mitad del año, firmó un doblete para darle vuelta al marcador y confirmar un romance cada vez más fuerte con el gol. Ya suma 11 tantos en la temporada, una cifra que refleja su transformación de extremo desequilibrante a futbolista decisivo en las áreas.

No fue solo la eficacia. Castillo volvió a transmitir esa sensación de peligro permanente cada vez que aceleró por la banda izquierda. Con espacios, resultó indescifrable; con el marcador en contra, asumió el protagonismo que suelen reclamar los equipos campeones. Su actuación terminó siendo el reflejo del espíritu competitivo de un Alianza que se niega a bajar el ritmo.

EN 1 MINUTO: Mira el resumen del triunfo de Alianza Lima ante Sport Huancayo por 2-1 con doblete de Eryc Castillo

📺 Conoce cómo ver L1MAX en vivo 👉

El triunfo dejó satisfacción entre los hinchas. El equipo respondió a la exigencia, mantuvo la racha positiva y comenzó el Clausura con el pie derecho. Parecía una noche perfecta. Hasta que habló Guede.

En conferencia de prensa, el entrenador argentino elogió el rendimiento de sus dirigidos y consideró que hicieron un buen partido hasta conseguir el 2-1. Sin embargo, lejos de instalarse únicamente en el análisis futbolístico, sorprendió con una reflexión cargada de incomodidad.

“El peor enemigo está en casa. Sigue habiendo gente con maldad, que no le interesa que nos vaya bien ni tener estabilidad deportiva”, afirmó, al referirse a situaciones internas que, según explicó, terminan generando un clima innecesario alrededor del club. Sin señalar responsables de manera directa, el técnico dejó entrever su molestia por versiones y rumores que, a su juicio, perjudican al plantel en un momento en el que debería existir unidad para afrontar el segundo semestre.

“TUVE 2 INCOMODIDADES: NO HACER DOBLE TURNO Y LAS CANCHAS ESTÁN HECHAS MIER*”

📹 Conferencia de prensa completa en nuestro canal de YouTube:

La frase no pasó desapercibida porque llegó apenas días después de especulaciones sobre una posible salida del entrenador y de distintos comentarios que circularon alrededor de la institución. Guede no quiso profundizar demasiado, pero sí dejó claro que su preocupación no está únicamente en el rival de turno.

El mensaje también puede interpretarse como una advertencia. Alianza inicia el Clausura desde la posición de favorito. Haber ganado el Apertura lo convierte en el equipo a vencer y cualquier distracción, incluso fuera del campo, puede convertirse en un obstáculo. El técnico parece tenerlo claro: los desafíos no siempre llegan desde la vereda del frente.

Por ahora, el fútbol le sigue dando motivos para sonreír. Castillo atraviesa un momento brillante, el equipo volvió a demostrar capacidad de reacción y los tres primeros puntos ya están en el bolsillo. Pero, en Matute, la noche terminó dejando una enseñanza. El camino hacia el título recién empieza y, para Guede, la batalla más importante quizá no se juegue únicamente dentro de la cancha.

***********"
https://elcomercio.pe/deporte-total/futbol-peruano/alianza-lima-deportivo-cali-sobre-interes-en-pedro-gallese-tiene-contrato-con-nosotros-por-ano-y-medio-noticia/,Deportivo Cali sobre interés de Alianza Lima en Pedro Gallese: “Tiene contrato con nosotros por año y medio”,"Pedro Gallese jugó en Alianza Lima en la temporada 2019, donde logró el subcampeonato con los blanquiazules. ¿Qué dijeron desde Deportivo Cali? Acá lo contamos.",2026-07-21T15:08:42.2Z,"Felipe Restrepo, gerente general del cuadro ‘Azucarero’, dejó en claro cuál es la postura del club respecto al interés de Alianza Lima por Pedro Gallese. El directivo aseguró que no han tenido contacto directo con los íntimos y que existe un contrato de por medio con el arquero peruano.

“No tenemos conocimiento del interés formal de club alguno, para la desvinculación de Pedro Gallese. Tiene contrato con nosotros por año y medio. La voluntad del club es que se cumpla con dicho contrato a cabalidad”, contó en diálogo con TV Perú Deportes.

Para Deportivo Cali, mantener a Gallese en el plantel es clave, pues se enfocan en conseguir la clasificación a un torneo internacional. Sin embargo, desde Alianza Lima esperan que el jugador pueda negociar su liberación del club como agente libre y así no tener barreras para regresar a Matute.

Como se sbae, Alianza Lima anunció recientemente la salida de Guillermo Viscarra, por lo que necesita sumar un arquero para completar su plantel. Gallese encaja en ese puesto y sería el último refuerzo para completar el plantel."
https://elcomercio.pe/deporte-total/futbol-peruano/alianza-lima-vs-sport-huancayo-en-vivo-online-gratis-por-torneo-clausura-de-liga-1-lbposting-noticia/,¡Debut con pie derecho! Alianza Lima derrotó 2-1 a Sport Huancayo en fecha 1 del Torneo Clausura,Alianza Lima se impuso ante Sport Huancayo por la fecha 1 del Torneo Apertura de la Liga 1.,2026-07-20T12:41:59.08Z,"Alianza Lima venció 2-1 a Sport Huancayo este domingo 19 de julio del 2026 por la jornada 1 del Torneo Clausura de la Liga 1 Te Apuesto 2026 en el Estadio Alejandro Villanueva.

Los dirigidos por Pablo Guede tuvieron que nadar a contracorriente tras el sorpresivo golazo de Nahuel Luján de chalaca. No obstante, Eryc Castillo se vistió de héroe para firmar un doblete de la remontada.

Alianza Lima controla el balón con paciencia.

Cambio en Alianza Lima. Paolo Guerrero es sustituido por Jesús Castillo.

Tarjeta amarilla para Paolo Guerrero.

Eryc Castillo marcó de cabeza el 2-1 sobre Sport Huancayo. Y Matute festeja la remontada.

El árbitro le sacó tarjeta roja al asistente de Richard Pellejero, entrenador de Sport Huancayo.

El balón es completamente controlado por el plantel de Alianza Lima.

Eryc Castillo marcó el empate de Alianza Lima ante Sport Huancayo.

Alianza Lima adelanta líneas en busca del empate.

Nahuel Luján marcó un golazo para el 1-0 sobre Alianza Lima.

Alianza Lima va en busca de la ventaja durante los primeros minutos de juego.

El Show del Medio Tiempo estará a cargo de ???? ???? y ???? ?????.

????????Disfruta del show de ???????????????? ???????????????? y ???????????????? ???????????????????? gracias a

y sigue viviendo la fiesta blanquiazul de principio a fin. ????????????

Si deseas ver el partido de

por streaming online, podrás hacerlo a través de

. Es importante recalcar que

, también transmitirá mediante reacciones el partido. Luego,

, el canal que transmite el partido de

.

La transmisión del partido entre

será transmitido a través de

. Para ver Liga 1 Max, deberás de contratar cualquier servicio de cable como: DirecTV, Movistar TV, Claro TV, Best Cable, Win o Mi Fibra.

El partido de

por la jornada 1 del Torneo Clausura de la Liga 1 empieza a las 7:00 PM de Perú este domingo 19 de julio del 2026.

Alianza Lima recibe a Sport Huancayo este domingo 19 de julio del 2026 por la jornada 1 del Torneo Clausura de la Liga 1 Te Apuesto 2026 en el Estadio Alejandro Villanueva. Los dirigidos por Pablo Guede irán en busca de revalidar su rol como protagonistas con una victoria en casa ante el ‘Rojo Matador’. A continuación, revisa los horarios, canales TV y dónde ver ONLINE el partido.

Aquí inicia la cobertura del partido de Alianza Lima vs. Sport Huancayo por la jornada 1 del Torneo Clausura de la Liga 1."
https://elcomercio.pe/deporte-total/futbol-peruano/asi-luce-el-renovado-estadio-nacional-sera-escenario-del-cristal-vs-bragantino-por-la-sudamericana-ultimas-noticia/,Así luce el renovado Estadio Nacional: será escenario del Cristal vs. Bragantino por la Sudamericana,El Estadio Nacional reabre con césped renovado para el Sporting Cristal vs. Bragantino por la Copa Sudamericana.,2026-07-21T20:17:30.21Z,"El fútbol volverá al

. El Instituto Peruano del Deporte (IPD) anunció que el principal escenario deportivo del país quedó listo para recibir el encuentro entre

l y Red Bull Bragantino, correspondiente a los playoffs de la Copa Sudamericana 2026.

A través de un comunicado, el IPD informó que el recinto presenta un renovado campo de juego y diversas mejoras en su infraestructura, luego de un trabajo integral realizado durante las últimas semanas.

La entidad, encabezada por su presidente Sergio Ludeña Visalot, informó que el recinto volverá a abrir sus puertas para un partido internacional.

Asimismo, detalló que representantes técnicos de la CONMEBOL y del propio IPD realizaron una inspección final para verificar que todo se encuentre en óptimas condiciones antes del compromiso.

, explico la institución.

¡𝗩𝘂𝗲𝗹𝘃𝗲 𝗲𝗹 𝗳𝘂́𝘁𝗯𝗼𝗹 𝗮𝗹 𝗿𝗲𝗻𝗼𝘃𝗮𝗱𝗼 𝘆 𝗺𝗶́𝘁𝗶𝗰𝗼 𝗘𝘀𝘁𝗮𝗱𝗶𝗼 𝗡𝗮𝗰𝗶𝗼𝗻𝗮𝗹! 🏟️⚽🇵🇪

La actual gestión del IPD, liderada por el presidente, Sergio Ludeña Visalot, abre nuevamente las puertas del primer escenario deportivo del país para recibir el…

El organismo agregó que estos trabajos forman parte del plan para recuperar la infraestructura deportiva del país:

.

Sporting Cristal recibirá a Red Bull Bragantino este miércoles 22 de julio, desde las 7:30 p.m. (hora peruana), en el partido de ida de los playoffs de la Copa Sudamericana 2026. La revancha se disputará el 29 de julio en Brasil.

El ganador de la serie avanzará a los octavos de final, donde enfrentará al Atlético Mineiro."
https://elcomercio.pe/deporte-total/futbol-peruano/atletico-grau-vs-utc-cajamarca-en-vivo-hora-canal-tv-y-donde-ver-el-torneo-clausura-2026-l1play-l1max-resumen-y-goles-tdpe-noticia/,Victoria de Atlético Grau frente a UTC en la primera fecha del Torneo Clausura 2026,Atlético Grau salió victorioso de su encuentro con UTC de Cajamarca en el Estadio Ambrosio Maco Arroyo con un marcador final de 3-1. Revisa aquí el resumen y goles del partido de la Liga 1.,2026-07-19T17:07:44.405Z,". Atlético Grau inició el encuentro con ventaja con un gol de Rafael Guarderas (4′), seguido de un segundo gol de Mauro Da Luz (18′). El partido se mantuvo a favor de Atlético Grau con un 2 a 0 durante un periodo largo hasta el primer gol de UTC de Cajamarca, autoría de Marcos Liuya (57′). A pesar de la anotación, la escuadra cajamarquina no pudo superar a su oponente.

En los últimos minutos, Atlético Grau lograría su último gol, autoría de Adrián Marcos Fernández (90+1′) con el que consagraría su victoria en la primera jornada del Torneo Clausura 2026. Revisa aquí el resumen del partido y los goles:

El partido entre

se jugará este sábado 18 de julio en el Estadio Ambrosio Maco Arroyo.

El encuentro entre

A continuación, te detallamos los horarios en distintos países para que no te pierdas este emocionante partido.

El partido entre

se podrá ver desde Perú EN VIVO a través de L1 Max y L1 Play."
https://elcomercio.pe/deporte-total/futbol-peruano/cd-moquegua-vs-comerciantes-unidos-en-vivo-hora-canal-tv-y-donde-ver-el-torneo-clausura-2026-l1play-l1max-resumen-y-goles-tdpe-noticia/,Comerciantes empata con CD Moquegua en la primera fecha del Torneo Clausura 2026,"Con un doblete de Lastre a favor de CD Moquegua y goles de Sen y Herrera a favor de Comerciantes, el partido finalizó con un empate y un marcador de 2 a 2.",2026-07-18T20:05:14.81Z,"y

se enfrentaron este sábado 18 de julio por la primera fecha

de la

. El partido se jugó en el Estadio 25 de Noviembre por el inicio del

con la misión de mejorar los resultados del Apertura. El partido inició con un doblete de Édgar Lastre (2′ y 15′), poniendo a CD Moquegua en evidente ventaja frente a Comerciantes Unidos.

Tras varios minutos, recién en el minuto 31, Comerciantes logra anotar un gol con el avance de Matías Sen. El empate se alcanzó con una segunda anotación, gol de Josuee Herrera (49′). El juego finalizó con un marcador empatado de 2 a 2.

El partido entre

se jugará este sábado 18 de julio en el Estadio 25 de Noviembre.

El encuentro entre

A continuación, te detallamos los horarios en distintos países para que no te pierdas este emocionante partido.

El partido entre

se podrá ver desde Perú EN VIVO a través de L1 Max y L1 Play."
https://elcomercio.pe/deporte-total/futbol-peruano/celebracion-de-universitario-tras-consagrarse-ganador-del-torneo-apertura-de-la-liga-femenina-2026-noticia/,Celebración de Universitario tras consagrarse ganador del Torneo Apertura de la Liga Femenina 2026,Mira la celebración de Universitario tras vencer a Sporting Cristal Femenino por la final de vuelta del Torneo Apertura de la Liga Femenina.,2026-07-18T14:19:19.066Z,"se proclamó campeón del Torneo Apertura 2026 de la Liga Femenina tras imponerse por 3-1 a Sporting Cristal en el partido de vuelta, disputado el 17 de julio en el Estadio Monumental. Con este resultado, el conjunto crema cerró la serie con un global de 5-3, luego del empate 2-2 en la ida jugada en el Estadio Alberto Gallardo.

El equipo dirigido por Carlos Véliz mostró contundencia desde el inicio. Sofía Oxandabarat abrió el marcador a los 7 minutos, mientras que Pierina Núñez amplió la ventaja a los 22’ desde el punto de penal. Sporting Cristal logró descontar también de penal por medio de Tamara Alves a los 31’, manteniendo la expectativa en el encuentro.

En la segunda mitad, Universitario supo controlar el juego y liquidó la final gracias a un nuevo tanto de Pierina Núñez a los 74 minutos, firmando su doblete y consolidándose como la figura del partido. De esta manera, las cremas celebraron un nuevo título y ratificaron su protagonismo en el fútbol femenino peruano."
https://elcomercio.pe/deporte-total/futbol-peruano/cienciano-vs-melgar-en-vivo-por-la-fecha-1-del-torneo-clausura-2026-hora-y-donde-ver-el-partido-via-l1-max-tdpe-noticia/,Melgar vence a Cienciano 3 a 1 en la primera fecha del Torneo Clausura 2026,"Con goles de Quagliata, Cáceres y Vidales, Melgar se consagró ganador del Clásico del Sur del Torneo Clausura del 2026.",2026-07-18T16:05:30.657Z,"y

se enfrentaron este viernes 17 de julio por la primera fecha

de la

. El partido se jugó en el Estadio Inca Garcilaso de la Vega. Melgar se llevó la victoria del encuentro con un marcador de 3 a 1. Cienciano no pudo imponerse como local en la ciudad imperial del Cusco y el gol de Hohberg (22′) no fue suficiente para igualar el marcador y las tres anotaciones que le dieron la victoria rotunda a Melgar: Quagliata (36′), Cáceres (80′) y Vidales (90+5′); haciéndolo el ganador del Clásico del Sur. Repasa aquí el resumen del partido, goles y narración:

El partido entre

se jugará este viernes 17 de julio en el Estadio Inca Garcilaso de la Vega.

El encuentro entre

A continuación, te detallamos los horarios en distintos países para que no te pierdas este emocionante partido.

El partido entre

se podrá ver desde Perú EN VIVO a través de L1 Max y L1 Play."
https://elcomercio.pe/deporte-total/futbol-peruano/cusco-vs-alianza-atletico-en-vivo-a-que-hora-y-donde-ver-el-torneo-clausura-2026-l1play-l1max-resumen-y-goles-tdpe-noticia/,"Por goleada, Cusco FC ganó a Alianza Atlético en la primera fecha del Torneo Clausura 2026",Cusco FC venció a Alianza Atlético 4 a 1 en el Estadio Inca Garcilaso de la Vega. Revisa aquí el resumen y goles del partido.,2026-07-19T16:45:08.997Z,". El encuentro inició con una ventaja de Cusco FC, José Manzaneda anotó el primer gol (21′). La segunda anotación llegaría con Iván Colman (33′). Por su lado, Alianza Atlético intentó igualar el juego con un gol de Cristian Penilla (58′).

A pesar del esfuerzo de la escuadra piurana, Cusco FC evidenció más su ventaja con dos anotaciones más, una de Facundo Callejo (81′) y otra de Nicolás Silva (84′), con la que se consagraría su victoria en la primera fecha del torneo.

El partido entre

se jugará este sábado 18 de julio en el Estadio Inca Garcilaso de la Vega.

El encuentro entre

A continuación, te detallamos los horarios en distintos países para que no te pierdas este emocionante partido.

El partido entre

se podrá ver desde Perú EN VIVO a través de L1 Max y L1 Play."
https://elcomercio.pe/deporte-total/futbol-peruano/en-condicion-de-prestamo-sporting-cristal-anuncio-el-fichaje-de-anderson-villacorta-noticia/,¡En condición de préstamo! Sporting Cristal anunció el fichaje de Anderson Villacorta,"El club rimense anunció la llegada del defensor de 20 años en condición de préstamo por un años, con opción de compra hasta el 30 de junio de 2027.",2026-07-20T22:17:14.163Z,"Sporting Cristal sumó un nuevo refuerzo en busca de lograr el campeonato del Torneo Clausura de la Liga 1 y seguir en carrera en la Copa Sudamericana. Por ello, anunció el fichaje de Anderson Villacorta.

El defensor de 20 años llega a tienda ‘celeste’ en condición de préstamo y con opción de compra hasta el 30 de junio de 2027.

“¡Bienvenido al Rímac, Anderson! Estamos felices de presentar a Anderson Villacorta como nuevo jugador del Sporting Cristal. Defensor central de 20 años, él llega al club a préstamo con opción de compra hasta el 30 de junio de 2027. ¡A darlo todo por la Celeste!”, publicó el club.

De esta manera, Villacorta se suma a Hernán Barcos, Michael Hoyos y Juan Manuel Cuesta como los refuerzos de Sporting Cristal para asumir el segundo semestre del año.

El futbolista llega proveniente de Mineros de Zacatecas de México, club con el que tiene contrato hasta junio de 2028.

¡Bienvenido al Rímac, Anderson!

Estamos felices de presentar a Anderson Villacorta como nuevo jugador del Sporting Cristal.

Defensor central de 20 años, él llega al club a préstamo con opción de compra hasta el 30 de junio de 2027.

¡A darlo todo por la Celeste! 🩵…"
https://elcomercio.pe/deporte-total/futbol-peruano/en-que-canal-tv-transmiten-cienciano-vs-lanus-en-vivo-hoy-gratis-por-copa-sudamericana-2026-a-que-hora-juegan-y-donde-ver-partido-online-streaming-noticia/,¿En qué canales pasan Cienciano vs. Lanús y a qué hora se juega por playoffs de Copa Sudamericana 2026?,Revisa qué canales transmiten el partido de Cienciano vs. Lanús y los horarios para verlo por el playoff de ida de la Copa Sudamericana 2026.,2026-07-22T11:00:01Z,"visitará a

este miércoles 22 de julio del 2026 en el Estadio Ciudad de Lanús Néstor Díaz Pérez por el playoff de ida de la

. El conjunto ‘imperial’ buscará mantenerse en carrera en el torneo en el que supo campeonar en el 2003, e intentará sacar un resultado beneficioso para cerrar la llave en Cusco. A continuación, te mostramos a qué hora juegan y en qué canales ver el partido ONLINE.

La transmisión del partido entre

por el playoff de ida

de la

será transmitido a través de

Si deseas ver el partido de

, podrás hacerlo a través de

Luego,

, el canal que transmite el partido de

el partido de

por el playoff de ida de la

lo transmite

el partido de

por el playoff de ida de la

lo transmite"
https://elcomercio.pe/deporte-total/futbol-peruano/en-que-canales-tv-transmiten-alianza-lima-vs-sport-huancayo-en-vivo-gratis-por-liga-1-a-que-hora-juegan-y-donde-ver-partido-por-torneo-clausura-online-streaming-noticia/,¿En qué canales ver el resumen de Alianza Lima vs. Sport Huancayo por Liga 1?,Revisa qué canales pasan el resumen del partido de Alianza Lima vs. Sport Huancayo por la fecha 1 del Torneo Clausura de la Liga 1.,2026-07-20T03:27:37.667Z,"venció 2-1 a

este domingo 19 de julio del 2026 por la jornada 1 del Torneo Clausura de la

en el Estadio Alejandro Villanueva.

Los dirigidos por Pablo Guede tuvieron que nadar a contracorriente tras el sorpresivo golazo de Nahuel Luján de chalaca. No obstante, Eryc Castillo se vistió de héroe para firmar un doblete de la remontada.

La transmisión del partido entre

será transmitido a través de

. Para ver Liga 1 Max, deberás de contratar cualquier servicio de cable como: DirecTV, Movistar TV, Claro TV, Best Cable, Win o Mi Fibra.

Si deseas ver el partido de

por streaming online, podrás hacerlo a través de

. Es importante recalcar que

, también transmitirá mediante reacciones el partido. Luego,

, el canal que transmite el partido de

.

El partido de

por la jornada 1 del Torneo Clausura de la Liga 1 empieza a las 7:00 PM de Perú este domingo 19 de julio del 2026.

el partido de

por la fecha 1 del Torneo Clausura de la Liga 1 lo transmite

el partido de

por la fecha 1 del Torneo Clausura de la Liga 1 lo transmite"
https://elcomercio.pe/deporte-total/futbol-peruano/en-que-canales-tv-transmiten-sporting-cristal-vs-bragantino-en-vivo-gratis-por-copa-sudamericana-a-que-hora-juegan-y-donde-ver-partido-online-streaming-noticia/,Canales TV para ver partido de Sporting Cristal vs. Bragantino y a qué hora empieza por Copa Sudamericana 2026,Revisa qué canales transmiten el partido de Sporting Cristal vs. Bragantino y los horarios para verlo por el playoff de ida de la Copa Sudamericana 2026.,2026-07-22T17:35:07.207Z,"recibirá a

este miércoles 22 de julio del 2026 en el Estadio Nacional por el playoff de ida de la

. El conjunto bajopontino buscará seguir en carrera en el fútbol internacional e iniciará la serie en casa, en donde espera sacar una buena ventaja para el duelo de vuelta. A continuación, te mostramos a qué hora juegan y en qué canales ver el partido ONLINE.

La transmisión del partido entre

por playoffs de ida

de la

será transmitido a través de

Si deseas ver el partido de

, podrás hacerlo a través de

Luego,

, el canal que transmite el partido de

el partido de Sporting Cristal

por el playoff de ida de la

lo transmite

el partido de Sporting Cristal

por el playoff de ida de la

lo transmite

el partido de Sporting Cristal

por el playoff de ida de la

lo transmite

Changan, la marca china líder en ventas en el Perú y representada por Inchcape, anunció al futbolista y empresario Hernán Barcos como su nuevo embajador oficial. La alianza busca reforzar el posicionamiento de la marca y fortalecer su conexión con los consumidores peruanos mediante una figura que representa perseverancia, rendimiento y compromiso con el país. Con más de cinco temporadas en el fútbol peruano, Barcos ha conquistado dos títulos nacionales y se mantiene vigente a sus 42 años como uno de los delanteros extranjeros más destacados.

Además de su trayectoria deportiva, Barcos ha desarrollado una exitosa faceta empresarial con su restaurante La Porteña, reflejando una visión de crecimiento y arraigo en el Perú. Como embajador de Changan, será la imagen de la SUV New CS55 Plus, destacando sus atributos de tecnología, potencia y diseño. La marca considera que su trayectoria, autenticidad y liderazgo reflejan los valores que busca transmitir al mercado peruano y a sus clientes."
https://elcomercio.pe/deporte-total/futbol-peruano/en-que-canales-tv-transmiten-universitario-vs-adt-hoy-en-vivo-por-liga-1-a-que-hora-juegan-y-donde-ver-partido-de-torneo-clausura-online-streaming-noticia/,En qué canales ver el resumen de Universitario vs. ADT por fecha 1 del Torneo Clausura de la Liga 1,Revisa qué canales ve el resumen del partido de Universitario vs. ADT por la fecha 1 del Torneo Clausura de la Liga 1.,2026-07-18T21:38:35.834Z,"derrotó 2-1 a

este sábado 18 de julio del 2026 por la jornada 1 del Torneo Clausura de la

en el Estadio Unión Tarma. De esta manera, los dirigidos por Héctor Cúper inician con buen pie el segundo torneo del año.

Álex Valera (20′) y Lisandro Alzugaray (31′) fueron los encargados de marcar para la victoria de la ‘U’. Mientras que Jeremy Canela (28′) descontó para los locales.

La transmisión del partido entre

será transmitido a través de

. Para ver Liga 1 Max, deberás de contratar cualquier servicio de cable como: DirecTV, Movistar TV, Claro TV, Best Cable, Win o Mi Fibra.

Si deseas ver el partido de

por streaming online, podrás hacerlo a través de

. Es importante recalcar que

, también transmitirá mediante reacciones el partido. Luego,

, el canal que transmite el partido de

.

El partido de

por la jornada 1 del Torneo Clausura de la Liga 1 empieza a las 1:15 PM de Perú este sábado 18 de julio del 2026.

el partido de

por la fecha 1 del Torneo Clausura de la Liga 1 lo transmite

el partido de

por la fecha 1 del Torneo Clausura de la Liga 1 lo transmite"
https://elcomercio.pe/deporte-total/futbol-peruano/felipe-vizeu-no-seguira-en-sporting-cristal-asi-anuncio-el-club-la-salida-del-delantero-brasileno-liga-1-ultimas-noticia/,Felipe Vizeu no seguirá en Sporting Cristal: así anunció el club la salida del delantero brasileño,El delantero brasileño y el club rimense llegaron a un acuerdo para finalizar su vínculo. Su salida permite liberar un cupo de extranjero para inscribir a Juan Manuel Cuesta.,2026-07-20T20:00:59.44Z,"La etapa de

en

llegó a su fin. El club rimense anunció este lunes 20 de julio la rescisión de contrato por mutuo acuerdo con el delantero brasileño, quien dejó de estar en los planes del técnico

para afrontar el Torneo Clausura.

La desvinculación pone fin a varias semanas de negociaciones entre ambas partes y, además, permite al cuadro celeste liberar un cupo de extranjero para reforzar su plantel.

A través de un comunicado publicado en sus redes sociales,

confirmó que ambas partes acordaron poner fin al vínculo laboral.

.

Aunque el atacante tenía contrato vigente hasta diciembre de este año, la dirigencia y el jugador lograron llegar a un acuerdo para concretar su salida.

¡Muchas gracias, Felipe!

Te agradecemos por tu entrega y profesionalismo con la Celeste.

¡Muchos éxitos!

La salida de Vizeu era un escenario que se manejaba desde hace varias semanas. El brasileño fue perdiendo protagonismo tras un rendimiento irregular, marcado por oportunidades desperdiciadas tanto en el cierre de la temporada 2025 como en encuentros determinantes de la campaña 2026.

Ante ese panorama, el área deportiva le comunicó que no sería considerado por Roberto Mosquera para disputar el Torneo Clausura, lo que terminó acelerando las conversaciones para resolver su situación contractual.

Con la desvinculación del atacante brasileño, Sporting Cristal liberó un cupo de extranjero, requisito que le permitirá inscribir al colombiano Juan Manuel Cuesta.

El extremo no pudo debutar en la primera fecha del Torneo Clausura debido a la falta de disponibilidad de plazas para futbolistas extranjeros, además de encontrarse recuperándose de algunos problemas físicos."
https://elcomercio.pe/deporte-total/futbol-peruano/goles-de-universitario-vs-sporting-cristal-por-final-de-liga-femenina-video-noticia/,Goles de Universitario vs. Sporting Cristal por final de la Liga Femenina,Mira los goles del partido de Universitario vs. Sporting Cristal Femenino por la final de vuelta del Torneo Apertura de la Liga Femenina.,2026-07-18T02:09:13.572Z,"y

se enfrentan por la final de vuelta del Torneo Apertura de la Liga Femenina 2026 en un duelo clave que definirá al primer campeón de la temporada.

El conjunto ‘crema’ tomó la ventaja gracias a los goles de Sofía Oxandabarat y Pierina Nuñez. No obstante, las ‘celestes’ descontaron vía Tamara Alves.

¡𝗤𝗨𝗘́ «𝗣𝗜𝗡𝗧𝗨𝗥𝗜𝗧𝗔» 𝗧𝗘 𝗦𝗔𝗟𝗜𝗢́! 🎨🤯

⚽ Universitario 1-0 Sporting Cristal

𝗦𝗜𝗘𝗠𝗣𝗥𝗘 𝗟𝗘𝗧𝗔𝗟, 𝗚𝗢𝗟𝗘𝗔𝗗𝗢𝗥𝗔 🎯

⚽ Universitario 2-0 Sporting Cristal"
https://elcomercio.pe/deporte-total/futbol-peruano/john-narvaez-fue-expulsado-en-el-partido-de-universitario-vs-adt-por-el-torneo-clausura-de-liga-1-video-noticia/,John Narváez fue expulsado en el partido de Universitario vs ADT por el Torneo Clausura de Liga 1 | VIDEO,"La intervención del VAR fue clave para sancionar la dura falta de Narváez sobre Fértoli, dejando a ADT con diez jugadores frente a Universitario.",2026-07-18T19:36:00.277Z,"El defensor ecuatoriano John Narváez fue expulsado con tarjeta roja directa al minuto 45+4 del primer tiempo en el duelo entre

y

por la Liga 1. La acción se produjo tras una revisión en el VAR, luego de una fuerte entrada en forma de plancha contra el mediocampista argentino Héctor Fértoli. El árbitro no dudó en sancionar la jugada tras observar las imágenes, dejando a ADT con un hombre menos antes del descanso. La expulsión condicionó el trámite del encuentro y generó reclamos por parte del conjunto local.

🔴 TARJETA ROJA PARA NARVÁEZ

1-2

📺 Conoce cómo ver L1MAX en vivo 👉"
https://elcomercio.pe/deporte-total/futbol-peruano/juego-en-corto-youtube-en-vivo-mira-aqui-la-transmision-del-programa-de-hoy-lunes-20-de-julio-del-2026-noticia/,"“Juego en Corto”, YouTube: mira aquí la transmisión del programa de hoy, lunes 20 de julio del 2026","Sigue hoy “Juego en Corto” desde las 8:00 a.m. en el canal de YouTube de Depor. El programa combina información, análisis y entretenimiento con la conducción de Carolina Salvatore junto a los exseleccionados José Carvallo y Diego Penny.",2026-07-20T13:08:21.228Z,"El espacio, conducido por Carolina Salvatore junto a José Carvallo y Diego Penny, busca desmenuzar lo hecho más allá del resultado, con opiniones y lecturas clave para los hinchas. Mientras que Fernanda Huapaya, enviada especial, acompañará a la mesa con la mejor información desde la sede del Mundial 2026.

El programa se emite a través de YouTube y se consolida como una propuesta digital que combina análisis, información y entretenimiento, acercando el fútbol local a la audiencia con un estilo directo y dinámico.

“Juego en Corto” se caracteriza por un formato de conversación ágil, donde se combinará el olfato periodístico y el trabajo de campo de Fernanda Huapaya con la experiencia de vestuario que aportan José Carvallo y Diego Penny tras su paso por la selección peruana y clubes como Universitario de Deportes y Sporting Cristal.

Además, uno de los principales atractivos del programa serán las entrevistas exclusivas con figuras del ámbito deportivo, lo que promete enriquecer cada emisión con contenido de valor.

Por ello, “Juego en Corto” se perfila como una propuesta recomendable para los amantes del fútbol que buscan información, análisis y cercanía con protagonistas del deporte."
https://elcomercio.pe/deporte-total/futbol-peruano/los-chankas-vs-sport-boys-en-vivo-hora-canal-tv-y-donde-ver-el-torneo-clausura-2026-jornada-1-liga-1-l1max-l1play-resumen-y-goles-tdpe-noticia/,Los Chankas vence a Sport Boys en la primera fecha del Torneo Clausura 2026,"Sport Boys cayó ante los Chankas con un marcador final de 1 a 0. Con gol de Jarlín Quintero, la escuadra apurimeña se llevó el triunfo de la jornada.",2026-07-19T20:12:08.572Z,"taron

. Los Chankas se llevaron la victoria del encuentro frente a Sport Boys con un marcador final de 1 a 0. Revisa aquí el resumen del partido y goles:

El partido entre

se jugará este domingo 19 de julio en el Estadio Los Chankas.

El encuentro entre

A continuación, te detallamos los horarios en distintos países para que no te pierdas este emocionante partido.

El partido entre

se podrá ver desde Perú EN VIVO a través de L1 Max y L1 Play."
https://elcomercio.pe/deporte-total/futbol-peruano/nuevo-fichaje-en-matute-la-pista-de-alianza-lima-que-encendio-las-redes-sociales-liga-1-ultimas-noticia/,¿Nuevo fichaje en Matute? La pista de Alianza Lima que encendió las redes sociales,"El club blanquiazul compartió una imagen de su camiseta acompañada del mensaje “Pronto alguien la tendrá”, generando especulaciones entre los hinchas sobre la identidad del próximo refuerzo para el Torneo Clausura 2026.",2026-07-21T14:46:11.509Z,"volvió a captar la atención de sus hinchas con una publicación en sus redes sociales que apunta a un próximo anuncio. El club compartió una fotografía de la camiseta blanquiazul sobre una butaca de Matute junto al mensaje:

, dejando abierta la posibilidad de presentar a un nuevo refuerzo para el

.

La publicación apareció días después del debut victorioso de los íntimos en el Clausura y rápidamente generó cientos de comentarios de hinchas que intentan descifrar quién será el futbolista que vestirá la camiseta blanquiazul.

Aunque el club no reveló el nombre del jugador, las versiones más recientes apuntan a que el anuncio estaría relacionado con alguno de los futbolistas que han sido vinculados a Alianza Lima en los últimos días.

El nombre que toma mayor fuerza es el del defensor Jhair Soto, actual jugador de ADT. Diversos reportes señalan que la directiva mantiene negociaciones para incorporarlo por pedido del técnico Pablo Guede, quien busca reforzar la defensa de cara a la segunda parte de la temporada.

Otro nombre que ha aparecido en el entorno blanquiazul es el del arquero Pedro Gallese, aunque hasta el momento no existe una confirmación oficial y su posible llegada continúa siendo materia de especulación.

𝑷𝒓𝒐𝒏𝒕𝒐 𝒂𝒍𝒈𝒖𝒊𝒆𝒏 𝒍𝒂 𝒕𝒆𝒏𝒅𝒓𝒂́…🔜👀

La estrategia de publicar adelantos antes de oficializar un fichaje no es nueva para Alianza Lima. En esta ocasión, la imagen de la camiseta y el mensaje “Pronto alguien la tendrá” fueron suficientes para convertir el tema en tendencia entre los seguidores blanquiazules.

En redes sociales, los aficionados comenzaron a mencionar diferentes nombres, aunque el consenso apunta a que el club estaría preparando la presentación de un futbolista que reforzará la plantilla para afrontar el Torneo Clausura y el resto de la temporada.

Mientras no exista un anuncio oficial, la identidad del nuevo integrante del plantel seguirá siendo una incógnita, aunque todo indica que la espera terminará en las próximas horas.

¡Sé parte del homenaje del siglo! Asegura tu libro oficial “Íntimos y Eternos” en exclusiva con El Comercio aquí: bit.ly/4515662"
https://elcomercio.pe/deporte-total/futbol-peruano/pedro-gallese-regresa-a-alianza-lima-por-que-los-intimos-lo-necesitan-con-urgencia-y-cual-es-la-contundente-postura-de-deportivo-cali-liga-1-tlcnota-noticia/,¿Pedro Gallese regresa a Alianza? Por qué los íntimos lo necesitan con urgencia y cuál es la contundente postura de Deportivo Cali,"Tras oficializar la salida de Guillermo Viscarra, Alianza Lima apuntaría todas sus fichas para repatriar a Pedro Gallese. Sin embargo, desde Deportivo Cali lanzaron una contundente respuesta.",2026-07-22T13:44:50.02Z,"Ese futuro, al menos desde La Victoria, ya empezó a imaginarse. La salida del boliviano Guillermo Viscarra dejó un espacio que debe llenarse sí o sí: Alianza tiene, en estos momentos, a Alejandro Duarte como portero titular y Ángel de la Cruz, quien con 24 años no ha tenido muchos minutos en el club.

𝑬𝒔𝒕𝒂́ 𝒔𝒊𝒆𝒎𝒑𝒓𝒆 𝒔𝒆𝒓𝒂́ 𝒕𝒖 𝒄𝒂𝒔𝒂. 💙👏🏾

El plan estaría siendo impulsado por Franco Navarro Mandayo, gerente deportivo de Alianza Lima, quien conoce muy bien al guardameta. Ambos coincidieron entre 2023 y 2025 en la Federación Peruana de Fútbol, cuando Navarro ejercía como gerente de selecciones y Gallese era uno de los referentes de la Bicolor. Esa cercanía alimenta la ilusión de un posible retorno.

La necesidad de Alianza no es menor. El equipo de Pablo Guede acaba de iniciar el Torneo Clausura con una victoria sobre Sport Huancayo y mantiene intacto el objetivo de proclamarse campeón nacional de manera directa tras haber conquistado el Apertura. En ese escenario, la portería se convierte en una posición estratégica. Los íntimos no buscan únicamente un reemplazante; necesitan un arquero capaz de asumir la presión de pelear un título y responder en los partidos decisivos. Gallese reúne todas esas condiciones.

A sus 36 años continúa siendo el arquero titular de la selección peruana y conserva un prestigio construido durante más de una década defendiendo la camiseta nacional. Además, conoce perfectamente el entorno de Matute. En la temporada 2019 defendió el arco blanquiazul y, aunque su paso fue breve, dejó una buena imagen entre los hinchas.

Precisamente ese vínculo quedó reflejado durante su último regreso al estadio victoriano. Antes del amistoso entre Deportivo Cali y Alianza, el ‘Pulpo’ no escondió la emoción. “Contento de regresar otra vez a Matute, con la fiesta que siempre da Alianza. Estoy muy emocionado de jugar otra vez aquí, estoy agradecido con la hinchada, aunque esta vez me tocó jugar en contra”, declaró.

Después fue aún más directo. “Alianza siempre me ha tratado muy bien y por qué no en un futuro un regreso. Jugar aquí uno se emociona y más con el cariño del hincha”.

“Nos vamos a fortalecer y queremos lo mejor para la selección”.

Pedro Gallese, que confirmó estar apto para una Eliminatoria más, se refirió al momento de la selección peruana.

Sus palabras fueron interpretadas como una puerta abierta. Sin embargo, entre el deseo y la realidad existe una distancia importante.

frente a las versiones que vinculan a Gallese con Alianza Lima. La respuesta fue contundente.

, señalaron desde la institución colombiana.

El mensaje deja claro que, por ahora, no existe ninguna comunicación formal entre clubes ni intención de desprenderse de uno de sus principales futbolistas. Gallese forma parte del proyecto deportivo del cuadro colombiano y tiene un vínculo vigente que ambas partes pretenden respetar.

Eso no significa, necesariamente, que la historia esté cerrada. En el mercado de fichajes las posturas pueden modificarse si aparece una oferta que satisfaga a todas las partes. Pero hoy el escenario es complejo. Alianza tendría que negociar con un club que no contempla la salida de su arquero y, además, afrontar el costo económico que supone incorporar a un futbolista de esa jerarquía.

Mientras tanto, en Matute saben que el tiempo juega en contra. El Clausura ya comenzó y el margen para encontrar un arquero de garantías es reducido. Gallese aparece como el candidato ideal por presente, experiencia e identificación con el club, pero también como la opción más difícil de concretar."
https://elcomercio.pe/deporte-total/futbol-peruano/que-relacion-tienen-andres-mendoza-y-la-melodia-que-cantaron-los-muppets-en-la-final-del-mundial-2026-noticia/,Qué relación tienen Andrés Mendoza y la melodía que cantaron los Muppets en la final del Mundial 2026,La relación es una de esas historias curiosas del fútbol que nacieron mucho antes de que “Seven Nation Army” se convirtiera en el himno no oficial de los estadios del mundo.,2026-07-22T15:16:32.599Z,"En 2004,

jugaba en el Club Brugge KV. Ese año, el delantero peruano marcó un gol importante ante el AC Milan en la UEFA Champions League. En las tribunas del estadio Jan Breydel, los hinchas del Brugge comenzaron a corear la melodía de “Seven Nation Army”, canción que The White Stripes había lanzado apenas un año antes.

El cántico era muy simple: “Oh, oh, oh, oh, oh, oh, oh...”

Los aficionados lo utilizaron para celebrar a Mendoza y, poco después, el canto empezó a viajar por Europa gracias a los hinchas italianos que asistieron a ese partido. Fueron seguidores del AC Milan quienes llevaron la melodía de regreso a Italia.

A partir de ahí ocurrió el efecto dominó:

La selección italiana la adoptó durante el Copa Mundial de la FIFA 2006.

Tras conquistar ese Mundial, la canción quedó asociada para siempre al fútbol.

Desde entonces, prácticamente todos los grandes torneos la utilizan en estadios, incluidas varias ediciones de la Copa del Mundo. En la final del Mundial 2026 volvió a sonar antes, durante y después del partido como uno de los himnos del fútbol moderno.

Los propios integrantes de The White Stripes han contado en distintas entrevistas que les sorprendió ver cómo una canción de rock terminó convertida en un canto futbolero global.

Así que sí existe una conexión entre Andrés Mendoza y “Seven Nation Army”: no porque él la haya creado ni popularizado mundialmente, sino porque uno de los primeros usos masivos de la melodía en un estadio de fútbol fue para celebrar un gol suyo con el Club Brugge en 2004. Aquella ovación terminó siendo el punto de partida de un fenómeno que hoy acompaña finales de Mundiales, Eurocopas y Champions League."
https://elcomercio.pe/deporte-total/futbol-peruano/sporting-cristal-acelera-la-busqueda-del-reemplazo-de-cazonatti-y-pedro-aquino-aparece-en-el-radar-noticia/,Sporting Cristal acelera la búsqueda del reemplazo de Cazonatti y Pedro Aquino aparece en el radar,"La inesperada salida del brasileño Gustavo Cazonatti al Mirassol FC ha acelerado la búsqueda de su reemplazante. Pedro Aquino toma fuerza como una de las opciones de Sporting Cristal, al igual que Wilder Cartagena.",2026-07-18T00:51:08.281Z,"La partida de Cazonatti obligó a los rimenses a replantear sus planes en el mercado de pases. Ya no solo buscan concretar la incorporación de un último refuerzo, sino también encontrar un volante con características similares a las del brasileño.

, y algunos nombres que ya estuvieron en carpeta han vuelto a cobrar fuerza.

Wilder Cartagena es uno de ellos.

En cambio, explicó que, por respeto al jugador mencionado, prefería no pronunciarse sobre posibles incorporaciones hasta que estas se concreten oficialmente.

El volante de 31 años rescindió su contrato con Santos Laguna de México tras culminar su préstamo en Alianza Lima, donde no fue considerado para continuar. Aunque defendió durante una temporada la camiseta de uno de los clásicos rivales de Sporting Cristal,

De hecho, durante su etapa en el fútbol mexicano nunca ocultó su cercanía con la institución que lo formó. Siempre que el calendario se lo permitió, asistió como un hincha más a partidos de Sporting Cristal, tanto por la Copa Libertadores como por la Liga 1.

Mientras tanto, la dirigencia rimense trabaja para cerrar cuanto antes la operación de su cuarto refuerzo."
https://elcomercio.pe/deporte-total/futbol-peruano/sporting-cristal-un-debut-exitoso-en-el-clausura-pero-con-una-tarea-pendiente-en-el-mercado-el-detras-de-la-historia-del-mediocampista-nacional-que-busca-el-cuadro-rimense-noticia/,"Un debut exitoso en el Clausura, pero con una tarea pendiente en el mercado: el detrás de la historia del mediocampista que busca Sporting Cristal",Sporting Cristal venció por 1-0 a Garcilaso en su estreno en el Clausura y ahora va por su quinto y último fichaje tras la inminente llegada del central Anderson Villacorta.,2026-07-18T05:04:00Z,"Pero más allá del triunfo sobre Deportivo Garcilaso (1-0), de las lecciones que brindan para un próximo desafío, ya de carácter internacional, queda claro que el equipo de Mosquera no ha terminado de conformarse. La imprevista venta de Gustavo Cazonatti al Mirassol FC del Brasileirao ha obligado a la directiva bajopontina a no efectuar cuatro refuerzos, sino cinco. La operación de Cazonatti invita al área deportiva a salir al mercado por un jugador de sus mismas características y de acuerdo a lo que se conversa en La Florida, este será un futbolita nacional.

En las últimas horas se han dado nombres propios de los candidatos a reemplazar a Cazonatti, de quien los celestes poseen un 10% de una futura venta. Wilder Cartagena es uno de ellos y se sabe que su CV está dentro del área de scouting de los rimenses, y no de ahora o de hace semanas, sino de ya desde hace un buen tiempo. Como se sabe, este departamento de captación no solo trabaja pensando en una temporada, sino para coyunturas como la de ahora con la salida del mediocampista brasileño.

No obstante, más allá del seguimiento, al menos desde el área de scouting, el nombre que ha sorprendido es el de Pedro Aquino. El volante de 31 años se acaba de desligar de Santos Laguna de México y pese a que el último año ha militado en Alianza Lima —con más minutos en el Clausura 2025 que en el Apertura 2026—, en el Rímac lo tienen en consideración y no es descabellado que pueda ser la última incorporación de este mercado de pases, el cual culmina el 11 de agosto. De igual forma, además de estos dos mundialistas en Rusia 2018.

Las próximas horas y días son cruciales para el desarrollo para el cierre de esta quinta operación, pues la cuarta transferencia ya está efectuada y en cualquier momento se oficializa el fichaje de Anderson Villacorta, defensor central norteño de 20 años que ha venido desempeñándose en Mineros de Zacatecas de la Liga Expansión de México (Liga 2) y quien fue el capitán de la última selección peruana Sub 20. Villacorta, quien dejó la César Vallejo en el 2023, llega por un año a préstamo y con opción de compra.

El arranque del Clausura de Sporting Cristal fue con una victoria por 1-0, un marcador que no refleja la total superioridad del elenco celeste en el estadio Alberto Gallardo. Roberto Mosquera tendrá que empezar a trabajar no solo en la eficacia de sus atacantes, sino también en la ansiedad, pues desde el primer minuto de juego, se observó a los atacantes carganda una pesada mochila emocional al momento de pararse frente al arco. Ello también tiene una respuesta, el de sumar de a tres en todos los partidos posibles del Clausura, pues en el Apertura, la ‘SC’ culminó a tres puntos del antepenúltimo y a seis del último. Es decir, en el límite del descenso.

Ahora, lo hecho ante Garcilaso ya es parte del informe que tiene el comando técnico de Mosquera y ahora el objetivo está puesto sobre Bragantino, el rival de este miércoles por la ida de los Playoffs de la Copa Sudamericana. El Estadio Nacional será el escenario donde los rimenses intentarán lograr una ventaja para soñar con acceder a los octavos de final de este certamen internacional, al que llegaron tras finalizar terceros en su grupo de la Copa Libertadores 2026, la cual jugaron desde la fase preliminar (Fase 2).

Para este enfrentamiento, Cristal necesitará que su puntería esté fina y ayer, Michael Hoyos dejó buenas sensaciones en los minutos que estuvo en el campo. El delantero argentino apunta a ganarse un lugar en el once bajopontino, más allá de que por ahora Hernán Barcos apunta a ser el hombre que comande la ofensiva celeste en el primer enfrentamiento ante el cuadro brasileño. Eso sí, no se descarta que en algún momento el técnico pueda poner a ambos en el ataque y eso tiene mucha mayor probabilidad de suceder en una llave de eliminación directa con Bragantino."
https://elcomercio.pe/deporte-total/futbol-peruano/sporting-cristal-vs-bragantino-en-vivo-online-gratis-por-playoffs-ida-de-copa-sudamericana-2026-lbposting-noticia/,Sporting Cristal vs. Bragantino EN VIVO: previa y noticias del partido por playoffs de Copa Sudamericana,"El encuentro se disputa esta noche, a partir de las 7:30 p.m., en el Estadio Nacional de Lima. Todos los detalles en esta nota.",2026-07-22T17:22:05Z,"El equipo del Rímac, dirigido por Roberto Mosquera, buscará seguir en carrera en el fútbol internacional e iniciará la serie en casa, en donde espera sacar una buena ventaja para el duelo de vuelta en Brasil.

México, Guatemala, Honduras, Costa Rica: 6:30 p.m.

Perú, Colombia, Ecuador: 7:30 p.m.

Bolivia, Venezuela, Chile, Estados Unidos: 8:30 p.m.

Argentina, Brasil, Uruguay, Paraguay: 9:30 p.m.

España: 2:30 a.m. del jueves 23 de julio

Si deseas ver el partido de Sporting Cristal vs. Bragantino por streaming online, podrás hacerlo a través de Disney+ Premium, y podrás ver el canal de ESPN en el resto de Sudamérica mediante la app de DGO y Movistar TV.

La transmisión del partido por TV cable estará a cargo de ESPN, mientras que el minuto a minuto y las incidencias online puedes seguirlas en esta nota de El Comercio.

El encuentro comenzará a las 7:30 p.m. y tendrá como escenario el Estadio Nacional de Lima."
https://elcomercio.pe/deporte-total/futbol-peruano/tabla-de-posiciones-liga-1-2026-en-vivo-partidos-canales-tv-y-resultados-de-la-fecha-1-del-torneo-clausura-y-tabla-del-acumulado-noticia/,Tabla de posiciones Liga 1 2026: partidos y resultados tras la fecha 1 del Torneo Clausura,"Alianza Lima, Universitario y Sporting Cristal comenzaron con el pie derecho el Torneo Clausura 2026. Revisa todos los resultados de la primera jornada y cómo quedó la tabla de posiciones.",2026-07-21T20:35:37.808Z,"La fecha 1 se abrió el viernes con el empate 2-2 entre FC Cajamarca y Juan Pablo II, resultado que llegó sobre el final gracias a la reacción del cuadro visitante. Más tarde, Sporting Cristal hizo respetar la localía y derrotó por 1-0 a Deportivo Garcilaso con un golazo de Martín Távara, mientras que el clásico del sur quedó en manos de Melgar, que remontó para imponerse 3-1 a Cienciano tras los tantos de Quagliata, Cáceres y Vidales.

El sábado continuó con el empate 2-2 entre CD Moquegua y Comerciantes Unidos. Luego fue el turno de Universitario de Deportes, que superó una exigente prueba al vencer 2-1 a ADT en Tarma. Más adelante, Atlético Grau derrotó por 3-1 a UTC en Piura y Cusco FC cerró la jornada con una contundente goleada por 4-1 sobre Alianza Atlético.

La primera fecha concluyó el domingo con el triunfo de Los Chankas por 1-0 frente a Sport Boys en Andahuaylas, gracias al gol de Jarlín Quintero. Horas después, Alianza Lima hizo vibrar Matute al imponerse 2-1 sobre Sport Huancayo con un doblete de Eryc Castillo, resultado que le permitió iniciar el Clausura con tres puntos y confirmar que buscará pelear por el bicampeonato.

*UTC sufrió la deducción de cinco puntos."
https://elcomercio.pe/deporte-total/futbol-peruano/tour-blanquiazul-2026-asi-podras-recorrer-matute-y-vivir-una-experiencia-de-realidad-virtual-alianza-lima-ultimas-noticia/,Tour Blanquiazul 2026: así podrás recorrer Matute y vivir una experiencia de realidad virtual,"Los hinchas de Alianza Lima podrán recorrer el Estadio Alejandro Villanueva, disfrutar de una experiencia de realidad virtual y fotografiarse con el trofeo del Torneo Apertura 2026 durante el Tour Blanquiazul.",2026-07-22T14:14:45.883Z,"abrió una nueva edición del

, una actividad dirigida a los hinchas que deseen conocer los espacios más emblemáticos del

y vivir una experiencia inmersiva durante los meses de julio y agosto.

La experiencia incluye un recorrido por el denominado Corazón del Pueblo, una actividad de realidad virtual, una fotografía impresa como recuerdo y la posibilidad de tomarse una foto con el

, recientemente obtenido por el club.

El recorrido ha sido diseñado para que los hinchas conozcan de cerca las instalaciones de Matute y disfruten de diversas actividades, entre ellas:

De acuerdo con el cronograma publicado por Alianza Lima, las visitas estarán disponibles durante julio y agosto.

Julio

Agosto

Los horarios habilitados son:

¡𝐕𝐢𝐯𝐞 𝐮𝐧𝐚 𝐞𝐱𝐩𝐞𝐫𝐢𝐞𝐧𝐜𝐢𝐚 𝐮́𝐧𝐢𝐜𝐚 𝐞𝐧 𝐜𝐚𝐬𝐚!⚪️🔵

En julio, conoce cada lugar de nuestro Estadio Alejandro Villanueva y llévate un recuerdo inolvidable con el Tour Blanquiazul. 💙

📸 Foto impresa

🕶️ Experiencia de realidad virtual

🏟️ Recorrido por el…

Los boletos para el Tour Blanquiazul están disponibles a través de Joinnus y cuentan con diferentes tarifas según la experiencia elegida y la edad del visitante. Los precios son los siguientes:

¡Sé parte del homenaje del siglo! Asegura tu libro oficial “Íntimos y Eternos” en exclusiva con El Comercio aquí: bit.ly/4515662"
https://elcomercio.pe/deporte-total/futbol-peruano/universitario-de-deportes-supera-las-20-mil-entradas-vendidas-para-el-duelo-ante-cusco-fc-revisa-los-precios-por-tribuna-torneo-clausura-liga-1-ultimas-noticia/,Universitario supera las 20 mil entradas vendidas para el duelo ante Cusco FC: revisa los precios por tribuna,El club crema informó que ya se vendieron más de 20 mil entradas para el partido ante Cusco FC por la Liga 1.,2026-07-22T15:47:13.466Z,"anunció que

, correspondiente a la Liga 1 Te Apuesto 2026. El encuentro se disputará este viernes 24 de julio, desde las 8:30 p. m., en el Estadio Monumental U Marathon.

A través de sus redes sociales, el club crema destacó la respuesta de su hinchada e informó que la cifra incluye boletos adquiridos tanto para las tribunas como para los palcos del recinto de Ate.

La institución espera un importante marco de público para este compromiso, en el que buscará sumar un nuevo triunfo con el respaldo de su hinchada.

Los boletos continúan disponibles en Teleticket con los siguientes precios para el público en general:

𝗝Ⓤ𝗡𝗧𝗢𝗦 𝗘𝗡 𝗖𝗔𝗦𝗔 💛🏟️

Ya son más de 20 mil los cremas confirmados, entre tribunas y palcos, para nuestro partido de este viernes ante Cusco FC.

🎟️ ¡Llenemos las tribunas del Monumental! ▶️

Los hinchas que adquieran la Experiencia Crema, con un costo de S/ 220, podrán acceder a beneficios exclusivos antes del encuentro:"
https://elcomercio.pe/deporte-total/futbol-peruano/universitario-de-deportes-vuelve-a-casa-precios-de-entradas-para-recibir-a-cusco-fc-en-el-monumental-torneo-clausura-ultimas-noticia/,La ‘U’ vuelve a casa: precios de entradas para recibir a Cusco FC en el Monumental,Universitario disputará su primer partido como local en el Torneo Clausura 2026 cuando reciba a Cusco FC en el Estadio Monumental. El club anunció los precios de las entradas para todas las tribunas.,2026-07-21T13:47:13.665Z,"volverá a jugar en el

y lo hará en la segunda fecha del

. El conjunto crema recibirá a Cusco FC el viernes 24 de julio desde las 8:30 p.m., marcando así su regreso a casa luego de disputar el inicio del certamen fuera de Lima.

El encuentro frente a Cusco FC será el primer compromiso de Universitario como local en el segundo torneo local del año. La expectativa entre los hinchas es alta, ya que el equipo volverá a contar con el respaldo de su público en el Monumental.

Universitario confirmó los valores de las entradas para cada una de las tribunas del Estadio Monumental.

Ⓤ𝗡𝗜𝗗𝗢𝗦, 𝗙𝗘𝗖𝗛𝗔 𝗔 𝗙𝗘𝗖𝗛𝗔 🫂

¡Este viernes nos vemos en el

para afrontar juntos este nuevo reto!

🎟️ Adquiere tus entradas aquí 👉

Las entradas estarán disponibles de manera exclusiva a través de Teleticket. Además, el club informó beneficios para sus socios:

Con el regreso al Monumental, Universitario espera contar con un gran marco de público para acompañar al equipo en uno de los primeros desafíos del

."
https://elcomercio.pe/deporte-total/futbol-peruano/universitario-de-deportes-ya-piensa-en-cusco-fc-asi-sera-la-agenda-de-trabajos-del-equipo-crema-torneo-clausura-liga-1-ultimas-noticia/,La ‘U’ ya piensa en Cusco FC: así será la agenda de trabajos del equipo crema,El equipo dirigido por Héctor Cúper realizará cinco entrenamientos entre Campo Mar U y el Estadio Monumental antes de recibir a Cusco FC por la segunda fecha del Torneo Clausura.,2026-07-20T15:27:55.645Z,"comenzó una nueva semana de preparación con la mira puesta en la segunda fecha del

. El plantel crema retomó este lunes los entrenamientos en Campo Mar U, donde trabajará bajo las órdenes del técnico Héctor Cúper antes de recibir a

en el Estadio Monumental U Marathon.

El objetivo del cuadro merengue será llegar en óptimas condiciones al compromiso programado para el viernes, correspondiente a la segunda jornada del campeonato.

De acuerdo con el plan de actividades difundido por el club, Universitario desarrollará cinco sesiones de entrenamiento entre Campo Mar U y el Estadio Monumental U Marathon. Este es el cronograma:

El entrenador argentino aprovechará las cuatro prácticas previas al encuentro para ajustar el funcionamiento del equipo y definir el once titular que buscará sumar una nueva victoria en el Torneo Clausura.

La sesión del jueves, programada en el Estadio Monumental U Marathon, servirá como el último ensayo antes del compromiso frente al conjunto cusqueño.

Tras iniciar una nueva etapa del campeonato, Universitario afronta una semana clave con el objetivo de seguir consolidando la idea de juego de Héctor Cúper y mantenerse entre los principales protagonistas del Torneo Clausura.

𝗨𝗡 𝗘𝗤𝗨𝗜𝗣𝗢. 𝗨𝗡 𝗢𝗕𝗝𝗘𝗧𝗜𝗩𝗢 🫂

¡Unidos somos más fuertes! 💪

🎟️ Adquiere tu Abono Clausura aquí 👉"
https://elcomercio.pe/deporte-total/futbol-peruano/universitario-gana-en-la-altura-9-meses-despues-que-falta-afinar-al-4-4-2-de-hector-cuper-y-como-le-fue-a-gianluca-lapadula-y-juan-manuel-requena-en-el-debut-ante-adt-liga-1-noticia/,La ‘U’ gana en la altura 9 meses después: Qué falta afinar al 4-4-2 de Cúper y cómo le fue a Lapadula y Requena en el debut ante ADT,"La ‘U’ volvió a celebrar en la altura (2-1 a ADT) con un sistema que todavía busca memoria. El estreno oficial del 4-4-2 dejó puntos altos, tareas pendientes y los primeros minutos de Gianluca Lapadula y Juan Manuel Requena.",2026-07-19T11:00:00Z,"Un triunfo aliviador, tres puntos sólidos y la confirmación de que una idea empieza, lentamente, a echar raíces.

volvió a ganar en la altura por la

nueve meses después y lo hizo, otra vez, en Tarma. Como si la ciudad tuviera reservada una página especial para los grandes objetivos cremas. En octubre del 2025, el 2-1 sobre ADT fue el impulso definitivo hacia el tricampeonato. Este sábado, el mismo marcador, en el mismo escenario, significó el primer paso de un sueño todavía mayor: ir por el tetracampeonato.

Pero el resultado no debe esconder las preguntas. La primera presentación oficial del 4-4-2 de Héctor Cúper dejó más respuestas que dudas, aunque también confirmó que el sistema todavía necesita rodaje. Cambiar un 3-5-2 trabajado durante años por una línea de cuatro defensores no ocurre de un partido para otro. Hay automatismos que aún no aparecen, distancias que corregir y movimientos que todavía se sienten forzados. La buena noticia para Universitario es que, aun en pleno proceso de adaptación, encontró la manera de ganar.

Cúper ratificó su confianza en Diego Romero, ya consolidado como dueño del arco. La defensa estuvo integrada por Andy Polo, Caín Fara, Matías Di Benedetto y César Inga. En el mediocampo apostó por un rombo con Jorge Murrugarra como volante central, Lisandro Alzugaray y Héctor Fértoli por los costados, y Jairo Concha como enlace. Arriba, la dupla ofensiva fue la esperada: Alex Valera y José Rivera.

La intención de Universitario fue evidente desde el inicio. Lejos de replegarse por la altura, salió a presionar alto y a disputar la pelota en campo rival. Esa agresividad tuvo premio a los 20 minutos. Un resbalón de Ojeda fue aprovechado por Alex Valera, que robó el balón, dejó atrás al arquero Valencia y definió con la tranquilidad de los goleadores. El delantero llegó a once tantos en la temporada, nueve de ellos por la Liga 1, confirmando que sigue siendo la principal referencia ofensiva del equipo.

Ⓤ𝗻𝗮 𝘃𝗲𝘇 𝗺𝗮́𝘀 𝗲𝗻 𝗲𝘀𝗲 𝗵𝗶𝘀𝘁𝗼́𝗿𝗶𝗰𝗼 𝗮𝗿𝗰𝗼, 𝗴𝗼𝗹𝗲𝗮𝗱𝗼𝗿 🔥

Sin embargo, el 4-4-2 todavía muestra grietas. Apenas ocho minutos después del gol, Universitario perdió intensidad, retrocedió varios metros y permitió que Jeremy Canela encontrara espacios para sacar una volea que venció a Romero. El empate enfureció a Cúper, que no dejó de corregir desde la zona técnica.

La reacción fue inmediata y también reveladora. A los 31 minutos apareció Lisandro Alzugaray con un impecable tiro libre para devolverle la ventaja a Universitario. El argentino firmó así su segundo gol de pelota parada en el año y el cuarto de su temporada, ratificando que posee un recurso que puede decidir partidos cerrados.

Ⓤ𝗡 𝗡𝗨𝗘𝗩𝗢 «𝗔𝗟𝗭𝗨𝗚𝗢𝗟𝗔𝗭𝗢» 🎨🤩

La expulsión de Narváez, tras una innecesaria agresión sobre Fértoli antes del descanso, terminó inclinando definitivamente el partido hacia el lado crema.

La segunda mitad tuvo menos ritmo y más control. Universitario administró la ventaja sin grandes sobresaltos, aunque tampoco encontró la fluidez ofensiva que Cúper pretende para su nuevo sistema.

El técnico comenzó entonces a mover el banco. Edison Flores ingresó por José Rivera y Adrián Quiroz reemplazó a Jairo Concha para refrescar el ataque. Más adelante llegaron dos cambios que modificaron el dibujo táctico: Jesús Castillo y Juan Manuel Requena entraron por Murrugarra y Fértoli.

Ahí apareció otra variante interesante. El rombo desapareció y Universitario pasó a jugar con Castillo y Requena compartiendo la primera línea del mediocampo, mientras Alzugaray y Quiroz ocuparon las bandas. Una estructura más equilibrada para sostener la ventaja.

Todas las miradas, sin embargo, estaban sobre Juan Manuel Requena. El argentino aterrizó recién el martes por la noche en Lima, entrenó apenas miércoles y jueves y debutó oficialmente en Tarma. Sus casi veinte minutos dejaron buenas señales: completó 14 pases, ganó un duelo, recuperó un balón, realizó dos despejes, bloqueó un disparo rival y hasta se animó con un remate al arco. Números discretos, pero suficientes para transmitir personalidad. Si algo vino a buscar desde el fútbol chileno fue adueñarse del mediocampo crema. El estreno sugiere que tiene argumentos para pelear rápidamente un lugar entre los titulares.

El otro estreno esperado llegó a los 83 minutos. Alex Valera salió ovacionado para darle paso a Gianluca Lapadula. Quince minutos alcanzaron para entender dos cosas. La primera: todavía está lejos de su mejor versión futbolística. La segunda: su actitud competitiva sigue intacta. Peleó cada balón dividido, presionó la salida rival y hasta pidió ejecutar un tiro libre que terminó desviado al córner. No tuvo ocasiones claras de gol, pero dejó la sensación de querer involucrarse desde el primer minuto con la dinámica del equipo.

No fue el debut soñado para el “Bambino”, pero sí un punto de partida lógico para un futbolista que recién comienza a adaptarse a un grupo que lleva varios años jugando junto.

Universitario se llevó tres puntos valiosos, rompió una sequía de nueve meses sin ganar en la altura por Liga 1 y comenzó el Clausura con una victoria que fortalece la confianza. Todavía queda mucho por ajustar en el 4-4-2 de Héctor Cúper. Los movimientos defensivos, la coordinación del mediocampo y las sociedades ofensivas siguen en construcción. Pero ganar mientras se aprende siempre será una ventaja.

El siguiente examen llegará este viernes en el Monumental frente a Cusco FC de Javier Rabanal. Será otra oportunidad para comprobar si este nuevo Universitario empieza, definitivamente, a parecerse al equipo que imagina su entrenador."
https://elcomercio.pe/deporte-total/futbol-peruano/universitario-ganador-del-torneo-apertura-de-la-liga-femenina-2026-galeria-noticia/,Universitario ganador del Torneo Apertura de la Liga Femenina 2026 | GALERÍA,Así se consagró campeón Universitario en la final de vuelta del Torneo Apertura de la Liga Femenina 2026.,2026-07-18T14:19:04.927Z,"se proclamó ganador del Torneo Apertura 2026 de la Liga Femenina tras imponerse por 3-1 a Sporting Cristal en el partido de vuelta, disputado el 17 de julio en el Estadio Monumental. Con este resultado, el conjunto crema cerró la serie con un global de 5-3, luego del empate 2-2 en la ida jugada en el Estadio Alberto Gallardo. De esta manera, las cremas celebraron un nuevo título y ratificaron su protagonismo en el fútbol femenino peruano."
https://elcomercio.pe/deporte-total/futbol-peruano/universitario-gianluca-lapadula-a-la-u-el-detras-de-sus-primeras-horas-en-lima-los-lideres-que-le-hablaron-y-desde-cuando-trabaja-doble-turno-en-campo-mar-tlcnota-noticia/,"Lapadula a la ‘U’: el detrás de sus primeras horas en Lima, los líderes que le hablaron y desde cuándo trabaja doble turno en Campo Mar","Entre abrazos, reuniones reservadas, conversaciones con los referentes del plantel y una presentación que el club prepara con absoluto hermetismo, Gianluca Lapadula comenzó a escribir su historia con Universitario.",2026-06-20T05:11:27.736Z,"El abrazo entre ambos, largo y afectuoso, fue la primera imagen del delantero ítalo-peruano como nuevo futbolista de

. No hubo discursos ni cámaras oficiales alrededor. Solo la sensación de que la operación más importante del mercado peruano había llegado, por fin, a destino.

Después de varios días de especulaciones y de un hermetismo absoluto por parte del club, el “Bambino” pisó suelo peruano para iniciar el último tramo antes de su presentación oficial.

🇮🇹🍕 ¡LLEGÓ GIANLUCA LAPADULA!

El delantero nacional ya está en suelo peruano y en las próximas horas se hará oficial su incorporación a Universitario de Deportes.

📹

- Jax Latín Media

Su siguiente parada fue en los estacionamientos privados del aeropuerto. Allí sostuvo un breve encuentro con el área de comunicaciones de

, donde respondió algunas preguntas que forman parte del material audiovisual preparado por el club. Según pudo conocer El Comercio, esas imágenes recién verán la luz entre hoy y mañana domingo, cuando

oficialice por completo la incorporación del delantero.

Finalizado ese compromiso,

fue trasladado al Hotel Pullman, lugar donde el plantel crema concentra durante la pretemporada encabezada por Héctor Cúper. Allí comenzó la segunda parte de su integración.

Nada quedó librado al azar. La dirigencia decidió blindar el proceso para evitar filtraciones y construir un anuncio acorde con la magnitud del fichaje. El equipo detrás estuvo en la búsqueda de un piano, ya que sería probable que aparezca

interpretando algunas notas.

Ayer, además, como parte de su integración se le entregó libros sobre la historia de

como símbolo de bienvenida a una institución que busca transmitirle desde el primer día el peso de sus casi cien años de historia. Las grabaciones se realizarían en distintos ambientes del Estadio Monumental.

Gianluca Lapadula siendo recibido por los hinchas de Universitario, tras su llegada al hotel Pullman de San Isidro.

Más allá de la firma del contrato y de las fotografías oficiales,

considera fundamental que

encuentre rápidamente osu espacio dentro del vestuario.

Los primeros encargados de tender ese puente fueron dos futbolistas que conocen perfectamente al delantero desde la selección peruana.

El primero fue Aldo Corzo. Capitán del equipo y compañero de

durante los procesos de Ricardo Gareca, Juan Reynoso y Jorge Fossati, el defensor fue uno de los primeros en conversar personalmente con el nuevo refuerzo.

El segundo contacto importante fue Edison Flores. Más allá de que ambos competirán por un lugar en la zona ofensiva, “Orejas” también forma parte del grupo de líderes del plantel y conoce como pocos el funcionamiento interno del equipo. Su presencia busca acelerar la adaptación de un futbolista que, si bien lleva años representando al Perú, nunca había vestido la camiseta crema.

🗣🍕 𝗔𝗻𝘁𝗼𝗻𝗶𝗼 𝗚𝗮𝗿𝗰𝗶́𝗮 𝗣𝘆𝗲: ""𝗟𝗮𝗽𝗮𝗱𝘂𝗹𝗮 𝗹𝗹𝗲𝗴𝗮 𝗽𝗼𝗿 𝟭𝟴 𝗺𝗲𝘀𝗲𝘀, 𝗲𝗻 𝗽𝗿𝗶𝗻𝗰𝗶𝗽𝗶𝗼. 𝗦𝗲 𝗵𝗮 𝗲𝘀𝘁𝗮𝗱𝗼 𝗲𝗻𝘁𝗿𝗲𝗻𝗮𝗻𝗱𝗼 𝗵𝗮𝘀𝘁𝗮 𝗮𝘆𝗲𝗿""

📹

Mientras tanto, Héctor Cúper también sostuvo sus primeras conversaciones presenciales con el atacante. El entrenador argentino siguió muy de cerca toda la negociación y considera que

puede convertirse en la pieza que le permita elevar el nivel competitivo de un equipo que terminó el primer semestre con enormes dificultades para convertir goles. En Universitario nadie esconde la ilusión.

Una de las principales interrogantes giraba alrededor del estado físico del delantero, especialmente después de una temporada marcada por algunos problemas físicos en Italia.

Antonio García Pye se encargó de despejar esas dudas. “Ha venido entrenándose antes de viajar”, explicó el gerente deportivo a la salida del hotel de concentración. También confirmó que el contrato tendrá una duración inicial de dieciocho meses.

El plan contempla que

se incorpore oficialmente a los entrenamientos desde el lunes, cuando

retome los trabajos de doble turno en Campo Mar como parte de la preparación para el Torneo Clausura. El cuerpo técnico pretende acelerar su adaptación física, táctica y futbolística para tenerlo disponible lo antes posible.

No será un periodo sencillo. Los dobles turnos forman parte de la exigencia que Cúper ha impuesto desde su llegada y alcanzarán por igual a todas las figuras del plantel.

comenzará desde el primer día bajo las mismas reglas que el resto.

La llegada del delantero no representa el cierre del libro de pases. Por el contrario,

considera que apenas es el primer gran movimiento de un mercado que todavía promete novedades.

El volante Adrián Quiroz aparece muy cerca de convertirse en nuevo jugador crema y su incorporación podría resolverse en los próximos días. Sin embargo, la dirigencia continúa trabajando en otros frentes.

Antonio García Pye reconoció que las conversaciones con Raúl Ruidíaz no están cerradas. La negociación permanece abierta, aunque su desenlace dependerá de factores que involucran a varias partes. La intención del club es mantener todas las posibilidades activas hasta el cierre del mercado.

Además, el comando técnico insiste en incorporar un volante de contención con experiencia internacional y un centrodelantero extranjero que eleve el nivel de competencia en el ataque.

pretende reconstruirse después de un semestre irregular y entiende que el segundo tramo del año exige un salto de calidad.

Ese proceso empezó con una imagen sencilla, casi silenciosa: un bolso verde, un abrazo en el aeropuerto y la certeza de que

ya está en casa."
https://elcomercio.pe/deporte-total/futbol-peruano/universitario-gianluca-lapadula-que-jugador-ha-contratado-la-u-el-espartano-que-era-titular-fijo-con-ricardo-gareca-o-el-9-que-se-cuida-de-las-lesiones-liga-1-tlcnota-noticia/,Gianluca Lapadula: ¿Qué jugador ha contratado la ‘U’? El espartano que era titular fijo con Gareca o el ‘9’ que se cuida de las lesiones,"Gianluca Lapadula aterriza en Lima con el peso de un nombre que ilusiona al país entero. Entre la memoria del goleador de selección y las dudas que deja su presente físico, la ‘U’ apuesta por un fichaje que puede cambiar el Clausura.",2026-06-19T18:21:45.197Z,"Lo más cercano que tenemos a la élite mundialista es él,

. A su vez, explica nuestra nostalgia y la eterna pobreza: Lapadula fue seleccionado por Italia, fue 9 del Milan y fue grata revelación de la selección hace 6 años, cuando se “peruanizó”. Aún cuando desde el 2022-2023 juega en la Serie B del Calcio, la curiosidad periodística por saber si anotaba y, sobre todo, la súplica fanática para cuidarle los tobillos y sea -por fin- quien reemplace a Paolo Guerrero, Lapadula representaba, dos décadas después, todo eso que en los 2000 era costumbre de domingos: prender la TV por cable y seguir a los peruanos en el mundo.

Su inminente viaje a Lima este viernes abre la discusión sobre el tipo de delantero que acaba de fichar

. Si es ese que Ranieri abrazaba cuando fue goleador en el ascenso, el 9 espartano recontra titular para Gareca en la Copa América 2021 o sí es, más bien, ese misterioso hombre que juega poco y nada -8 en los últimos 6 meses-, y anda en puntitas de pie por su tobillo lesionado.

Lo que sí es notable es el estado financiero que el fútbol peruano nuestra, pese a sus calamidades: uno compra un pase en US$ 1.8 millones, otro paga despidos de entrenadores sin problema de caja, y más allá se repatria un crack europeo para la Liga. Un golpe mediático que este fin de semana obliga al zapping entre las redes de Gianluca y el mundial con DirecTV. Imagínense si hubiese venido Pizarro."
https://elcomercio.pe/deporte-total/futbol-peruano/universitario-vs-adt-en-vivo-online-gratis-por-liga-1-torneo-clausura-lbposting-noticia/,Universitario venció 2-1 a ADT en Tarma por fecha 1 del Torneo Clausura de la Liga 1 | RESUMEN Y GOLES,Universitario se impuso por 2 a 1 ante ADT por la fecha 1 del Torneo Clausura de la Liga 1.,2026-07-18T21:51:31.17Z,"Universitario de Deportes derrotó 2-1 a ADT este sábado 18 de julio del 2026 por la jornada 1 del Torneo Clausura de la Liga 1 Te Apuesto 2026 en el Estadio Unión Tarma. De esta manera, los dirigidos por Héctor Cúper inician con buen pie el segundo torneo del año.

Álex Valera (20′) y Lisandro Alzugaray (31′) fueron los encargados de marcar para la victoria de la ‘U’. Mientras que Jeremy Canela (28′) descontó para los locales.

Se jugarán cinco minutos de adición.

Gianluca Lapadula ingresa por Alex Valera.

Lapadula se prepara para entrar.

Ingresan: Adrián Quiroz y Edison Flores.

Salen: Jairo Concha y José Rivera.

Valera pecó de solidario y le dejó el balón al 'Tunche', quien no pudo superar al portero Valencia.

El árbitro decretó que no existió penal y el juego continúa.

El VAR llamó al árbitro para revisar un posible penal sobre José Rivera.

El 'Tunche' cae en el área de ADT y reclamó penal.

El árbitro anula el gol por posición adelantada tras revisión del VAR.

Tras dos atajadas de Diego Romero, apareció Horacio Benincasa ante la pasividad de los defensores y marcó el empate 2 a 2.

Tarjeta amarilla sobre Jorge Murrugarra por cortar una opción de gol.

John Narváez es expulsado tras la revisión del VAR. Justa expulsión sobre el jugador de ADT.

Fuerte entrada de John Narváez sobre Héctor Fértoli. El futbolista de la U luce tendido en el campo de juego.

La presión del conjunto 'crema' inicia desde la línea de atacantes. Gran labor de Valera y Rivera.

Lisandro Alzugaray marcó un auténtico golazo de tiro libre para poner nuevamente arriba en el marcador a la U.

Tarjeta amarilla para Luis Perez por una dura falta sobre Jairo Concha.

Jeremy Canela recibió el mal despeje de Di Benedetto y fusiló al portero Romero para el empate 1 a 1.

Alex Valera aprovechó un grosero error en la salida de ADT y no perdonó tras dejar en el piso al portero Valencia.

Gran atajada del portero Valencia ante el fuerte zurdazo de Alzugaray.

El juego se reanuda tras varios minutos en pausa.

Joao Rojas tiene que ser atendido por el personal médico.

Joao Rojas cae en el área ante la marca de Andy Polo y los locales piden penal.

El volante se encuentra bajo evaluación y tratamiento del Departamento Médico de la institución, que realizará un seguimiento permanente de su evolución e informará oportunamente sobre su proceso de recuperación.

El Club Universitario de Deportes informó que el futbolista Jordan Guivin presentó una lesión muscular de primer grado en el muslo izquierdo, sufrida durante el partido amistoso ante Millonarios.

Romero, Polo, Fara, Di Benedetto, Inga, Murrugarra, Concha, Fertoli, Alzugaray, Rivera y Valera.

el partido de

por la fecha 1 del Torneo Clausura de la Liga 1 lo transmite

el partido de

por la fecha 1 del Torneo Clausura de la Liga 1 lo transmite

El partido de

por la jornada 1 del Torneo Clausura de la Liga 1 empieza a las 1:15 PM de Perú este sábado 18 de julio del 2026.

Si deseas ver el partido de

por streaming online, podrás hacerlo a través de

. Es importante recalcar que

, también transmitirá mediante reacciones el partido. Luego,

, el canal que transmite el partido de

.

La transmisión del partido entre

será transmitido a través de

. Para ver Liga 1 Max, deberás de contratar cualquier servicio de cable como: DirecTV, Movistar TV, Claro TV, Best Cable, Win o Mi Fibra.

Bienvenidos, amigos de El Comercio, a la tranmisión del minuto a minuto del partido de Universitario vs  ADT por la fecha 1 del Torneo Clausura."
https://elcomercio.pe/deporte-total/futbol-peruano/universitario-vs-sporting-cristal-femenino-en-vivo-hoy-gratis-via-youtube-movistar-tv-a-que-hora-juegan-canal-que-transmite-y-donde-ver-final-de-liga-femenina-noticia/,¡Rumbo al título nacional! Universitario derrotó 3-1 a Sporting Cristal y se proclamó campeón del Torneo Apertura de la Liga Femenina | CRÓNICA,"Universitario se impuso ante Sporting Cristal para coronarse con el Torneo Apertura de la Liga Femenina. De esta manera, se quedó a un título de conseguir la consagración absoluta.",2026-07-18T03:25:38.27Z,"Ocho mil hinchas fueron más que suficientes para remecer todo el Estadio Monumental tras la consagración de

en el Torneo Apertura de la Liga Femenina. Las ‘Pumas’ derrotaron por 3-1 a

, y 5-3 en el global.

Pierina Núñez se llevó los reflectores de las cámaras al marcar un doblete vital para alzar el trofeo, asimismo, se erigió como goleadora del conjunto ‘crema’ con 13 anotaciones.

Sofía Oxandabarat, otro de los pilares ofensivos de la ‘U’, también marcó en el duelo, y culminó el torneo con 12 goles anotados. Tamara Alves descontó para las ‘celestes’.

De esta manera, las dirigidas por Carlos Véliz cerraron con broche de oro la gran campaña que desarrollaron en este certamen y aseguró su presencia en la final absoluta.

El partido Universitario vs. Sporting Cristal está programado para el viernes 17 de julio desde las 8:00 p.m. (hora peruana). Este compromiso cierra la serie de dos partidos que definirá al ganador del Torneo Apertura.

La transmisión EN VIVO del Universitario vs. Sporting Cristal estará a cargo de Bicolor+ a través de YouTube, además de emitirse por Juntos TV en la señal de Movistar TV. De esta manera, los hinchas podrán seguir el partido tanto en TV como vía streaming.

Para ver Universitario vs. Sporting Cristal ONLINE GRATIS, los usuarios podrán conectarse al canal oficial de la Federación Peruana de Fútbol en YouTube (Bicolor+), plataforma que viene transmitiendo toda la Liga Femenina 2026.

El partido de ida de la gran final del Torneo Apertura de la Liga Femenina 2026 terminó en un vibrante empate 2-2 entre Sporting Cristal y Universitario de Deportes. El encuentro se disputó en el Estadio Alberto Gallardo.

La final se jugará en formato de ida y vuelta. El equipo que tenga mejor marcador global tras los dos partidos será el campeón del Apertura. En caso de empate, el título se definirá directamente por penales, sin tiempo suplementario.

Este enfrentamiento no solo define al campeón del Apertura, sino que también otorga un cupo a la gran final nacional de la Liga Femenina 2026. Tanto cremas como celestes buscan dar el primer paso hacia el título en un duelo que promete ser intenso de inicio a fin."
https://elcomercio.pe/deporte-total/futbol-peruano/video-alianza-lima-anuncio-el-fichaje-de-nicolas-diaz-bienvenidos-al-corazon-del-pueblo-torneo-clausura-liga-1-noticia/,“Bienvenido al corazón del pueblo”: Alianza Lima anunció el fichaje de Nicolás Díaz | VIDEO,Nicolás Díaz se convirtió pficialmente en el nuevo refuerzo de Alianza Lima para disputar el Torneo Clausura. El chileno firmó contrato hasta fines del 2027.,2026-07-21T18:44:59.332Z,"“Bienvenido al corazón del pueblo”, se puede leer en la publicación de Alianza Lima en redes sociales. Los blanquiazules destacaron la llegada de Nico Díaz, quien tiene 27 años y puede desempeñarse como defensor central o lateral izquierdo.

Díaz llega procedente del Puebla de México para reforzar la última línea del equipo de Pablo Guede. De hecho, el chileno volverá a encontrarse con el técnico argentino, quien lo dirigió en Palestino cuando el defensor daba sus primeros pasos en el fútbol poresional.

No hizo falta decir mucho. Bastó con una frase.

“¡𝐄𝐒 𝐌𝐈́𝐀!”💙

Nicolás Díaz ya viste nuestros colores. ⚪️🔵

¡𝐁𝐢𝐞𝐧𝐯𝐞𝐧𝐢𝐝𝐨 𝐚𝐥 𝐂𝐨𝐫𝐚𝐳𝐨́𝐧 𝐝𝐞𝐥 𝐏𝐮𝐞𝐛𝐥𝐨! 👏🏾

Durante su carrera, Díaz defendió las camisetas de Monarcas Morelia, Mazatlán, Tijuana y, recientemente, Puebla. Además, durante el segundo semestre de 2025, jugó a préstamo en Unión Española de Chile. Hoy, busca ganarse un lugar en Alianza Lima y retribuir la confianza de Pablo Guede.

El fichaje del chileno se da luego de que el cuadro blanquiazul lograra liberar un cupo de extranjero. Como se sabe, Guillermo Viscarra salió del club y pudieron definir la incorporación de Díaz."
https://elcomercio.pe/deporte-total/futbol-peruano/video-debut-de-lapadula-hoy-universitario-vs-adt-por-liga-1-torneo-clausura-noticia/,¡El debut del ‘Bambino’! Gianluca Lapadula ingresó en los últimos minutos del Universitario vs. ADT por Liga 1 | VIDEO,El delantero de 36 años ingresó en la recta final del duelo entre Universitario y ADT por la fecha 1 del Torneo Clausura.,2026-07-18T20:14:12.891Z,"¡Debut del ‘Bambino’! Gianluca Lapadula ingresó en la recta final del duelo entre

y

por la jornada 1 del Torneo Clausura de la

en el estadio Unión Tarma, este sábado 18 de julio

El futbolista ítalo-peruano ingresó al terreno de juego al minuto 83 por Alex Valera.

🇮🇹 EL BAMBINO SE ESTRENA EN LA LIGA1 🔥

1-2

📺 Conoce cómo ver L1MAX en vivo 👉"
https://elcomercio.pe/deporte-total/futbol-peruano/video-directv-en-vivo-gratis-cienciano-vs-lanus-por-internet-via-dgo-dsports-futbol-libre-tv-por-copa-sudamericana-2026-noticia/,"DIRECTV hoy online, Cienciano vs. Lanús por playoffs de la Copa Sudamericana 2026",DirecTV EN VIVO: ver transmisión del partido de Cienciano vs. Lanús por el playoff de ida de la Copa Sudamericana 2026. Sigue DGO online para verlo vía streaming.,2026-07-22T11:00:01Z,"transmite el partido de

desde el Estadio Ciudad de Lanús Néstor Díaz Pérez por el playoff de ida de la

.

DirecTV Sports (DSports) transmite el partido por televisión paga en países de Sudamérica como Perú, Argentina, Chile, Colombia y otros. Otra alternativa para ver DirecTV, es la de DGO, mediante su app disponible para iOS y Android, o también desde su sitio web por internet. No te pierdas la transmisión del partido con la información de los canales para seguir este encuentro."
https://elcomercio.pe/deporte-total/futbol-peruano/video-espn-en-vivo-gratis-cristal-vs-bragantino-por-internet-via-disney-plus-por-copa-sudamericana-2026-noticia/,Vía ESPN por internet: cómo ver Sporting Cristal vs. Bragantino por Copa Sudamericana 2026,"Transmisión oficial de ESPN EN VIVO ONLINE, para ver partido de Sporting Cristal vs. Bragantino por el playoff de ida de la Copa Sudamericana 2026.",2026-07-22T17:35:09.415Z,"transmite el partido de

vs

por el playoff de ida de la

desde el estadio Nacional. El partido arrancará a las 19:30 (horario peruano) este miércoles 22 de mayo del 2026. Para ver ESPN en Perú, puedes utilizar plataformas de streaming como

, contratar un plan de televisión por cable con operadores locales (como

,

o

) o usar la

vinculando tu proveedor de cable. Además, podrás seguir el minuto a minuto del cotejo a través de la WEB de El Comercio.

Changan, la marca china líder en ventas en el Perú y representada por Inchcape, anunció al futbolista y empresario Hernán Barcos como su nuevo embajador oficial. La alianza busca fortalecer el vínculo de la marca con los consumidores a través de una figura que representa perseverancia, rendimiento y compromiso con el país. A sus 42 años, Barcos mantiene una destacada trayectoria deportiva y también ha consolidado su faceta empresarial con el restaurante La Porteña. Como imagen de la SUV New CS55 Plus, reflejará los valores de tecnología, potencia y confiabilidad que Changan busca transmitir al mercado peruano."
https://elcomercio.pe/deporte-total/futbol-peruano/video-gol-de-alex-valera-hoy-universitario-vs-adt-por-liga-1-torneo-clausura-gol-de-la-u-noticia/,¡Apareció el goleador! Valera aprovechó error de ADT para marcar el 1-0 a favor de Universitario por Liga 1 | VIDEO,El delantero ‘crema’ no perdonó ante la pésima salida del conjunto tarmeño y la U ya gana en condición de visitante.,2026-07-18T18:47:53.11Z,"visita a

por la jornada 1 del Torneo Clausura de la

en el estadio Unión Tarma, este sábado 18 de julio. Alex Valera (20′) apareció para marcar el 1-0 a favor de la ‘U’.

El delantero ‘crema’ aprovechó un grosero error en salida de los locales para anotar su nombre en el marcador.

⚽️ ¡GOL DE ALEX VALERA!

Volvió el goleador crema.

0-1

📺 Conoce cómo ver L1MAX en vivo 👉"
https://elcomercio.pe/deporte-total/futbol-peruano/video-gol-de-eryc-castillo-hoy-alianza-lima-vs-sport-huancayo-por-liga-1-torneo-clausura-noticia/,¡Doblete de Eryc Castillo! Alianza Lima remontó 2-1 a Sport Huancayo por Liga 1 | VIDEO,El atacante de Alianza Lima apareció para remarcar su rol de goleador para el empate parcial.,2026-07-20T01:36:00.612Z,"recibe a

por la jornada 1 del Torneo Clausura de la

en el estadio Alejandro Villanueva, este domingo 19 de julio. Eryc Castillo fue el encargado de marcar el empate parcial 1 a 1 en el minuto 33.

GOOOOOOOOOL DE ALIANZA!!!

1-1

📺 Conoce cómo ver L1MAX en vivo 👉"
https://elcomercio.pe/deporte-total/futbol-peruano/video-gol-de-lisandro-alzugaray-hoy-universitario-vs-adt-por-liga-1-torneo-clausura-goles-de-la-u-noticia/,¡De tiro libre! Lisandro Alzugaray marcó golazo para el 2-1 de Universitario vs. ADT por Liga 1 | VIDEO,El mediocampista ‘crema’ marcó un auténtico golazo de tiro libre que los pone nuevamente en ventaja sobre los tarmeños.,2026-07-18T18:59:18.668Z,"visita a

por la jornada 1 del Torneo Clausura de la

en el estadio Unión Tarma, este sábado 18 de julio. Lisandro Alzugaray (28′) se hizo cargo de un tiro libre y marcó un auténtico golazo.

El mediocampista ‘crema’ sorprendió al portero Valencia con el lejano disparo y decretó nuevamente la ventaja de la ‘U’ por 2 a 1.

⚽️ ¡GOL DE ALEX VALERA!

Volvió el goleador crema.

0-1

📺 Conoce cómo ver L1MAX en vivo 👉"
https://elcomercio.pe/deporte-total/futbol-peruano/video-gol-de-nahuel-lujan-hoy-alianza-lima-vs-sport-huancayo-por-liga-1-torneo-clausura-noticia/,¡Golazo de chalaca! Nahuel Luján marcó el 1-0 de Sport Huancayo sobre Alianza Lima por Liga 1 | VIDEO,El mediocampista del ‘Rojo Matador’ marcó el tanto de la ventaja sobre Alianza Lima en el estadio Alejandro Villanueva.,2026-07-20T00:45:32.749Z,"recibe a

por la jornada 1 del Torneo Clausura de la

en el estadio Alejandro Villanueva, este domingo 19 de julio. Nahuel Luján fue el encargado de abrir el marcador a favor del ‘Rojo Matador’.

El mediocampista de Sport Huancayo anotó un auténtico golazo para la ventaja parcial sobre Alianza Lima.

GOOOOOOOL DE HUANCAYO!!

vs

📺 Conoce cómo ver L1MAX en vivo 👉"
https://elcomercio.pe/deporte-total/futbol-peruano/video-liga-1-max-en-vivo-gratis-alianza-lima-vs-sport-huancayo-por-internet-via-movistar-tv-directv-liga-1-max-por-liga-1-torneo-clausura-noticia/,VIDEO: Resumen y goles del partido de Alianza Lima vs. Sport Huancayo por fecha 1 del Torneo Clausura,Mira lo mejor del partido Alianza Lima vs. Sport Huancayo por la jornada 1 del Torneo Clausura de la Liga 1 2026 desde el Estadio Alejandro Villanueva.,2026-07-20T03:27:43.264Z,"venció 2-1 a

este domingo 19 de julio del 2026 por la jornada 1 del Torneo Clausura de la

en el Estadio Alejandro Villanueva.

Los dirigidos por Pablo Guede tuvieron que nadar a contracorriente tras el sorpresivo golazo de Nahuel Luján de chalaca. No obstante, Eryc Castillo se vistió de héroe para firmar un doblete de la remontada."
https://elcomercio.pe/deporte-total/futbol-peruano/video-liga-1-max-en-vivo-gratis-universitario-vs-adt-por-internet-via-liga-1-play-directv-movistar-tv-por-liga-1-torneo-clausura-noticia/,Goles de Universitario vs. ADT por Torneo Clausura de Liga 1,Mira el resumen y goles del partido Universitario vs. ADT por la jornada 1 del Torneo Clausura de la Liga 1 2026 desde el Estadio Unión Tarma.,2026-07-18T21:39:24.331Z,"derrotó 2-1 a

este sábado 18 de julio del 2026 por la jornada 1 del Torneo Clausura de la

en el Estadio Unión Tarma. De esta manera, los dirigidos por Héctor Cúper inician con buen pie el segundo torneo del año.

Álex Valera (20′) y Lisandro Alzugaray (31′) fueron los encargados de marcar para la victoria de la ‘U’. Mientras que Jeremy Canela (28′) descontó para los locales."
https://elcomercio.pe/deporte-total/lionel-messi-asados-cabalas-y-otras-intimidades-de-vestuario-la-historia-detras-del-plantel-que-lidera-leo-gobierna-lionel-scaloni-y-parece-destinado-a-repetir-el-titulo-mundial-mundial-2026-tlcnota-noticia/,"Asados, cábalas y otras intimidades de vestuario: la historia detrás del plantel que lidera Messi, gobierna Scaloni y parece destinado a repetir el título mundial","Detrás de la búsqueda de otra estrella hay una selección que se construyó lejos de los reflectores: asados, rituales, conversaciones y un vestuario donde Messi lidera sin imponer, mientras Scaloni sostiene una cultura que convirtió a Argentina en un equipo capaz de resistir cualquier escenario.",2026-07-21T17:33:19.478Z,"De forma inexplicable, existe cierta certeza que no aparece en las estadísticas ni puede medirse con GPS. Pero que está ahí: en los 500 kilos de carne para los asados entre partidos, en la cumbia villera, en las charlas pacientes en los entrenamientos donde Messi se sienta cruzado de piernas y ve todo pasar, en las invasiones estelares de los argentinos en cada ciudad que juega su selección... en todo (o casi todo).

En uno de los entrenamientos de Argentina, por ejemplo, mientras sus compañeros siguen con la rutina, Lionel Messi suele encontrar unos minutos para sentarse y conversar. A veces habla con los más jóvenes, otras con futbolistas que recién se incorporaron al grupo. Pregunta, escucha, bromea y después vuelve al trabajo. Son momentos pequeños, casi invisibles para quienes miran desde afuera, pero que dentro de la selección explican una parte importante de la convivencia que construyó Lionel Scaloni.

La escena se repite de distintas maneras desde hace años. Hay otro ritual que resume esa relación entre Messi y sus compañeros: cuando Argentina sale a entrenar o a realizar los trabajos de calentamiento, el grupo suele esperar que aparezca el capitán para que sea él quien encabece el camino. Nadie lo ordena, nadie lo anuncia. Simplemente ocurre. Puede parecer una cábala más dentro de una selección acostumbrada a sus pequeñas rutinas, pero también es una muestra del lugar que ocupa Messi en el vestuario.

En esta Argentina, las grandes decisiones no siempre ocurren frente a una pizarra táctica. También suceden alrededor de una mesa, durante un asado después de un partido, en una conversación dentro del hotel o en esos espacios donde desaparecen las jerarquías. El campeón del mundo llegó hasta aquí con una idea que Scaloni instaló desde el primer día: antes que un equipo de estrellas, debía existir un grupo capaz de sostenerse cuando la presión aumentara. Y cuando hay presión, ahí está el Dibu para destrabar los nervios, soltar los músculos con carcajadas...

Los asados se convirtieron en parte del paisaje de esta selección. No por una cuestión folclórica, sino porque allí se reforzaron vínculos que luego aparecen en la cancha. Los futbolistas comparten historias, se conocen lejos de la competencia y encuentran un espacio donde el delantero del momento puede sentarse al lado del último convocado sin que importe la diferencia de nombre o trayectoria: lo vital es comer carne, los 500 kilos que llevaron y que ya casi se acaban.

Algo similar ocurre con las cábalas y los pequeños rituales que acompañan a cualquier selección durante un torneo. Algunos jugadores repiten costumbres, mantienen rutinas antes de los partidos o buscan esos momentos que les recuerdan que todo sigue bajo control. No ganan partidos por eso, pero revelan una característica de este grupo: Argentina encontró una forma de vivir los Mundiales sin dejar que la tensión termine dominándolo todo.

Scaloni fue quien convirtió esa convivencia en una ventaja competitiva. Su mayor aporte no está únicamente en las formaciones o en los cambios que realiza durante los partidos. Está en haber logrado que futbolistas importantes acepten distintos roles sin que eso fracture al grupo. Los suplentes dejaron de ser una lista de espera. Son jugadores que saben que pueden entrar veinte minutos y cambiar una historia. En esta selección, el partido también se juega desde el banco.

Esa mentalidad explica muchas de las respuestas que Argentina encontró en los últimos años. Cuando los partidos llegan al tramo decisivo, cuando aparecen el cansancio y la incertidumbre, el equipo mantiene una tranquilidad que no siempre tiene explicación táctica. Hay una memoria colectiva de situaciones difíciles: finales apretadas, remontadas, tandas de penales, momentos donde parecía que todo podía escaparse y terminó ocurriendo lo contrario.

En el centro de todo está Messi, pero de una manera distinta a la de otras etapas de su carrera. Ya no es solamente el futbolista que debe resolver cada partido. Es la referencia emocional de un grupo que encontró en sus gestos cotidianos una forma de orientación. Su liderazgo dejó de depender exclusivamente de sus goles.

Esa relación también explica por qué la selección argentina actual se siente diferente. Messi no necesita imponer su autoridad porque el vestuario se la reconoce. Rodrigo De Paul asumió un rol de compañero inseparable y protector; los más jóvenes encontraron en él una guía; y los futbolistas que llegaron después entendieron rápidamente que compartir equipo con el capitán implica mucho más que recibir una pelota durante un partido.

Messi encarna la épica pero es el compañerismo del vestuario el que lo hace posible.

La otra figura de esta historia es Scaloni, un entrenador que construyó su poder desde un lugar menos visible. Protegió al grupo del ruido externo, sostuvo decisiones difíciles y consiguió algo que parecía complejo en una selección con tantas figuras: que todos miraran hacia el mismo lugar.

Por eso Argentina llega a esta final con algo más que talento. Detrás de Messi, de los goles y de los resultados hay una estructura construida con conversaciones, códigos, rituales y confianza. Los asados, las cábalas y esas pequeñas escenas (de la vida cotidiana ahora en el Mundial) que ocurren lejos de las cámaras forman parte de la historia de un plantel que aprendió a competir como una familia, pero sobre todo como un equipo. Y esa puede ser la razón por la que vuelve a sentirse tan cerca de otra estrella.

Y claro, también por Messi."
https://elcomercio.pe/deporte-total/seleccion/a-esperar-un-milagro-seleccion-peruana-rescata-un-empate-ante-argentina-por-la-liga-de-naciones-femenina-y-aun-suena-con-el-mundial-noticia/,A esperar un milagro: Perú rescata un empate ante Argentina por la Liga de Naciones Femenina y aún sueña con el Mundial,La Bicolor rescató un empate ante Argentina en condición de visitante y cerrará las Eliminatorias con opciones de terminar por encima de Uruguay y Bolivia.,2026-06-06T02:35:05.347Z,"La selección peruana femenina sigue mostrando señales de crecimiento y, aunque no logró clasificar al Mundial Brasil 2027, el balance deja una sensación distinta respecto a procesos anteriores. Más allá de los resultados, el equipo nacional viene construyendo una base competitiva y una identidad que empieza a sostenerse con trabajo, continuidad y una apuesta por nuevas futbolistas pensando en el futuro.

En ese camino, la Bicolor consiguió un resultado importante el último jueves al empatar 1-1 frente a Argentina en condición de visitante, sumando así su primer punto fuera de casa en la Liga de Naciones Femenina de Conmebol. El encuentro se disputó en el estadio de Lanús y representó una nueva muestra de competitividad de un equipo peruano que logró sostener el partido durante varios tramos frente a uno de los rivales más fuertes del continente.

El conjunto nacional presentó una alineación con siete futbolistas nacidas en el extranjero desde el arranque, una situación que refleja también la amplitud del universo de jugadoras que viene incorporando el proyecto peruano. La selección luchó durante todo el compromiso y encontró recompensa en los minutos finales gracias a Cherrie Cox, quien apareció a los 85 minutos para anotar el empate y silenciar por algunos instantes al público local. Mientras tanto, el punto terminó siendo suficiente para que Argentina asegurara su clasificación al Mundial del próximo año.

𝗟𝘂𝗰𝗵𝗮𝗻𝗱𝗼 𝗰𝗼𝗻 𝗴𝗮𝗿𝗿𝗮 𝘆 𝗽𝗮𝘀𝗶𝗼́𝗻 𝗽𝗼𝗿 𝗲𝘀𝘁𝗮 𝗰𝗮𝗺𝗶𝘀𝗲𝘁𝗮 🇵🇪

Femenina va al descanso con igualdad en el marcador de 0-0 ante Argentina, en Buenos Aires.

Más allá de impedir la derrota, el resultado también tiene valor estadístico para Perú. Se trata del primer punto que la selección consigue fuera de casa en la presente edición de la Liga de Naciones, una competencia que dejó rendimientos que invitan a mirar el futuro con mayor optimismo. El equipo nacional ha mostrado una evolución progresiva y ha conseguido competir con selecciones que, históricamente, marcaban una diferencia importante.

La Bicolor cerrará su participación en las Eliminatorias este martes frente a Bolivia en el Callao. Durante gran parte del proceso la selección hizo del Cusco su localía, pero para la última jornada se tomó la decisión de jugar en el llano. A falta de una fecha para el final del torneo, Perú suma ocho puntos y ocupa el séptimo lugar de la tabla, ubicándose por encima de Uruguay y Bolivia."
https://elcomercio.pe/deporte-total/seleccion/a-que-hora-juega-peru-vs-espana-hoy-horario-y-canal-tv-para-ver-partido-amistoso-de-la-seleccion-peruana-noticia/,¿A qué hora jugaron Perú vs España por partido amistoso FIFA 2026?,"España derrotó 3-1 a Perú por partido amistoso FIFA en el Estadio Cuauhtémoc, Puebla, México el lunes 8 de junio del 2026.",2026-06-09T03:58:33.573Z,"España se impuso por 3-1 ante Perú en un partido donde mostró contundencia desde el inicio. Mikel Oyarzabal abrió el marcador al minuto 1, y Pedri amplió la ventaja a los 31’. En el segundo tiempo, un error en salida terminó en autogol de Pedro Gallese a los 52’, colocando el 3-0. Perú reaccionó y descontó a los 65’ con gol de Jairo Vélez tras asistencia de Marcos López, pero no fue suficiente para evitar la derrota.

El partido

por amistoso FIFA comienza a las 9:00 PM (hora peruana) y 4:00 AM (hora de España). Te dejamos todos los horarios, según país.

El

por la

amistoso FIFA 2026 será transmitido a través de

en Perú por cable, señal abierta y streaming. Por otro lado,

España podrás ver el amsitoso a través de

Mientras que

el resto de Sudamérica y México, el amistoso será televisado por

La amistoso entre

será transmitido ONLINE por

Todas están disponibles en streaming para que lo veas desde tu PC, SmarTV, celular, tablet, etc."
https://elcomercio.pe/deporte-total/seleccion/a-que-hora-juega-peru-vs-haiti-hoy-horario-y-canal-tv-para-ver-partido-de-la-seleccion-peruana-noticia/,¿A qué hora ver repetición del partido de Perú vs Haití (2-1) por amistoso FIFA?,"Perú derrotó 2-1 a Haití por amistoso FIFA en el NU Stadium de Miami, este viernes 5 de junio del 2026.",2026-06-06T03:53:17.672Z,"Perú logró una valiosa remontada al vencer 2-1 a Haití en un amistoso internacional disputado en Miami. El equipo dirigido por Mano Menezes comenzó en desventaja tras un error defensivo que permitió el gol de Wilson Isidor a los 15 minutos. Durante gran parte del partido, la selección peruana tuvo dificultades para generar peligro, pero en el tramo final mostró reacción y carácter. Renzo Garcés empató a los 80 minutos tras aprovechar un rebote en el área. Poco después, a los 83’, Jairo Vélez selló la victoria con un potente remate, consolidando la mejora del equipo en el segundo tiempo.

El partido

por amistoso FIFA comienza a las 7:00 PM (hora peruana) y 8:00 PM (hora de Haití). Te dejamos todos los horarios, según país.

El

por la

amistoso FIFA 2026 será transmitido a través de

en Perú por cable, señal abierta y streaming. Por otro lado,

stados Unidos podrás ver el amsitoso a través de

. Mientras que

, podrás seguir la transmisión por televisión a través de

La amistoso entre

será transmitido ONLINE por

Todas están disponibles en streaming para que lo veas desde tu PC, SmarTV, celular, tablet, etc."
https://elcomercio.pe/deporte-total/seleccion/agustin-lozano-presidente-de-la-fpf-confirmo-que-la-seleccion-peruana-tendra-tres-sedes-lima-cusco-y-puno-noticia/,"Agustín Lozano, presidente de la FPF, confirmó que la selección peruana tendrá tres sedes: Lima, Cusco y Puno","Además, anunció el acuerdo comercial con América TV (Canal 4), que podrá transmitir todos los duelos de la selección en las Eliminatorias Conmebol.",2026-07-21T13:52:54.952Z,"Agustín Lozano anunció lo que ya se sospechaba: la selección peruana mudará sus sedes de localía en las Eliminatorias Sudamericanas.

El presidente de la Federación Peruana de Fútbol confirmó que la ‘Bicolor’ tendrá tres sedes durante el próximo proceso eliminatorio: Lima (Estadio Nacional y Estadio Monumental), Cusco (Estadio Inca Garcilaso de la Vega) y Puno (Estadio de la UNA y Estadio de Juliaca).

Asimismo, Lozano confirmó un acuerdo comercial con América TV, quien tendrá los derechos exclusivos de la selección peruana en las próximas Eliminatorias.

El acuerdo de transmisión también incluye la categoría femenina y todas las categorías juveniles."
https://elcomercio.pe/deporte-total/seleccion/alineaciones-de-peru-vs-espana-hoy-por-partido-amistoso-rumbo-al-mundial-2026-noticia/,Alineaciones de Perú y España por partido amistoso rumbo a la Copa Mundial 2026,"Conoce las alineaciones Perú y España para el partido amistoso rumbo al Mundial 2026, que se disputará en Puebla, México hoy, lunes 8 de junio.",2026-06-09T03:32:07.935Z,"y

miden fuerzas en México a pocos días del incio del Mundial 2026. Las

para el partido amistoso entre

de este lunes 8 de junio de 2026 en Puebla, México, presentan las siguientes formaciones proyectadas por los cuerpos técnicos de Mano Menezes y Luis de la Fuente.

El estratega Mano Menezes busca consolidar su renovación tras vencer a Haití, evaluando variantes como el ingreso desde el arranque de Yoshimar Yotún o Rodrigo Vilca.

Perú formaría con Pedro Gallese en el arco, una línea defensiva de cuatros jugadores conformada por: Oliver Sonne, Renzo Garcés, Alfonso Barco y Marcos López. En la volante estarían Erick Noriega, Yoshimar Yotún, André Carrillo, para dejar en ataque al tridente; Kenji Cabrera, Jairo Vélez y Jhonny Vidales.

Por otro lado, España con miras a su debut en la Copa del Mundo, formaría de la siguiente manera: Unai Simón, Cucurella, Cubarsí, Laporte, Llorente, Pedri, Rodri, Fabián, Ferrán, Baena y Oyarzabal.

Lamine Yamal no juega hoy porque

y el cuerpo técnico de España prefirió no arriesgarlo en este amistoso.

El delantero sufrió a finales de abril un desgarro en el isquiotibial de su pierna izquierda jugando para el FC Barcelona. Aunque ya se encuentra en la fase final de su recuperación e incluso realiza trabajos parciales con el grupo, Luis de la Fuente decidió que no viaje a Puebla. El atacante se quedó en el campamento base de la selección en Chattanooga, Estados Unidos, para ponerse a punto físicamente.

El equipo de Luis de la Fuente tampoco contará con Nico Williams ni Víctor Muñoz, quienes continúan recuperándose de lesiones."
https://elcomercio.pe/deporte-total/seleccion/antonio-spinelli-tuvimos-que-hacer-una-adaptacion-previa-nos-costaba-igual-o-mas-que-a-los-rivales-tecnico-de-la-seleccion-femenina-y-los-riesgos-de-llevar-la-localia-a-cusco-o-juliaca-tlcnota-noticia/,"“Tuvimos que hacer una adaptación previa, nos costaba igual o más que a los rivales”: Antonio Spinelli, técnico de la selección femenina, y los riesgos de llevar la localía a Cusco o Juliaca","El entrenador argentino llegó para cambiar la historia de la selección femenina y, en apenas nueve meses, estuvo a un puñado de goles de un repechaje mundialista que parecía imposible.",2026-07-22T16:58:20.205Z,"Hoy, tras una campaña que dejó a la Bicolor a las puertas del repechaje para la Copa del Mundo, el técnico argentino habla con la tranquilidad de quien siente que ha sembrado algo más profundo que los resultados. Ganarle a Chile después de 19 años, competir de igual a igual con Argentina en su casa, descentralizar la localía hacia Cusco y construir una red internacional de scouting con más de 200 futbolistas identificadas son apenas algunas de las señales de un cambio que ya se percibe.

“Hoy somos una selección que gana y compite”, resume Spinelli, convencido de que el verdadero logro no fue rozar una clasificación histórica, sino instalar la certeza de que el fútbol femenino peruano puede aspirar a mucho más.

Después de pasado algunos días, el sentimiento es de tranquilidad. La verdad es que felices no estamos. Quizá nadie podía presagiar que una selección, que hacía 20 años no ganaba un partido de manera oficial, pudiera tener resultados que la pusieran de cara a poder aspirar a un puesto de repechaje para un Mundial. Pero independientemente de lo que se pensaba, nosotros vinimos a trabajar. Creíamos que lo podíamos hacer, que podíamos llegar para cambiar la mentalidad de las jugadoras, de creer, de trabajar en consecuencia de ser conscientes del potencial que tenemos y que no éramos ni somos menos que nadie.

Obviamente que eso, si no viene de la mano de los resultados, cuesta materializarlo. Por eso creo que sí, porque tenemos la tranquilidad de haberlo dado todo, de haber conseguido muchísimas cosas importantes que hoy son históricas y pensamos que en un futuro serán como el puntapié de una construcción de un relato nuevo, diferente y distinto.

Que somos hoy una selección que gana, que compite y que goleó cuando antes no solo no ganábamos sino que mucho menos goleábamos. El haber quedado arriba de selecciones que han jugado mundiales como Chile que tiene a Christiane Endler, Uruguay que fue el último semifinalista de la Copa América o Paraguay que es una selección que hoy tiene quizá a una de las mejores jugadores del mundo Sub 20 como Claudia Martínez... Parece que hay un montón de lugares donde agarrarse de la selección y de dónde empezar a escribir de nuevo estos primeros capítulos que queremos que sean muchos. Hoy se puede jugar como nunca y conseguir resultados. Fuimos a Buenos Aires y lograron un empate importante que nos sirvió para llegar a la última fecha con chances del repechaje. Por eso, te decía antes, hay una sensación de tranquilidad, pero también un sinsabor de que estuvimos muy cerca de lograr algo mucho más importante de lo que ya sabemos que es. No nos conformamos con el haber cumplido con crecer y haber superado las expectativas, nosotros siempre queremos ir por más.

Es una pregunta un poco difícil de responder porque te puedo dar la respuesta de un análisis un poco más genérico sin puntualizar. Encontramos una selección que venía de tener malos resultados en las Copas América. Si bien en juveniles se habían dado algunos resultados mejores, la selección mayor estaba carente de logros y éxito. Sentíamos que había que hacer un cambio que justo coincidía con que encontramos muchas jugadores jóvenes que a mi parecer podían aportar cosas nuevas y distintas. Queríamos cambiar desde ahí la fisionomía del plantel y empezar a construir otro tipo de cabeza, uno más resiliente y ganador. Y también un poco sacar la mochila pesada del pasado y construir mirando hacia adelante.

Encontramos una selección que tenía todo un desafío por delante, pero a su vez lindo para emprender. Y me parece que, en nueve meses, logramos posicionarla en un nivel impensado para muchos, con los cual el próximo proceso ya se inicia con una vara mucho más alta. Una cosa es haber ganado un partido nada más y otra haber estado a cierta cantidad de goles para jugar un repechaje del Mundial. El salto fue progresivo, pero altísimo. Eso nos pone de cara al próximo proceso con la chance latente, mucho más concreta y real, para el próximo Mundial.

Sí, podemos pelear un cupo al próximo Mundial. Tenemos que llegar a las Eliminatorias habiendo ajustado los detalles de esta, profundizar las cosas que salieron bien y poner a Perú compitiendo por ir al Mundial. Después de lo hecho, si los resultados no se dan, será sorpresivo pero al revés porque hemos demostrado que esta selección puede competir, ganar y ser protagonista. Estamos trabajando en función de un proyecto en el que nosotros soñamos y lo hicimos visible en menos de nueve meses, ¿por qué no lo podemos hacer con cinco años de trabajo?

Ya presentamos el plan hasta 2031. Sabemos que tenemos los Juegos Panamericanos Lima 2027, la Copa América en 2029, pero estamos pensando en el Mundial. Sabemos que es un proyecto a mediano y largo plazo, estamos contentos como comando técnico junto a Gastón Camargo, Axel Lorenzo y Michelle González. Dejamos todo por un proyecto hasta 2031. Fue una decisión de vida venir aquí. Vamos a tener que estar a la altura de las circunstancias para sostener esto. Lo que hicimos en seis o siete meses no es normal. Pero ahora que lo logramos, nos tenemos que poner el traje de protagonistas de nuestra propia historia. Lo difícil no es haber llegado sino sostenerlo y dar un paso más.

Es fútbol es para valientes. Si uno no es valiente y no asume las responsabilidades de las decisiones que toma, se queda en la duda. Nosotros trajimos dos proyectos y tuvimos el apoyo de la federación. El primero fue el armado del proyecto de scouting y el otro fue descentralizar la selección. Vengo de un país (Argentina) en el que el fútbol está centralizado y a veces el interior reclamar presencia. Por lo que encontramos en Cusco lo histórico y cultural de la antigua capital del Imperio Inca, además de ser una ciudad muy consumidora del fútbol porque en los partidos que jugamos habían más de ocho mil hinchas. El equipo respondió porque ganó, la gente le tiraba las camisetas para que las chicas firmen, se sacaban fotos. Y me parece que fue positivo.

Nos costó a todos. Pero estar 15 días antes concentrando, entrenando, conociendo, todo se hacía más monótono y mecánico. Nunca te sientes al cien por ciento, pero te vas adaptando.

Muchos piensan en esa estrategia, pero también se debe pensar que nosotros, sacando a Bilcape de Melgar, la mayoría no eran jugadoras de altura, entonces tuvimos que hacer una adaptación previa también. A nosotros nos costaba igual o más que a nuestros competidores. Pero creo que trabajamos muy bien y eso es mérito de Axel Lorenzo, nuestro preparador físico, quien aún no siendo peruano se interiorizó y trabajó en base al contexto.

Cuando le ganamos a Chile después de 19 años y haciéndolo de esa manera, con autoridad, uno se convence. Y las jugadoras sintieron eso. Fue el puntapié de lograr una gesta histórica. Logramos armar un cóctel explosivo de manera positiva y eso hizo que nuestra selección, con ese cambio de mentalidad y lo táctico, lograra resultados claves. Y no solo en altura. En la última fecha necesitábamos ganarle a Bolivia y lo hicimos en el Callao. En Argentina jugamos contra una selección que si ganaba iba a ser campeona de la Liga de Naciones y tuvimos las chances de hacerlo, pero nos regresamos con un empate. Hacía 23 años que no le anotábamos un gol a Argentina y lo hicimos. Me parece que desde ese lugar la selección está saliendo todo el tiempo de su zona de confort.

El proyecto de scouting empezó en el proceso del profesor Conrad, quien había traído algunas jugadoras del exterior. Nosotros trajimos más que veníamos estudiando y analizando. Es algo que, en el fútbol actual, ya está normalizado. Y Perú, un país que en la década del 90 para adelante ha tenido una gran corriente migratoria, tenemos más posibilidades de encontrar jugadoras. Hay muchísimas jugadoras que se mueren de ganas por estar acá y todavía hay mucha más para ir a buscar. De hecho, en el microciclo de la Sub 15 hay alrededor de diez chicas que han nacido afuera y vienen a probarse para que las evaluemos. Eso sí, debe quedar claro que todas son peruanas. Siempre uso la frase: “Todos somos Perú”.

¡𝗘𝘀𝘁𝗼 𝗲𝘀 𝘀𝗼𝗹𝗼 𝗲𝗹 𝗰𝗼𝗺𝗶𝗲𝗻𝘇𝗼 𝗱𝗲 𝘂𝗻𝗮 𝗻𝘂𝗲𝘃𝗮 𝗲𝗿𝗮! 🫂🇵🇪

Femenina Mayor culminó la CONMEBOL LIGA DE NACIONES, y se posiciona dentro de los 05 mejores de Sudamérica, en estas Eliminatorias.

Alrededor de 200 jugadoras mapeadas en todas las categorías (Sub 15, Sub 17, Sub 20 y selección mayor). Y te diría que más de la mitad con toda su documentación en regla.

Tenemos gente trabajando en el exterior como una especia de satélites que forman parte del departamento de scouting e inteligencia deportiva. Uno está en Argentina, otro en México. Este último viaja constantemente a Estados Unidos porque es ahí donde tenemos un gran caudal. En julio iremos a Estados Unidos a una visoria, un torneo Sub 17 en el que veremos jugadoras. Estamos todo el tiempo buscando. Tenemos, también, muchos entrenadores peruanos-americanos que nos pasan información. O a veces nos llegada de cuentas de propios fans. El departamento de scouting se mueve mucho. Eso sí, es necesario destacar que encontramos una base del proceso del profesor Conrad, que empezó con esto, pero que nosotros lo profesionalizamos.

Claro, ahí está la diferencia. Hoy son dos departamentos, por lo que manejamos una base de datos específica del femenino. Hoy los departamentos están cada uno perfeccionados, profesionalizados e individualizados en su área

Creo que finalmente todo se suma. La jugadora extranjera, preponderantemente las chicas nacidas en Estados Unidos, tienen toda la formación desde muy temprana edad, todos los aspectos técnicos, la parte física; es decir, una estructura mucho más homogénea y profesional, además de muchos años de trabajo en la disciplina del deporte en un país que es de alta competencia todo el tiempo. Esa mentalidad competitiva de siempre buscar ser el número uno queríamos que la traigan. Pero, a su vez, esa jugadora necesitaba entender cómo es jugar en Sudamérica: la fricción, la rudeza, eso que por ahí en Estados Unidos o en Europa carecen. Y sentíamos que esa cabeza profesional de allá más la enjundia y las particularidades de nuestra futbolista nacida aquí, jugando Copa Libertadores o la Liga Femenina, nos daba ese roce. Hoy estamos complementados y vamos en función de perfeccionarlo cada vez más.

Tenemos una selección con un promedio de edad de 21 años. Es decir, estamos ante una selección que nos dará para dos procesos mundialistas. A Alexia ya la había acercado, pero no se había dado el paso para traerla. Terminó su documentación y debutó con gol ante Chile. Pero además de ellas está Mia Shalit. No es casualidad que la hayan elegido mejor portera en las últimas fechas de la Liga de Naciones. A ella la conocía de un Sudamericano Sub 20 que hubo en Argentina previo a la pandemia. Después la fuimos a buscar a Japón y fue haciendo su proceso. Pero lo que quiero rescatar es que después de haber terminado el torneo y aún, imagino, con el sinsabor de no haber logrado el cupo al repechaje, las jugadoras ya nos están preguntando en qué pueden mejorar. Eso habla de un cambio de mentalidad."
https://elcomercio.pe/deporte-total/seleccion/balance-positivo-la-seleccion-peruana-ascendio-en-el-ranking-fifa-tras-amistosos-ante-haiti-y-espana-noticia/,Balance positivo: la selección peruana ascendió en el ranking FIFA tras amistosos ante Haití y España,La selección peruana logró subir una posición en el ranking FIFA tras sus amistosos ante Haití y España.,2026-06-10T02:23:06.649Z,"La selección peruana está en plena búsqueda de su estilo al mano de Mano Menezes como entrenador. Y en la última fecha FIFA pudo lograr su primera victoria ante Haití, aunque luego llegó la derrota en manos de España.

El balance en estos dos amistosos internacionales tuvo un balance positivo para ‘La Bicolor’ en el ranking FIFA.

La selección peruana subió una posición en el rankig. Ahora ocupa la posición 52 con un total de 1457.69 puntos."
https://elcomercio.pe/deporte-total/seleccion/blooper-de-pedro-gallese-hoy-con-peru-vs-espana-por-partido-amistoso-fifa-2026-video-ultimas-noticia/,Perú vs España: El blooper de Pedro Gallese que terminó en el tercer gol español | VIDEO,"Tras irse al descanso con un 2-0 en contra, la blanquirroja recibió un nuevo golpe con un autogol de Pedro Gallese que amplió la diferencia.",2026-06-09T03:32:39.724Z,"La

atraviesa un complicado partido

, México. Luego de cerrar el primer tiempo con una desventaja de 2-0, la blanquirroja recibió un nuevo golpe en el complemento cuando

, ampliando la ventaja de España a 3-0 en el estadio Cuauhtémoc de Puebla.

El tercer tanto de España llegó tras una desafortunada acción de Pedro Gallese. El arquero peruano no pudo controlar correctamente una jugada y el balón terminó ingresando a su propia portería. La acción representó un duro golpe para la blanquirroja, que hasta ese momento intentaba mantenerse en partido pese a la diferencia en el marcador.

El amistoso frente a España es una nueva evaluación para el proceso encabezado por Mano Menezes. Más allá del resultado, el encuentro sirve para observar variantes, corregir errores y continuar la construcción de una idea futbolística de cara a los próximos desafíos internacionales.

Autogol de Pedro Gallese y España golea a la Selección Peruana en el estadio Cuauhtémoc de Puebla. ⚽🔥

⏱️ 10’ ST | ESP 🇪🇸 [3] - 0 🇵🇪 PER

🏠

🖥️ 𝑀𝑖́𝑟𝑎𝑙𝑜

𝑝𝑜𝑟 𝑒𝑙 003 𝑦 703 𝐻𝐷 𝑑𝑒 𝑀𝑜𝑣𝑖𝑠𝑡𝑎𝑟 𝑇𝑉 𝑦 𝑝𝑜𝑟 𝑀𝑜𝑣𝑖𝑠𝑡𝑎𝑟 𝑇𝑉…"
https://elcomercio.pe/deporte-total/seleccion/christian-ramos-y-su-impactante-revelacion-sobre-el-denominado-pacto-de-lima-nos-dimos-la-mano-con-falcao-noticia/,Christian Ramos y su impactante revelación sobre el denominado ‘Pacto de Lima’: “Nos dimos la mano con Falcao”,"El exdefensor de la selección peruana contó detalles inéditos del acuerdo que alcanzaron los jugadores de Perú y Colombia en las Eliminatorias rumbo a Rusia 2018. Ramos reveló que, tras conocerse otros resultados, hubo una conversación en el campo.",2026-06-19T15:40:44.709Z,"El llamado ‘Pacto de Lima’, uno de los episodios más comentados de las Eliminatorias rumbo al

de Rusia 2018, volvió a ser tema de conversación tras las recientes declaraciones de

. El exdefensor de la

aseguró que, una vez consumado el empate 1-1 entre Perú y Colombia en el Estadio Nacional, ambos equipos acordaron mantener el resultado que les permitía alcanzar sus respectivos objetivos.

Durante su participación en el podcast

, Ramos recordó que la conversación se produjo en los minutos finales del encuentro, cuando los jugadores ya conocían que el resultado de otros partidos favorecía tanto a peruanos como a colombianos. Según explicó, la iniciativa fue dialogada en el campo y terminó beneficiando a las dos selecciones.

“Nosotros queríamos ganar sí o sí porque no sabíamos lo que pasaba en el otro lado. Era ganar o ganar. Empezó el partido, se puso difícil. 0-0 primer tiempo, segundo tiempo gol de James. No sabíamos por dónde entrarle, porque la verdad que Colombia era fuerte con todas las estrellas que tenía. Primero apareció Corzo que metió la cabeza e hizo todo su show también”, empezó diciendo Ramos en dicho medio.

El exzaguero señaló además que uno de los protagonistas de aquel acuerdo fue Radamel Falcao, capitán del conjunto cafetero. De acuerdo con su relato, el delantero transmitió el mensaje a varios jugadores peruanos para que ambas escuadras evitaran asumir riesgos innecesarios en los minutos finales y aseguraran el marcador.

“Y apareció mi capitán Paolo Guerrero. Seguíamos metiendo y metiendo. Estábamos preocupados. Luego, no me voy a olvidar nunca, viene Falcao hacia Renato (Tapia) y a mí. Nos dice ‘qué están haciendo, Chile está perdiendo 2-0. Con esto estamos bien’. Con Renato nos miramos y dijimos que nos estaba mintiendo. ‘Qué están haciendo, está perdiendo Chile, pregunten al banco’, volvió a decir Falcao. Le dije a Tapia que vaya a preguntar al banco. Le dijeron que sí, pero que debemos seguir jugando”, agregó la ‘Sombra’.

“Si atacábamos, te la jugabas. porque un contragolpe y chau. Le dije a Tapia qué hacemos, están diciendo para aguantar el carro. Paolo y Corzo decían que hay que seguir. Yo los miré como diciendo que hay que meter el bus atrás, que no nos hace mal a nadie. Luego, entre dudas, dijimos qué hacemos, faltan diez o cinco, no sé. Dijimos a la de Dios, aguantamos el resultado. Nos dimos la mano con Falcao. Falcao volteó y le dijo a sus compañeros que bajen los decibeles”, indicó por último Ramos.

Aquel empate permitió que Colombia clasificara directamente al Mundial de Rusia 2018, mientras que Perú obtuvo el cupo al repechaje, instancia en la que posteriormente superó a Nueva Zelanda para volver a una Copa del Mundo después de 36 años. Las declaraciones de Ramos reavivaron el debate sobre uno de los momentos más recordados de la historia reciente de las Eliminatorias sudamericanas."
https://elcomercio.pe/deporte-total/seleccion/debut-de-matias-zegarra-en-peru-vs-espana-hoy-por-partido-amistoso-fifa-video-noticia/,Así fue el debut de Matías Zegarra en el Perú vs. España | VIDEO,"Tras debutar con Mano Menezes frente a Haití, Matías Zegarra volvió a sumar experiencia internacional en el amistoso ante España.",2026-06-09T04:11:40.978Z,"continúa dando pasos importantes en su carrera. El lateral izquierdo de Melgar, considerado una de las principales revelaciones de la Liga 1, volvió a tener participación con la selección peruana durante el amistoso frente a España, reafirmando la confianza que

ha depositado en él desde su primera convocatoria. El defensor arequipeño recibió su primera oportunidad con la blanquirroja durante el amistoso ante Haití, disputado el pasado viernes, pero apenas jugó uno minuto; frente a España, sumó más tiempo en el campo.

Con apenas 19 años, se convirtió en el jugador más joven en debutar bajo la dirección técnica de Mano Menezes, un reconocimiento al buen rendimiento que viene mostrando en el campeonato local.

Zegarra aparece como una interesante opción para una posición que en los próximos años necesitará variantes y competencia interna. Actualmente, Marcos López es el dueño habitual del sector izquierdo, pero la aparición del futbolista de Melgar amplía el abanico de posibilidades para la selección.

Su capacidad ofensiva también ha llamado la atención. En la presente temporada acumula tres goles y cuatro asistencias, números destacados para un lateral y que lo han convertido en una de las figuras emergentes del fútbol peruano.

¡Fue la última chance! Desconcentración en el área rival que pudo ser el segundo gol de la Selección Peruana. ⚽❌

⏱️ 45’ ST | ESP 🇪🇸 3 - 1 🇵🇪 PER

🏠

🖥️ 𝑀𝑖́𝑟𝑎𝑙𝑜

𝑝𝑜𝑟 𝑒𝑙 003 𝑦 703 𝐻𝐷 𝑑𝑒 𝑀𝑜𝑣𝑖𝑠𝑡𝑎𝑟 𝑇𝑉 𝑦 𝑝𝑜𝑟 𝑀𝑜𝑣𝑖𝑠𝑡𝑎𝑟…

La participación de Zegarra se dio en la derrota de Perú por 3-1 frente a España en el estadio Cuauhtémoc de Puebla, México, en un amistoso internacional de preparación rumbo al Mundial 2026.

Los goles del conjunto europeo fueron anotados por Mikel Oyarzabal y Pedri, además de un autogol de Pedro Gallese. Por su parte, Jairo Vélez marcó el descuento para el equipo dirigido por Mano Menezes, que continúa evaluando nuevas alternativas y jóvenes talentos para el futuro de la blanquirroja."
https://elcomercio.pe/deporte-total/seleccion/deporte-total-cumple-40-anos-lo-que-piensan-hoy-cinco-de-sus-editores-sobre-sus-coberturas-su-prestigio-y-su-camino-hacia-el-streaming-noticia/,"Deporte Total cumple 40 años: lo que piensan hoy cinco de sus editores sobre sus coberturas, su prestigio y su camino hacia el streaming","Cinco editores que marcaron distintas épocas de Deporte Total repasan el legado en la sección, recuerdan sus coberturas más emblemáticas y analizan los desafíos del periodismo deportivo en la era del streaming.",2026-07-13T12:54:36.697Z,"Cuando pienso en los 40 años de

, y repaso sus coberturas, vuelvo a leer sus crónicas y testifico sobre su crecimiento, siempre me detengo en sus líderes, en esos hombres que fundaron la marca y sumaron día a día en su evolución. De no ser por ellos -confirmo- ninguno de los proyectos habría sido posible de iniciar desde el ya lejano 1986 y ninguno de ellos habría sido justo de entender, por más audaz, rebelde o disruptivo que parezca.

De todos sus editores en estas cuatro décadas, me tocó ser liderado por cinco de ellos. Aprendí a leer en voz alta, a escribir con música, a reportear hasta la medianoche. Y me prestaron su status, gratuitamente. Solo por estar aquí, desde el 2004. Por eso, en este aniversario 40 del suplemento deportivo más antiguo y vigente de Sudamérica, les pregunté sobre sus definiciones de lo que era DT en sus inicios. De la cobertura más importante que vivieron. De su primer recuerdo de la marca. De su buenísima salud, hoy en sociedad con el diario Depor en YouTube y web, que le permite ser, en el 2026, un espacio único sobre los deportes en el Perú y el mundo, cada día.

Quizá sea porque hoy, en mi rol de editor del suplemento que ellos tanto cuidaron, es que quería escucharlos. O mejor, y como siempre, leerlos.

1. ¿Qué cobertura recuerda con mayor nostalgia y emoción de su etapa en DT?

2. ¿Qué significa, en un medio tan competitivo y tan digital y 40 años después, que DT aún conserve su espacio print y web y hoy amplíe su espacio al streaming?

1. Recuerdo que yo me encargaba de los inactuales y de las columnas de opinión. El Tigre Fernández era el de las grandes coberturas y el de los cierres, por experiencia y conocimiento. Yo tenía apenas 26 años. Alejo Miró Quesada había contratado al legendario periodista deportivo argentino Lucho Garro para que nos asesorara a ambos antes del lanzamiento, que era una locura: ¡un suplemento diario! Todos los días me tocaba pensar en algo (o en alguien) que no estuviera vinculado al fútbol para de ahí sacar un reportaje. Un reto profesional -y un aprendizaje- que valoro ahora más que cuando lo asumí.

2. Sigo DT diariamente en el print. La familia se construyó alrededor del fútbol: dos de la U, dos de Alianza y dos del Cristal. Fue una iniciativa mía de la que aún sospecho su efectividad. Creo que solo la comida le empata al deporte entre los temas de interés en casa. Ahora leo con mi nieto, al que su padre no solo lo ha hecho hincha de la U -como yo- sino lector del print. Algo que aprecio mucho. Me alegra que ese loco proyecto de hace 40 años -DT- siga en el print, tenga el ritmo trepidante que hoy imprime la web y que además se haya ubicado con éxito en el competitivo mundo del streaming. Una larga historia lo respalda.

1. Decirte una sería engañarme yo mismo y no me perdonaría. Están las tres a Maradona, una a Pelé, otra a Paco Casal y la última a Roberto Chale. Pero la que rompió todos diques fue la del domingo 24/2/1985. Fui el único periodista peruano escrito que estuvo presente en el Estadio Nacional de Chile cuando la selección nuestra dirigida por Moisés Barack le ganó a la chilena por 1-2 con goles de José Velásquez y Franco Navarro. Nadie más hubo. El 25 Deporte Total la rompió toda ¿y la competencia? lo que vio por la TV y cables de las agencias....

2. Es de enorme valor que aún con 40 años de existencia “Deporte Total” mantenga no solo con sus lectores su calidad informativa sino que vaya mucho más allá mediante las armas del mundo internauta que en este Siglo XXI nos sorprende cada día y que ni siquiera el gran Julio Verne imaginó por completo.

1. En siete años como editor de DT pudimos liderar la cobertura de distintos ‘main events’: un mundial de fútbol, dos juegos olímpicos y competencias nacionales y regionales de distintos deportes. Pero la cobertura que recuerdo con más satisfacción es la de la Copa América 2004.

Y es que, como medio deportivo peruano jugábamos de local, con partidos programados en Arequipa, Chiclayo, Cusco, Piura, Tacna, Trujillo y Lima. En esa época todavía viajaban delegaciones periodísticas de los países participantes, lo que demandó un despliegue logístico importante.

Recibimos el apoyo de la dirección del diario, del área de diseño, de infografía y de redactores de otras secciones, corresponsales y fotógrafos. Fue clave nunca perder de vista que, así como los futbolistas revolucionan el juego con su talento; entre los medios, los periodistas en cancha son los que nos conducen al gol. Fue una cobertura de mucha calidad y un exitoso trabajo en equipo.

2. Las TICs han evolucionado de una manera vertiginosa; tanto que vivimos una época en la que cada uno puede ser un medio. Por ello es importante que las empresas periodística utilicen las herramientas que tienen a su alcance.

Parte de nuestro encargo era convertir a DT en una suerte de academia de periodistas para el diario. Y es que, a diferencia de otras secciones, en la cobertura deportiva hay libertad para hacer crónicas, reportajes, emitir opinión y es absolutamente necesario entretener y soltarle la rienda a la pasión.

Como en el juego, el periodismo deportivo abraza el riesgo, la competencia y la espontaneidad. Con DT también se inició el proceso de rediseño del diario, que no consistía en ordenar la información en una maqueta; sino en pensar diferente para informar mejor. Por ello DT sigue siendo el espacio ideal para la innovación periodística en El Comercio.

Tenía 16 años, el dormitorio plagado de imágenes de Maradona y cero conocimiento del periodismo como medio de vida adulta. Cursaba quinto de secundaria durante México ´86 y mi padre era quien, de noche, llegaba con El Comercio bajo el brazo. Me gustaba el fútbol, no me gustaba estudiar; mi ocio era leer el recién nacido Deporte Total, ver a El Veco en la tele y poco más que eso.

Sin saber bien por qué, en los noventa ingresé a trabajar a un medio de comunicación, conocí y trabajé con El Veco, y empecé a coleccionar carnets de prensa como periodista. Ver fútbol, escribir sobre el juego y entrevistar personas era el mundo ideal para un veinteañero.

Mi carrera había entrado en un loop donde no existían presiones, ni picos de adrenalina, ni tampoco cierres de edición contra la hora. Andaba dando vueltas en el área de Publicaciones y Multimedios de El Comercio, y vivía sin estrés pero siendo infeliz; algo me faltaba. Hasta que el azar hizo que estuviera en el lugar adecuado, en el momento adecuado, cuando me ofrecieron ser editor de Deporte Total.

Sentarse en una silla importante adentro de un medio importante hacía que, aunque no quisieras, te sintieras importante. El trabajo se centró en mejorar los textos, buscar fotografías espectaculares, apostar por diseños atrevidos, incorporar ilustraciones y, fundamentalmente, darle confianza y libertad al grupo de redactores.

Editar Deporte Total fue la bisagra que mi vida y mi carrera necesitaban. Crecí de golpe y gané seguridad profesional. Mirar las páginas en blanco era un reto que, como equipo, supimos resolver de buena manera.

Eso sucedió hace casi veinte años. Siempre digo que DT me dio muchísimo y que yo le correspondí con todo lo que tuve. Mi recuerdo y agradecimiento a Alejo, Bernardo y Mario; y al equipo que estaba a mi cargo: Renato, Mario, Carlos, Patrick, Ken, Giovanna, Elkin, Lucho y Miguel. Fueron dos años cortos e intensos pero divertidos, de aprendizaje continuo para cada uno de nosotros.

No tengo duda de que —plataformas mediante— en un ratito más evocaremos el primer medio siglo de vida de esta marca. ¡Felices primeros 40, querido Deporte Total!

1. Mi recuerdo de DT es el de una universidad paralela a la UPC. Estudiaba y trabajaba al mismo tiempo, así que aprendía tanto de mis profesores como de mis colegas y jefes en la redacción. La cobertura de la Copa América de Colombia, cuando tenía 23 años, fue un punto de quiebre. Llegó como un reconocimiento inesperado y una enorme responsabilidad. Recuerdo especialmente a Pedro Ortiz. No era mi jefe directo, pero se tomó el tiempo de escribirme un largo mensaje sobre lo que significaba esa oportunidad. Luego recibió en Lima cada una de mis notas, incluso durante sus días de descanso, con una dedicación que nunca olvidé. Sin proponérselo, me enseñó un nivel de responsabilidad que me acompaña hasta hoy.

2. DT sigue vigente porque nunca fue solo un suplemento deportivo. Ha sido una escuela de periodismo capaz de adaptarse al papel, la web y ahora al streaming junto a Depor sin perder su esencia: contar buenas historias y formar periodistas. Uno es, en buena medida, el resultado de esa escuela y, con el tiempo, intenta transmitir a otros lo que alguna vez recibió. Desde el Pato Almandoz hasta Fabricio Torres, pasando por Mario Sifuentes, recibí enseñanzas que marcaron mi forma de ejercer este oficio. Mi agradecimiento especial a todos ellos por la confianza, la exigencia y la generosidad con la que acompañaron mi formación.

1. Sin dudas, el mundial de Rusia 2018, aunque el proceso eliminatorio no se queda atrás. Volver a la copa después de 36 años es el recuerdo más emocionante como periodista de DT.

2. Que DT siga siendo líder y gran referencia del periodismo deportivo en el país es un logro importantísimo, pues es premio a la constancia, calidad y rigurosidad sin perder su esencia, incluso hoy en el mundo online donde los tiempos son más cortos. DT sigue adaptándose a los nuevos tiempos pero sin perder su ADN.

DT es, por supuesto, la escuela de reporteros que 40 años después hoy ocupan distintos cargos dentro y fuera de la redacción, pero también todo el equipo que montaba la operación de sacar un suplemento diario: desde diseñadores como Juvenal Gamero, Alexis Bisseti, Bruno Alessi, Luis Amez, Giancarlo Fiestas o Verónica Calderón, etc., que no aparecen en esta foto, hasta quienes sí, como Jessica Cruz Sarmiento, César Arias, Norman del Mar o Carlos Felipe Barrientos. Y también, claro, sus editores gráficos, que le dieron siempre a los espacios print la justa espectacularidad que cada cobertura merecía: desde Verónica Salem o Myriam Sánchez, pasando por los queridos Luis Choy, Rolly Reyna, Fernando Fujimoto, Alonso Chero o Ernesto Arias."
https://elcomercio.pe/deporte-total/seleccion/donde-ver-peru-vs-nicaragua-hoy-en-vivo-que-canal-transmite-quien-pasa-partido-de-seleccion-peruana-por-internet-movistar-deportes-canal-3-canal-4-canal-9-canal-2-latina-america-tv-go-atv-video-noticia/,Qué canal transmitió el partido de Perú vs. Nicaragua desde Matute,Entérate en dónde se pudo ver el partido de Perú vs. Nicaragua desde el estadio Alejandro Villanueva.,2024-03-23T03:53:17.537Z,"La selección peruana ha iniciado un nuevo proceso de la mano de Jorge Fossati, exdirector técnico de Universitario de Deportes, el entrenador tuvo su primera prueba de juego ante Nicaraguay, este viernes 22 de marzo del 2024 en el estadio Alejandro Villanueva a partir de las 8:30 de la noche. Para que puedas ver este partido amistoso, tendrás que ver la transmisión de los siguientes canales: Movistar Deportes (Canal 3), ATV (Canal 9) y América TV (Canal 4). También, podrás sintonizar por internet la señal de Movistar Play. Además, en El Comercio tendrás todos los detalles del encuentro."
https://elcomercio.pe/deporte-total/seleccion/en-que-canal-tv-transmiten-peru-vs-espana-en-vivo-gratis-hoy-por-partido-amistoso-a-que-hora-juegan-y-donde-ver-online-streaming-seleccion-peruana-noticia/,¿En qué canales ver repetición del partido de Perú vs España por amistoso FIFA 2026?,"España derrotó 3-1 a Perú por partido amistoso FIFA en el Estadio Cuauhtémoc, Puebla, México el lunes 8 de junio del 2026.",2026-06-09T03:58:37.23Z,"España se impuso por 3-1 ante Perú en un partido donde mostró contundencia desde el inicio. Mikel Oyarzabal abrió el marcador al minuto 1, y Pedri amplió la ventaja a los 31’. En el segundo tiempo, un error en salida terminó en autogol de Pedro Gallese a los 52’, colocando el 3-0. Perú reaccionó y descontó a los 65’ con gol de Jairo Vélez tras asistencia de Marcos López, pero no fue suficiente para evitar la derrota.

Conoce qué canales de TV y dónde seguir online el partido amistoso entre

, este lunes 8 de junio del 2026 desde el estadio Cuauhtémoc, Puebla, México.

Para Perú, el partido de

será transmitido a través de

por TV abierta, cable y streaming.

En

, el partido entre

la señal oficial encargada del cotejo es

y su plataforma

Además, también lo podrás ver por

En países como

el partido será transmitido a través de

, al igual que en México y otros países de Centroamérica.

En

, el partido

por amistoso FIFA se transmitirá EN VIVO por

, señales que poseen los derechos de la selección nacional para el país, y también se podrá ver vía streaming a través de

En

, el partido

por amistoso FIFA se transmitirá EN VIVO por

, señales que poseen los derechos de la selección española para el país, y también se podrá ver vía streaming a través de

En

, el partido

por amistoso FIFA se transmitirá EN VIVO por

, señal que posee los derechos del partido amistoso, y también se podrá ver vía streaming a través de

En

, el partido

por amistoso FIFA se transmitirá EN VIVO por

, señal que posee los derechos del partido amistoso, y también se podrá ver vía streaming a través de

En

, el partido

por amistoso FIFA se transmitirá EN VIVO por

, señal que posee los derechos del partido amistoso, y también se podrá ver vía streaming a través de

En

, el partido

por amistoso FIFA se transmitirá EN VIVO por

, señal que posee los derechos del partido amistoso, y también se podrá ver vía streaming a través de

En

, el partido

por amistoso FIFA se transmitirá EN VIVO por

, señal que posee los derechos del partido amistoso, y también se podrá ver vía streaming a través de

En

, el partido

por amistoso FIFA se transmitirá EN VIVO por

, señal que posee los derechos del partido amistoso, y también se podrá ver vía streaming a través de

En

, el partido

por amistoso FIFA se transmitirá EN VIVO por

, señal que posee los derechos del partido amistoso, y también se podrá ver vía streaming a través de

En

, el partido

por amistoso FIFA se transmitirá EN VIVO por

, señal que posee los derechos del partido amistoso, y también se podrá ver vía streaming a través de

En

, el partido

por amistoso FIFA se transmitirá EN VIVO por

, señal que posee los derechos del partido amistoso, y también se podrá ver vía streaming a través de

En

, el partido

por amistoso FIFA se transmitirá EN VIVO por

, señal que posee los derechos del partido amistoso, y también se podrá ver vía streaming a través de

El partido amistoso entre

se juega el lunes 8 de junio de 2026 en el Cuauhtémoc, Puebla, México."
https://elcomercio.pe/deporte-total/seleccion/en-que-canal-tv-transmiten-peru-vs-haiti-en-vivo-gratis-hoy-por-partido-amistoso-a-que-hora-juegan-y-donde-ver-online-streaming-seleccion-peruana-noticia/,¿En qué canales ver repetición del Perú vs Haití (2-1) por amistoso FIFA?,"Perú derrotó 2-1 a Haití por amistoso FIFA en el NU Stadium de Miami, este viernes 5 de junio del 2026.",2026-06-06T03:52:45.111Z,"Perú logró una valiosa remontada al vencer 2-1 a Haití en un amistoso internacional disputado en Miami. El equipo dirigido por Mano Menezes comenzó en desventaja tras un error defensivo que permitió el gol de Wilson Isidor a los 15 minutos. Durante gran parte del partido, la selección peruana tuvo dificultades para generar peligro, pero en el tramo final mostró reacción y carácter. Renzo Garcés empató a los 80 minutos tras aprovechar un rebote en el área. Poco después, a los 83’, Jairo Vélez selló la victoria con un potente remate, consolidando la mejora del equipo en el segundo tiempo.

Conoce qué canales de TV y dónde seguir online el partido amistoso entre

, este viernes 5 de junio del 2026 desde el NU Stadium de Miami, Estados Unidos.

Para Perú, el partido de

será transmitido a través de

por TV abierta, cable y streaming.

En

, el partido entre

podrá verse en streaming a través de

.

En

, el partido

por amistoso FIFA se transmitirá EN VIVO por

, señales que poseen los derechos de la selección nacional para el país, y también se podrá ver vía streaming a través de

En

, el partido

por amistoso FIFA se transmitirá EN VIVO por

, señal que posee los derechos de la selección de Haití, y también se podrá ver vía streaming a través de la app de

En

, el partido

por amistoso rumbo al Mundial 2026 se transmitirá EN VIVO por

El partido amistoso entre

se juega el viernes 5 de junio de 2026 en el NU Stadium de Miami, Estados Unidos."
https://elcomercio.pe/deporte-total/seleccion/en-que-puesto-quedo-peru-en-el-ranking-fifa-luego-del-mundial-2026-ultimas-noticia/,¿En qué puesto quedó Perú en el Ránking FIFA luego del Mundial 2026?,La Blanquirroja ascendió dos posiciones en la clasificación mundial de la FIFA y ahora se ubica por encima de varias selecciones que sí participaron en el Mundial 2026.,2026-07-20T21:07:22.932Z,"Aunque la

no logró clasificar al Mundial 2026, la última actualización del

dejó una noticia positiva para la Blanquirroja. El combinado nacional ascendió dos posiciones y ahora ocupa el puesto 50 de la clasificación mundial.

El equipo peruano, que no consiguió el boleto a la Copa del Mundo bajo las direcciones técnicas de

y

, inició un nuevo proceso rumbo a las Eliminatorias para el Mundial 2030 con

al mando.

Tras la actualización publicada por la FIFA luego del Mundial 2026, Perú pasó del puesto 52 al lugar 50, acumulando 1,457.69 puntos.

Con esta ubicación, la Blanquirroja supera a varias selecciones que sí disputaron la última Copa del Mundo, entre ellas Sudáfrica, Túnez, Qatar, Arabia Saudita, Cabo Verde y Ghana.

Estas son algunas de las selecciones que aparecen alrededor de Perú en el Ránking FIFA actualizado:"
https://elcomercio.pe/deporte-total/seleccion/fpf-alerta-sobre-falsas-pruebas-de-seleccion-en-estados-unidos-y-niega-convocatorias-oficiales-federacion-peruana-de-futbol-ultimas-noticia/,FPF alerta sobre falsas pruebas de selección en Estados Unidos y niega convocatorias oficiales,La FPF aseguró que no autoriza pruebas ni convocatorias en Estados Unidos y exhortó a los padres y futbolistas a verificar toda información a través de sus canales oficiales.,2026-06-17T22:23:55.927Z,"La

emitió un comunicado para deslindar de publicaciones difundidas en redes sociales y plataformas digitales que promocionan supuestas pruebas de

. La entidad precisó que no viene realizando, promoviendo ni autorizando convocatorias, pruebas o procesos de captación de futbolistas mediante organizaciones, academias o terceros que utilizan de forma indebida la imagen y los

.

Según la institución, en los últimos días han circulado anuncios que emplean de manera irregular escudos, colores y referencias asociadas a la Federación Peruana de Fútbol para promocionar supuestas evaluaciones de jugadores.

, haciéndoles creer que forman parte de procesos oficiales vinculados a las selecciones nacionales.

La federación explicó que la captación e identificación de jóvenes talentos se realiza exclusivamente a través de la Unidad Técnica de Menores de la FPF. Este trabajo incluye programas de observación, seguimiento y visorias directas efectuadas por profesionales autorizados por la propia institución, siguiendo criterios técnicos establecidos para el desarrollo de las selecciones nacionales.

Asimismo, recordó que cualquier actividad oficial relacionada con convocatorias, detección de talentos o programas de selecciones

.

La

también enfatizó que ninguna persona u organización está autorizada para utilizar su nombre, identidad visual, símbolos oficiales o representación institucional con fines de captación de jugadores, promoción de eventos o cobro de inscripciones.

Por ello, anunció que el uso no autorizado de sus signos distintivos será puesto en conocimiento de las autoridades competentes para que se adopten las acciones legales correspondientes.

Finalmente, la Federación Peruana de Fútbol pidió a padres de familia, futbolistas y público en general verificar siempre la autenticidad de cualquier convocatoria relacionada con selecciones nacionales."
https://elcomercio.pe/deporte-total/seleccion/gol-de-jairo-velez-hoy-con-peru-vs-espana-por-partido-amistoso-fifa-2026-video-noticia/,Está tocado: Jairo Vélez puso el descuento para Perú ante España | VIDEO,El volante ecuatoriano nacionalizado peruano marcó a los 66 minutos y confirmó su gran presente en el ciclo de Mano Menezes.,2026-06-09T03:36:29.273Z,"Cuando Perú necesitaba una reacción en Puebla, apareció el hombre del momento. A los 66 minutos, Jairo Vélez se hizo presente en el marcador para anotar el descuento de la Bicolor y colocar el 3-1 parcial frente a España en el amistoso internacional. El mediocampista volvió a responder en un momento complicado y ratificó que atraviesa el mejor tramo desde que llegó a la selección nacional.

Vélez, ecuatoriano de nacimiento y nacionalizado peruano, encontró espacios en una acción ofensiva peruana y no desperdició la oportunidad para vencer la resistencia española. Su gol permitió que la selección dirigida por Mano Menezes volviera a tomar aire en un partido que hasta ese momento había mostrado un amplio dominio europeo, especialmente durante varios pasajes del encuentro.

Perú logra reaccionar en el partido con el gol de Jairo Vélez, que aparece para marcar el descuento en el Cuauhtémoc. ⚽

⏱️ 25’ ST | ESP 🇪🇸 3 - [1] 🇵🇪 PER

🏠

🖥️ 𝑀𝑖́𝑟𝑎𝑙𝑜

𝑝𝑜𝑟 𝑒𝑙 003 𝑦 703 𝐻𝐷 𝑑𝑒 𝑀𝑜𝑣𝑖𝑠𝑡𝑎𝑟 𝑇𝑉 𝑦 𝑝𝑜𝑟…

El tanto también confirmó un dato que empieza a tomar fuerza dentro de la nueva etapa de la selección: Jairo Vélez es el goleador de la era Mano Menezes. Con esta conquista llegó a cuatro anotaciones desde la llegada del entrenador brasileño y sigue convirtiéndose en una de las piezas más determinantes del proceso. En una noche complicada para Perú, fue nuevamente el futbolista que apareció para encender una pequeña esperanza."
https://elcomercio.pe/deporte-total/seleccion/gol-de-mikel-oyarzabal-en-el-peru-vs-espana-en-amistoso-internacional-video-noticia/,¡Eso fue rápido! Oyarzabal anotó el 1-0 de España ante Perú en amistoso | VIDEO,"El delantero español apareció apenas iniciado el amistoso y adelantó a la Roja en el Estadio Cuauhtémoc, en Puebla, México.",2026-06-09T02:18:22.787Z,"La selección peruana recibió un golpe demasiado temprano en Puebla. Apenas transcurrían dos minutos del amistoso internacional ante España cuando Mikel Oyarzabal aprovechó el arranque intenso del cuadro europeo y abrió el marcador para la vigente campeona europea. El delantero español no tardó en mostrar por qué es una de las piezas ofensivas más importantes del equipo dirigido por Luis de la Fuente.

La acción tomó por sorpresa a la Bicolor. España salió con presión alta y con la intención de imponer condiciones desde el pitazo inicial, algo que encontró rápida recompensa. Oyarzabal apareció con determinación en los metros finales y sacó un remate potente para vencer la resistencia peruana, silenciando por unos segundos a los hinchas nacionales presentes en el Estadio Cuauhtémoc.

¡Goooooool! En los primeros minutos del partido, España da un golpe de autoridad y se adelanta en el marcador. ⚽🇪🇸

⏱️ 5’ PT | ESP 🇪🇸 [1] - 0 🇵🇪 PER

🏠

🖥️ 𝑀𝑖́𝑟𝑎𝑙𝑜

𝑝𝑜𝑟 𝑒𝑙 003 𝑦 703 𝐻𝐷 𝑑𝑒 𝑀𝑜𝑣𝑖𝑠𝑡𝑎𝑟 𝑇𝑉 𝑦 𝑝𝑜𝑟…

El inicio del encuentro dejó una señal clara: la selección española salió decidida a resolver rápido su última prueba antes del Mundial 2026. Perú, por su parte, quedó obligado a reaccionar desde muy temprano, en un escenario complicado y frente a una de las selecciones candidatas a pelear por el título en el Mundial 2026."
https://elcomercio.pe/deporte-total/seleccion/gol-de-pedri-en-el-peru-vs-espana-en-amistoso-internacional-video-noticia/,Otro golpe: Pedri marca el 2-0 en el Perú vs España en Puebla | VIDEO,El mediocampista del Barcelona se adelantó a la defensa peruana y marcó el 2-0 a los 32 minutos del amistoso en Puebla.,2026-06-09T02:44:20.112Z,"España volvió a golpear a Perú y esta vez lo hizo con una fórmula inesperada. A los 32 minutos, Pedri dejó por un momento su rol habitual de organizador y apareció con instinto de delantero para ampliar la ventaja europea en el Estadio Cuauhtémoc de Puebla. El volante del Barcelona leyó perfectamente la jugada y se metió en el área como un auténtico ‘9’ para firmar el 2-0 parcial de la Roja.

La acción nació por el sector derecho con Ferrán Torres, quien volvió a ser determinante en ataque. El extremo español llegó hasta línea de fondo y envió un centro rasante que cruzó el área peruana. Ahí apareció Pedri, libre de marca y con el tiempo suficiente para conectar el balón y enviarlo al fondo del arco, dejando sin reacción a la defensa nacional y al portero peruano.

Goooooooooool! Pedri se hace presente en Puebla y marca el segundo gol de la selección española ⚽🔥

⏱️ 35’ PT | ESP 🇪🇸 [2] - 0 🇵🇪 PER

🏠

🖥️ 𝑀𝑖́𝑟𝑎𝑙𝑜

𝑝𝑜𝑟 𝑒𝑙 003 𝑦 703 𝐻𝐷 𝑑𝑒 𝑀𝑜𝑣𝑖𝑠𝑡𝑎𝑟 𝑇𝑉 𝑦 𝑝𝑜𝑟 𝑀𝑜𝑣𝑖𝑠𝑡𝑎𝑟 𝑇𝑉 𝐴𝑝𝑝

España ratificó así su dominio en el encuentro y mostró una vez más la amplitud de recursos que tiene en ofensiva. Porque no solo lastima con sus atacantes naturales; también lo hace con mediocampistas capaces de romper líneas y pisar el área rival. Perú, mientras tanto, quedó obligado a remar desde atrás ante una selección que encontró espacios y golpeó con una eficacia casi perfecta durante la primera mitad."
https://elcomercio.pe/deporte-total/seleccion/la-autocritica-de-marcos-lopez-tras-caer-ante-espana-la-diferencia-es-muy-grande-tenemos-que-ser-realistas-seleccion-peruana-ultimas-noticia/,"La autocrítica de Marcos López tras caer ante España: “La diferencia es muy grande, tenemos que ser realistas”",El lateral de la Selección Peruana aseguró que la derrota ante España evidenció la distancia que existe actualmente entre ambos equipos y pidió construir un proyecto sólido pensando en el futuro.,2026-06-10T15:20:48.53Z,"La

dejó varias conclusiones para la Selección peruana en el cierre de la última fecha FIFA de amistosos. Más allá del resultado, el encuentro sirvió para medir la distancia que actualmente existe entre la ‘Bicolor’ y una de las selecciones más competitivas del mundo. Tras el regreso del equipo al país,

fue uno de los futbolistas que analizó con mayor sinceridad el presente del combinado nacional. El lateral del Copenhague consideró que el resultado reflejó la realidad de ambos equipos y pidió trabajar con una mirada a largo plazo si se pretende reducir esa brecha.

A su llegada al aeropuerto de Lima, el defensor peruano reconoció que España mostró por qué está clasificada al Mundial, mientras que Perú deberá seguir trabajando para recuperar protagonismo internacional. “Ellos están en el Mundial y nosotros no, la diferencia es muy grande, tenemos que ser realistas y en base a eso construir un futuro para nuestro país”, afirmó ante los medios de comunicación.

López también destacó que este tipo de amistosos son fundamentales para elevar el nivel competitivo del equipo, incluso cuando los rivales exponen las debilidades del plantel. “Hay buenos jugadores, obviamente vamos a elevar el nivel cuando tengamos estos partidos, contra estos rivales, a pesar de que nos puedan superar o hacer ver nuestras falencias, es importante para corregir”, sostuvo.

Durante la conversación con la prensa, Marcos López también fue consultado sobre las declaraciones de Pedro Gallese, quien tras la derrota señaló que la diferencia entre ambos equipos era evidente, incluso al comparar las variantes disponibles para los entrenadores.

“Sabíamos que si le dabas espacios y tiempo te iban a manejar la pelota. Por algo son candidatos a ganar la Copa del Mundo. La diferencia es muy grande, tenemos que ser realistas y construir un futuro”

Marcos López, jugador selección peruana 🇵🇪

📹

🎙️…

El lateral coincidió con su compañero en que existe una ventaja importante a favor de los españoles debido al contexto competitivo en el que se desarrollan sus futbolistas. “Voy a ser duro, pero es nuestra realidad. Todos ellos juegan en Europa y nosotros tenemos jugadores locales, pero eso no quiere decir que son menos que los españoles, pero sí juegan en ligas diferentes y la intensidad es diferente”, apuntó.

Pese a reconocer las diferencias actuales, López remarcó que el camino pasa por trabajar sobre la realidad del fútbol peruano para intentar cerrar la brecha en los próximos años. “No somos menos ni más que nadie, hay que trabajar en base a nuestra realidad”, concluyó."
https://elcomercio.pe/deporte-total/seleccion/la-fpf-publico-un-emotivo-saludo-a-mano-menezes-tras-cumplir-64-anos-feliz-cumpleanos-profe-noticia/,"La FPF publicó un emotivo saludo a Mano Menezes tras cumplir 64 años: “¡Feliz cumpleaños, ‘Profe’!”","La Federación Peruana de Fútbol se sumó a las celebraciones por el cumpleaños número 64 de Mano Menezes y le dedicó un mensaje especial en sus redes sociales, destacando su trayectoria y deseándole éxitos al frente de la selección peruana.",2026-06-11T16:09:45.407Z,"La

utilizó sus redes sociales para enviar un afectuoso saludo a

, actual director técnico de la selección peruana, con motivo de su cumpleaños número 64. A través de una publicación acompañada de una fotografía del estratega brasileño, la entidad expresó sus buenos deseos para el entrenador, quien atraviesa sus primeros meses al mando de la Bicolor. El mensaje no tardó en generar reacciones entre los aficionados, que también aprovecharon la ocasión para felicitar al técnico y manifestarle su respaldo de cara a los próximos desafíos de Perú en las competiciones internacionales.

“¡𝗙𝗲𝗹𝗶𝘇 𝗰𝘂𝗺𝗽𝗹𝗲𝗮𝗻̃𝗼𝘀, 𝗣𝗿𝗼𝗳𝗲 𝗠𝗮𝗻𝗼! Saludamos cordialmente a nuestro DT de #LaBicolor, @manomenezes_oficial , le deseamos un año lleno de salud, nuevos desafíos y grandes éxitos"", dice el saludo del Instagram de la FPF al estratega brasileño de la Bicolor."
https://elcomercio.pe/deporte-total/seleccion/mundial-2026-carolina-salvatore-espero-sea-el-mundial-de-algun-equipo-que-nos-pueda-sorprender-como-brasil-por-neymar-periodista-se-suma-a-juego-en-corto-para-la-copa-del-mundo-2026-noticia/,"“Espero sea el Mundial de algún equipo que nos pueda sorprender, como Brasil por Neymar”: Carolina Salvatore se suma a “Juego en Corto” para la Copa del Mundo 2026","En plena cuenta regresiva para el Mundial 2026, Juego en Corto renueva su mesa de análisis con la llegada de Carolina Salvatore. La periodista acompañará a José Carvallo y Diego Penny en una nueva etapa del streaming deportivo de Depor y El Comercio, que desde este jueves también estrena horario.",2026-06-16T13:52:12.834Z,"La llegada del

no solo traerá partidos, figuras y emociones. También marcará una nueva etapa para uno de los espacios deportivos digitales que amaga, driblea y mete goles en el Perú. Desde este jueves 11 de junio, coincidiendo con la inauguración de la Copa del Mundo, la periodista

se incorpora oficialmente a la mesa de conducción de

, el programa de streaming de Depor y El Comercio que analiza la actualidad del fútbol peruano e internacional.

La noticia llega acompañada de otro cambio importante: el espacio modificará su horario habitual y ahora se emitirá de lunes a viernes entre las 7:00 y las 8:00 de la mañana a través de YouTube. Salvatore compartirá la conducción junto a dos voces reconocidas del fútbol peruano, los exseleccionados José Carvallo y Diego Penny. Ambos venían integrando la mesa junto a Fernanda Huapaya, quien deja temporalmente el estudio para asumir una nueva misión profesional: convertirse en enviada especial de El Comercio y Depor durante la cobertura del Mundial 2026.

La incorporación de Carolina no es casual. Su trayectoria combina periodismo, análisis deportivo y experiencia internacional. Argentina e italiana, acumula más de una década de trabajo en el Perú, donde construyó una sólida carrera en televisión, plataformas digitales y proyectos especializados en fútbol.

Su rostro se hizo familiar para la audiencia a través de diversos espacios en GOLPERÚ y otros formatos digitales. Además, entre 2024 y 2025 condujo “De Taquito”, el programa de entrevistas deportivas de El Comercio que reunió a entrenadores, futbolistas y personajes ligados al deporte nacional.

Su perfil profesional también incluye una formación académica diversa. Posee un diploma internacional en economía, periodismo y sociedad otorgado por la Universidad ESAN y UNESCO, una certificación en lengua italiana de la Università per Stranieri di Perugia y estudios de especialización en coaching, psicología deportiva y media training.

Pero más allá de los currículos y certificados, Carolina destaca por algo que suele valorar cualquier redacción deportiva: la capacidad de conversar de fútbol con naturalidad.

Eso quedó reflejado en su primer contacto oficial con la mesa de Juego en Corto. Durante una videollamada emitida el último lunes 8 de junio, compartió bromas, análisis y pronósticos con Diego Penny, José Carvallo y Fernanda Huapaya.

“Las cábalas se sostienen. Me hice la víctima todo el Mundial pasado y Argentina campeonó. Ahora, se sostiene”, comentó entre risas, recordando las supersticiones que acompañaron a la selección argentina durante Qatar 2022.

La conversación avanzó rápidamente hacia el Mundial que está por comenzar y Salvatore dejó algunas opiniones que seguramente darán pie a futuros debates. “Este Mundial lo veo muy fuerte a Francia, pero Francia siempre es segundo”, ironizó mientras analizaba a los principales candidatos al título.

Luego apostó por la sorpresa. “Espero que sea el Mundial de algún equipo que nos pueda sorprender, como Brasil por Neymar”, señaló.

Su llegada suma una mirada distinta a una mesa que ya combina la experiencia de dos exarquero de selección como Carvallo y Penny. La presencia de Salvatore aporta contexto internacional, conocimiento del fútbol sudamericano y europeo, además de una personalidad acostumbrada a debatir y generar conversación.

Con el Mundial 2026 como escenario principal y el fútbol peruano buscando reinventarse tras un año complejo, Juego en Corto apuesta por renovarse sin perder su esencia. Y en esa nueva alineación, Carolina Salvatore aparece como uno de los fichajes más importantes del mercado periodístico deportivo.

Porque mientras la pelota empieza a rodar en Norteamérica, el análisis también juega su propio partido."
https://elcomercio.pe/deporte-total/seleccion/oscar-ruggeri-se-rindio-ante-peru-con-ricardo-gareca-no-me-los-van-a-bajar-de-alla-arriba-noticia/,Óscar Ruggeri se rindió ante Perú con Ricardo Gareca: “No me los van a bajar de allá arriba”,El campeón del mundo con Argentina se declaró hincha de Perú en una entrevista con Ricardo Gareca.,2026-06-12T14:32:37.884Z,"Ricardo Gareca y Óscar Ruggeri volvieron a encontrarse en una amena entrevista en donde los recuerdos y análisis están a la orden del día en la coyuntura del Mundial 2026 de la FIFA.

El defensor y campeón del mundo con Argentina, además, no dudó en elogiar al Perú, de quien confesó encontrarse profundamente enamorado.

“Con lo que hicieron los peruanos en la guerra (Malvinas), yo ya los tengo arriba y nos me los van a bajar de ahí. Nos ayudaron en momentos muy difíciles”, mencionó Ruggeri.

Además, el panelista de ESPN recordó el momento en el que Ricardo Gareca fue llamado a la selección peruana, a la que llevó a un Mundial tras 36 años de espera.

“En lo deportivo, desde que te llamaron a vos (Gareca), sacando a Argentina, me hice hincha de Perú. Cuando fuiste al Mundial me puse muy feliz”, afirmó."
https://elcomercio.pe/deporte-total/seleccion/peru-empato-1-a-1-ante-argentina-por-la-liga-de-naciones-femenina-video-noticia/,Perú empató 1 a 1 ante Argentina por la Liga de Naciones Femenina | VIDEO,"La selección peruana rescató un empate, en los últimos minutos, ante Argentina por la penúltima jornada de la Liga de Naciones.",2026-06-06T14:08:06.8Z,"La selección peruana empató 1 a 1 ante Argentina, el jueves 5 de junio, por la penúltima jornada de la Liga de Naciones.

El duelo dejó a ‘La Bicolor’ con escasas opciones de acceder un cupo al próximo Mundial de Brasil.

Mercedes Diz marcó el primer gol a favor de Argentina en el minuto 75; Cherrie Cox, igualó el marcador diez minutos después en el 85′.

Pese al valioso empate, la selección peruana debe derrotar por goleada a Bolivia en la última fecha y esperar los resultados del encuentro entre Paraguay vs. Colombia y Ecuador vs. Argentina y buscará meterse en zona de repechaje."
https://elcomercio.pe/deporte-total/seleccion/peru-estuvo-cerca-del-descuento-ugarriza-genero-la-mas-clara-ante-espana-ultimas-noticia/,Perú estuvo cerca del descuento: Ugarriza generó la más clara ante España | VIDEO,La selección peruana generó una de sus llegadas más peligrosas a los 32 minutos del primer tiempo.,2026-06-09T02:46:57.271Z,"La

generó una de sus llegadas más peligrosas a los 32 minutos del primer tiempo.

apareció en ataque y estuvo muy cerca de descontar para la blanquirroja, aunque el balón terminó pasando muy cerca del arco español.

Pese a la ocasión generada,

en el estadio Cuauhtémoc de Puebla.

La jugada despertó la reacción del equipo dirigido por Mano Menezes, que busca descontar en el marcador luego de un complicado arranque de partido.

¡Lo que se perdió! En la jugada más clara para Perú, Ugarriza no pudo meterla en la portería de Unai Simón. ⚽❌

⏱️ 39’ PT | ESP 🇪🇸 2 - 0 🇵🇪 PER

🏠

🖥️ 𝑀𝑖́𝑟𝑎𝑙𝑜

𝑝𝑜𝑟 𝑒𝑙 003 𝑦 703 𝐻𝐷 𝑑𝑒 𝑀𝑜𝑣𝑖𝑠𝑡𝑎𝑟 𝑇𝑉 𝑦 𝑝𝑜𝑟 𝑀𝑜𝑣𝑖𝑠𝑡𝑎𝑟…"
https://elcomercio.pe/deporte-total/seleccion/peru-vs-bolivia-en-vivo-por-liga-de-naciones-femenina-a-que-hora-juegan-canales-tv-y-donde-ver-partido-online-streaming-noticia/,"Perú goleó 4-0 a Bolivia, pero no le alcanzó para el repechaje de la Liga de Naciones Femenina","La selección peruana se impuso con facilidad ante su similar de Bolivia, pero se quedó a cinco goles de lograr el repechaje.",2026-06-10T01:47:38.166Z,"La

venció 4-0 a Bolivia este martes 9 de junio por la novena y última fecha de la

.

La Bicolor asumió este duelo con una ligera esperanza de conseguir el repechaje. Alesia García (23′), Luz Campoverde (57′), Grace Cagnina (61′) y Sandra Arévalo (83′) anotaron para el triunfo de Perú, pero se quedaron a cinco puntos de alcanzar el objetivo.

El partido

por la Liga de Naciones Femenina comienza a las 6:00 PM (hora peruana) y las 7:00 AM (hora de Bolivia). Te dejamos todos los horarios, según país.

El

por la Liga de Naciones Femenina será transmitido a través de

en Perú por cable TV y streaming.

La amistoso entre

será transmitido ONLINE por

, que es la app de DirecTV Sports. Esta opción está disponible en streaming para que lo veas desde tu PC, SmarTV, celular, tablet, etc."
https://elcomercio.pe/deporte-total/seleccion/peru-vs-espana-asi-fue-el-emotivo-momento-del-himno-de-la-blanquirroja-seleccion-peruana-ultimas-noticia/,Perú vs. España: Así fue el emotivo momento del himno de la blanquirroja,"La selección peruana enfrentó a España en Puebla y, antes del amistoso, protagonizó un emotivo momento al cantar el himno nacional junto a Mano Menezes.",2026-06-09T02:10:13.795Z,"Este lunes 8 de junio se juega una prueba más de la

al mando de

. La blanquirroja se enfrenta a España en el segundo de los dos amistosos por la fecha FIFA.

El partido fue planificado a las 9:00 pm. (hora peruana), pero, minutos antes, y como en toda previa de partido de selecciones, se llevó a cabo la entonación de los himnos nacionales.

Cuando fue el turno de la blanquirroja, los once titulares se pararon en el centro del estadio Cuauhtémoc, Puebla, México y, abrazados, cantaron cada estrofa a todo pulmón. Lo propio hicieron los suplentes, al borde del campo.

¡Con gran emoción y pasión, el himno nacional peruano resuena en Puebla! 🇵🇪🎶

🏠

🖥️ 𝑀𝑖́𝑟𝑎𝑙𝑜

𝑝𝑜𝑟 𝑒𝑙 003 𝑦 703 𝐻𝐷 𝑑𝑒 𝑀𝑜𝑣𝑖𝑠𝑡𝑎𝑟 𝑇𝑉 𝑦 𝑝𝑜𝑟 𝑀𝑜𝑣𝑖𝑠𝑡𝑎𝑟 𝑇𝑉 𝐴𝑝𝑝"
https://elcomercio.pe/deporte-total/seleccion/peru-vs-espana-en-vivo-hoy-por-partido-amistoso-lbposting-noticia/,Perú cayó 1-3 ante España por partido amistoso en el estadio Cuauhtémoc,"España derrotó 3-1 a Perú por partido amistoso FIFA en el Estadio Cuauhtémoc, Puebla, México el lunes 8 de junio del 2026.",2026-06-09T03:58:49.724Z,"El árbitro agrega 3 minutos más de juego.

Matías Zegarra hace su debut oficial con la selección peruana.

Falta de Garcés en contra de Iglesias y el peruano es amonestado.

Sonne intentó una volea y pifia el balón.

Tiro de esquina para Perú que se animó a tener más el balón.

Tiro de equina que lo ejecuta Grimaldo para España.

España controla la posición del balón y busca el cuarto gol.

Minuto de hidratación.

Jairo Vélez marca el descuento para la selección peruana.

Tiro libre a favor de España.

Tiro de esquina a favor de Perú que busca el descuento.

Blooper de Pedro Gallese que le permite a La Roja estirar la ventaja.

Ugarriza cabecea dentro del área de España y el balón se va desviado.

Tiro de esquina a favor de España.

Perú cae 2-0 ante España en el amistoso FIFA.

El árbitro agrega 2 minutos más de juego.

Nuevo tiro de esquina a favor de Perú.

Ugarriza cabecea dentro del área y Unai Simón controla el balón sin problemas.

Tiro de esquina a favor de Perú que busca el descuento.

Pretell remata desde fuera del área y el balón se va desviado.

Vidales remata dentro del área y el balón se va desviado.

Ferrán Torres supera por velocidad a López, remata y el balón pasa cerca del arco de Gallese.

Ugarriza quedó mano a mano con Unai Simón, remató y el balón pasó cerca.

Pedri marca el 2-0 a favor de la selección española

Gruber salva sobre la línea lo que pudo ser el segundo gol de España.

Minuto de hidratación.

Oyarzabal remata dentro del área y el balón se va por encima del arco de Gallese.

Falta de Cucurella en contra de Sonne y tiro libre a favor de Perú.

España es muy superior a Perú. Domina el juego y Perú no logra conectar más de 4 pases seguidos.

Recordemos que a España le faltan jugadores titulares como Lamine Yamal y Nico Williams.

Falta de Vidales en contra de Llorente y tiro libre a favor de Perú.

Ahora Perú intenta mantener la posición del balón.

Tiro de esquina a favor de España.

Mikel Oyarzabal marca el 1-0 a favor de La Roja.

La selección peruana alinea con un 4-4-2, atacando con Vidales y Ugarriza.

Se realiza el sorteo de capitanes entre Rodri y Yotún.

Perú entona su himno nacional.

España entona su himno nacional.

Yoshimar Yotún es el capitán de Perú.

Los jugadores de Perú y España salen al terreno de juego.

El delantero sufrió a finales de abril un desgarro en el isquiotibial de su pierna izquierda jugando para el FC Barcelona. Aunque ya se encuentra en la fase final de su recuperación e incluso realiza trabajos parciales con el grupo, Luis de la Fuente decidió que no viaje a Puebla. El atacante se quedó en el campamento base de la selección en Chattanooga, Estados Unidos, para ponerse a punto físicamente.

Los jugadores de España y Perú ya se encuentran en el túnel.

Lamine Yamal no juega hoy porque

y el cuerpo técnico de España prefirió no arriesgarlo en este amistoso.

Los jugadores de Perú y España calientan dentro del terreno de juego.

Gallese, Sonne, Gruber, Garcés, López, Pretell, Noriega, Yotún, Vélez, Vidales y Ugarriza.

Unai Simón, Cucurella, Cubarsí, Laporte, Llorente, Pedri, Rodri, Fabián, Ferrán, Baena y Oyarzabal.

Finalmente, el Perú vs. España se presenta como un duelo atractivo no solo por la diferencia de estilos, sino también por la oportunidad que tiene la selección peruana de medirse ante uno de los equipos más competitivos del mundo, en un escenario ideal para sacar conclusiones de cara al futuro.

En el caso de España, el técnico Luis de la Fuente aprovechará el partido para observar variantes en ataque y mediocampo, además de definir posiciones clave antes del inicio del Mundial.

Este enfrentamiento también servirá para evaluar el rendimiento de algunos futbolistas peruanos que buscan consolidarse en el equipo titular, especialmente aquellos que vienen destacando en ligas extranjeras o en el torneo local.

A nivel internacional, el encuentro será emitido por ESPN y Disney+ Premium en varios países de Sudamérica, así como por distintas plataformas en Estados Unidos y Europa, lo que permitirá que el amistoso tenga alcance global.

En cuanto a la transmisión, el partido podrá verse en Perú a través de América TV, ATV y Movistar Deportes, tanto en señal abierta como por cable. Además, existen opciones de streaming como América TV GO y la Movistar TV App para seguir el encuentro desde dispositivos móviles.

El duelo entre peruanos y españoles enfrenta dos realidades distintas: mientras el conjunto europeo afina su preparación para competir al más alto nivel, la ‘Blanquirroja’ intenta reconstruirse y proyectarse hacia futuras competiciones internacionales.

Por su parte, España llega a este encuentro como uno de los candidatos al título mundial y utilizará este amistoso como su último examen antes de debutar en el torneo. La ‘Roja’ pretende ajustar detalles tácticos y definir su once titular para la competición.

Este partido representa una prueba exigente para el equipo dirigido por Mano Menezes, que continúa en proceso de renovación tras no clasificar a la Copa del Mundo. El técnico brasileño busca consolidar una nueva base de jugadores y afinar su idea de juego frente a selecciones de alto nivel.

El compromiso está programado para las 9:00 de la noche (hora peruana), en lo que será un horario accesible para los aficionados de la ‘Bicolor’. En territorio español, el duelo se jugará a las 4:00 de la madrugada del martes 9 de junio, mientras que en otros países de Sudamérica se verá entre las 10:00 y 11:00 p.m., dependiendo de la región.

La selección peruana enfrenta a España este lunes 8 de junio en un partido amistoso internacional que genera gran expectativa entre los hinchas, debido al nivel del rival europeo y al contexto previo al Mundial 2026. El encuentro se disputa en el estadio Cuauhtémoc de Puebla, México, escenario elegido para este choque de preparación.

Para ver RTVE La 1 en vivo en España

tienes las opciones de hacerlo por señal abierta, cable o streaming. Si lo verás por televisión digital terrestre (TDT), deberás tener una televisión que funcione con antena. Si planeas verlo por cable, deberás contar con algún servicio como: Movistar+, Orange TV, Vodafone TV, Euskaltel, R, Telecable, entre otros.

Para ver ESPN en Sudamérica, puedes utilizar plataformas de streaming como

, contratar un plan de televisión por cable con operadores locales (como

,

o

) o usar la

vinculando tu proveedor de cable.

Para que mires América TV GO tendrás que descargarte la app disponible en iOS y Android o por su web.

Para que puedas ver América TV en Perú tienes 3 opciones, la que es por cable, streaming y televisión abierta. Para que lo puedas mirar en TV abierta solo deberás de conectar una antena digital a tu televisor y sintonizar el canal 4. Luego, si deseas verlo por cable, deberás contratar cualquiera de los siguientes operadores: Win, Movistar TV, Claro TV, Bestcable o DirecTV.

En

, el partido

por amistoso FIFA se transmitirá EN VIVO por

, señal que posee los derechos del partido amistoso, y también se podrá ver vía streaming a través de

En

, el partido

por amistoso FIFA se transmitirá EN VIVO por

, señal que posee los derechos del partido amistoso, y también se podrá ver vía streaming a través de

En

, el partido

por amistoso FIFA se transmitirá EN VIVO por

, señales que poseen los derechos de la selección española para el país, y también se podrá ver vía streaming a través de

En

, el partido

por amistoso FIFA se transmitirá EN VIVO por

, señales que poseen los derechos de la selección nacional para el país, y también se podrá ver vía streaming a través de

El

por la

amistoso FIFA 2026 será transmitido a través de

en Perú por cable, señal abierta y streaming. Por otro lado,

España podrás ver el amsitoso a través de

Mientras que

el resto de Sudamérica y México, el amistoso será televisado por

El partido

por amistoso FIFA comienza a las 9:00 PM (hora peruana) y 4:00 AM (hora de España). Te dejamos todos los horarios, según país.

La selección nacional llega de vencer 2-1 a Haití, mientras que, el conjunto dirigido por Luis de la Fuente empató 1-1 ante Irak y pondrá a su oncena estelar para afinar detalles antes de debutar el 14 de junio contra Cabo Verde en la Copa del Mundo.

y

se enfrentan en un partido vibrante a pocos días del inicio del Mundial 2026. El amistoso que se disputará este lunes 8 de junio en Puebla, México, causa gran expectativa por ver al equipo de Lamine Yamal y compañía.

Bienvenids, amigos de El Comercio, al minuto a  minuto del partido entre Perú y España por amistoso FIFA rumbo al Mundial 2026."
https://elcomercio.pe/deporte-total/seleccion/peru-vs-espana-fecha-hora-y-canal-tv-que-transmite-el-partido-amistoso-previo-al-mundial-2026-noticia/,"Perú vs España: fecha, hora y canal TV que transmite el partido amistoso previo al Mundial 2026",La selección peruana tendrá un difícil reto cuando enfrente a España en partido amistoso FIFA. El técnico Mano Menezes alista su mejor once ante una de las candidatas a ganar la Copa del Mundo.,2026-06-07T16:00:21.183Z,"Del otro lado estará una España repleta de figuras y que utilizará este compromiso como su último ensayo antes del debut mundialista. El choque genera expectativa entre los hinchas peruanos por el nivel del rival y por la oportunidad de medir el verdadero momento del combinado nacional. Además, el partido marcará una nueva presentación internacional de jóvenes como Bassco Soyer y Matías Zegarra, quienes buscan ganarse un espacio en el nuevo proceso.

El amistoso internacional entre Perú y España se disputará este lunes 8 de junio en el estadio Cuauhtémoc de Puebla, en México. Será el segundo encuentro de la ‘Blanquirroja’ durante la fecha FIFA de junio y el último ensayo de la selección española antes de iniciar su participación en el Mundial 2026.

El partido entre Perú y España comenzará a las 9:00 p.m. en horario peruano. En México se podrá seguir desde las 8:00 p.m., mientras que en Colombia y Ecuador arrancará también a las 9:00 p.m. Para Bolivia, Venezuela y Miami, el duelo iniciará a las 10:00 p.m.; en Argentina, Brasil, Uruguay, Paraguay y Chile será desde las 11:00 p.m. En España, el encuentro podrá verse a las 4:00 a.m. del martes 9 de junio.

La transmisión del amistoso entre Perú y España estará disponible en señal abierta y cable. El encuentro podrá verse por América TV (canal 4 y 704 HD), ATV (canal 9 y 709 HD) y Movistar Deportes (canales 3 y 703 HD). Además, en algunos países de Sudamérica también estará disponible mediante ESPN y Disney+ Premium."
https://elcomercio.pe/deporte-total/seleccion/peru-vs-nicaragua-en-vivo-hoy-via-america-tv-futbol-libre-atv-canal-4-y-movistar-deportes-canal-3-ver-amistoso-online-gratis-por-internet-lbposting-noticia/,"RESULTADO, Perú vs Nicaragua: así fue el minuto a minuto del amistoso FIFA","Con goles de Grimaldo y Lapadula, Perú venció por 2-0 a Nicaragua en el estadio Alejandro Villanueva de La Victoria. Debut de Fossati en el banco mostró buenos pasajes de buen fútbol.",2024-03-23T14:00:00Z,"Con goles de Grimaldo y Lapadula, Perú venció por 2-0 a Nicaragua en el estadio Alejandro Villanueva de La Victoria. Debut de Fossati en el banco mostró buenos pasajes de buen fútbol.

Con goles de Grimaldo y Lapadula, Perú venció por 2-0 a Nicaragua en el estadio Alejandro Villanueva de La Victoria. Debut de Fossati en el banco mostró buenos pasajes de buen fútbol.

Final del partido en Matute.

Atajadón de Cáceda tras disparo de López.

Perú ha mentido a Nicaragua en su campo. Los centrales peruanos buscan ganar las espaldas del rival con pelotazos, pero no funciona.

Zanelatto corta un ataque que había iniciado Sonne.

Remate de Moncada se fue por encima del arco peruano.

Zanelatto decide mal, nuevamente. Pateó al arco en vez de centrar.

Zanelatto perdió un balón por no darle pase a Sonne. Irrelevante su ingreso.

Partido paralizado por falta contra Ascues.

Perú evita el descuento en su portería.

Todos los ojos puestos en Sonne, quien no aún no ha podido mostrar su juego.

Gol anulado a Callens por posición adelantada.

La cinta de capitán quedó en el brazo de Gianluca Lapadula.

Cambios en Perú: salen Távara y Guerrero, ingresan Castillo y Valera.

Rodríguez vuelve a impedir que Araujo anote en su portería.

Uffff. Miguel Araujo cabecea en el área rival y casi anota.

Amarilla para Jason Coronel de Nicaragua.

Perú no logra controlar el balón, es Nicaragua es superior en la posesión.

Ingresan Sonne por Trauco y Zanelatto por Grimaldo.

Nicaragua llega al arco peruano de media distancia.

Se prepara para ingresar Oliver Sonne.

“Sonne, Sonne”, corean las tribunas de Matute pidiendo el ingreso del fútbolista.

Amonestación para Luis Coronel en Nicaragua.

Cáceda descuelga un centro de Nicaragua. Responde bien el portero peruano.

El partido ha caído en intensidad.

Inició el segundo tiempo en Matute.

Todo listo para el inicio del segundo tiempo.

Final del primer tiempo.

Se juegan los descuentos en Matute. Perú no renuncia a buscar el tercer gol.

Perú defiende con todo el equipo un tiro libre de Nicaragua.

Casi autogol de Nicaragua tras tiro de esquina cobrado por Távara.

Tiro libre de Paolo que se desvía en la barrera de Nicaragua.

Cabezazo de Paolo en el área. Controla el portero Rodríguez.

Polo vuelve a llegar hasta la línea de fondo. Su centro, sin embargo, fue rechazado al córner.

Se salva el arco peruano. El disparo de Treminio casi acaba en gol.

Paolo se falló el tercero. Estuvo cerca de conectar de cabeza en el área rival.

AHORA |

AHORA |

Andy Polo corrió por la banda, amagó a su defensor cerca a la línea de fondo y se las ingenió para sacar un centro que encontró a Gianluca Lapadula en el corazón del área. El delantero metió un derechazo para el 2-0.

Golazo de Gianluca Lapadula de volea.

Gooooool peruanooooo, golazo, golazo.

Polo juega en Matute como en el patio de su casa.

Perú controla el partido y se muestra agresivo para recuperar el balón.

Polo se acordó de la final del año pasado en Matute, desbordó por derecha y tiró un centro que Grimaldo encontró en el área. El volante de Cristal solo tuvo que poner el botín para anotar el 1-0.

Goooooooooooooooooooooool peruano.

Távara es quien ocupa el puesto de volante central. Si comparamos con la ‘U’ de Fossati, es el mismo puesto que Ureña.

Arranca el partido.

La selección peruana jugará hoy con la camiseta alterna.

Más de 28 mil hinchas presentes en Matute.

De pie, suena el Himno Nacional del Perú.

Salen los titulares a la cancha para el debut de Fossati en la selección peruana.

Salen los suplentes al campo de juego. Entre ellos, destaca Oliver Sonne.

Recordamos el once de Perú: Cáceda, Araujo, Ascues, Callens, Polo, Trauco, Cartagena, Távara, Grimaldo, Lapadula y Guerrero.

A más de 20 minutos del pitazo inicial, las graderías de Matute están casi repletas.

AHORA |

AHORA DESDE MATUTE

La previa!

nos cuenta el once inicial de la Bicolor desde Matute.

Así se preparan los ánimos, previo al Perú vs. Nicaragua. El Comercio está presente en el estadio Alejandro Villanueva.

Per vs. Nicaragua

Colorido fan fest en Matute previo al debut de Jorge Fossati al mando de la Bicolor

La hinchada peruana pinta las gradas de rojo y blanco.

Te esperamos para vivir una fiesta alentando a

.

As formar nuestro equipo comandado por Jorge Fossati.

Así fue el banderazo de la hinchada previo al duelo ante Nicaragua.

''

A pocas horas de volvernos a encontrar.

Adquiere las ltimas entradas en

Si estás en Perú: 8:30 p.m.

Si estás en Nicaragua: 7:30 p.m.

Si estás en México: 7:30 p.m.

Si estás en Argentina: 10:30 p.m.

Si estás en Ecuador: 8:30 p.m.

Si estás en Colombia: 8:30 p.m.

Si estás en Uruguay: 10:30 p.m.

Si estás en Chile: 10:30 p.m.

Si estás en Estados Unidos (Miami): 8:30 p.m.

Si estás en España: 02:30 del sábado 23

Último entrenamiento de Perú.

,

Adquiere tus entradas en

y estemos juntos este 22 y 26.

Así se vivió el banderazo ayer por la noche.

Una sola idea: Alentar a

.

Adquiere tus entradas en

Junto a Lapadula también resalta la presencia del goleador Paolo Guerrero, que ahora milita en el peruano César Vallejo.

El atacante del Cagliari (Italia), de 34 años, fue llamado para los partidos que la blanquirroja jugará en Lima contra Nicaragua el 22 de marzo y ante la selección Dominicana el 26 de marzo.

Los delanteros Gianluca Lapadula y Paolo Guerrero destacan en la primera convocatoria que hizo el lunes el nuevo seleccionador de Perú, el uruguayo Jorge Fossati, para los amistosos ante Nicaragua y República Dominicana.

Gianluca Lapadula y Paolo Guerrero destacan en la primera convocatoria que hizo Fossati para los amistosos ante Nicaragua y República Dominicana, donde llama la atención la aparición de nombres como Erick Noriega y José Rivera.

Arqueros: Pedro Gallese (Orlando City, USA), Carlos Cáceda (Melgar), Renato Solís (Sporting Cristal), Diego Romero (Universitario de Deportes)

Defensas: Anderson Santamaría (Atlas FC, México), Erick Noriega (Comerciantes Unidos), Miguel Araujo (Portland Timbers, USA), Aldo Corzo (Universitario), Alexander Callens (AEK Athens, GRE), Luis Abram (Atlanta United, USA), Carlos Ascues (César Vallejo), Luis Advíncula (Boca Juniors, ARG), Miguel Trauco (Criciúma Esporte, BRA), Oliver Sonne (Silkeborg IF, DEN), Marcos López (Feyenoord, NED).

Mediocampistas: Wilder Cartagena (Orlando City, USA), Martín Távara (Sporting Cristal), Sergio Peña (Malmo, SWE), Jesús Castillo (Gil Vicente, POR), Piero Quispe (Pumas, MEX), Joao Grimaldo (Sporting Cristal).

Delanteros: Andy Polo (Universitario), Franco Zanelatto (Alianza Lima), Gianluca Lapadula (Cagliari, ITA), Alex Valera (Universitario), Bryan Reyna (Belgrano, ARG), Paolo Guerrero (César Vallejo), Edison Flores (Universitario), José Rivera (Universitario).

La transmisión del partido se puede seguir por señal abierta en Perú a través de América TV (Canal 4) y ATV (Canal 9). Movistar Deportes transmite por cable (Movistar TV) en el Canal 3 (SD) y 703 (HD); también por internet desde cualquier dispositivo, vía Movistar TV App. En Nicaragua pasa el encuentro NicaSports, Telecable (Canal 73) y ViX.

El amistoso Perú vs Nicaragua inicia a las 8:30 de la noche (hora peruana), que son las 7:30 p. m. en Nicaragua.

Si estás en Perú: 8:30 p.m.

Si estás en Nicaragua: 7:30 p.m.

Si estás en México: 7:30 p.m.

Si estás en Argentina: 10:30 p.m.

Si estás en Ecuador: 8:30 p.m.

Si estás en Colombia: 8:30 p.m.

Si estás en Uruguay: 10:30 p.m.

Si estás en Chile: 10:30 p.m.

Si estás en Estados Unidos (Miami): 8:30 p.m.

Si estás en España: 02:30 del sábado 23

Las selecciones de Perú y Nicaragua se enfrentarán por primera vez en Matute.

“Vamos a salir a jugar, vamos a salir a presionar, vamos a hacerle un buen partido a Perú. Nos vamos a exigir hasta donde podamos, con las condiciones que tenemos nosotros y trataremos de ganar el partido”, anunció.

Nicaragua llega a Lima con el buen antecedente de no haber sido derrotado en sus seis últimos partidos, cinco de los cuales ganó. Su seleccionador, el chileno Marco Antonio Figueroa, aseguró que su equipo buscará el mejor “rendimiento en la parte mental y futbolística” con la intención de llegar “de la mejor forma posible a un partido como el de Perú, para estar a la altura”.

A un solo día del partido amistoso, la expectativa está sobre Jorge Fossati y los nombres que utilizará en su primera prueba. El estratega uruguayo implantará un sistema táctico 3-5-2, como cuando ganó el título nacional con Universitario de Deportes. “Eso vamos a plantear de entrada, como posibilidad de distribución de los jugadores dentro de cancha. Para nosotros lo esencial es la idea general con distintos sistemas. Si me dan a elegir, es el sistema que me gusta más”, señaló en la previa.

Bienvenidos a la cobertura del partido entre Perú y Nicaragua por la fecha FIFA de marzo, partido amistoso de preparación que se disputará en Lima y marcará el debut de Jorge Fossati como técnico de la Bicolor.

El partido se juega el viernes 22 de marzo de 2024 en el estadio Alejandro Villanueva de La Victoria.

El amistoso Perú vs Nicaragua inicia a las 8:30 de la noche (hora peruana), que son las 7:30 p. m. en Nicaragua.

Si estás en Perú: 8:30 p.m.

Si estás en Nicaragua: 7:30 p.m.

Si estás en México: 7:30 p.m.

Si estás en Argentina: 10:30 p.m.

Si estás en Ecuador: 8:30 p.m.

Si estás en Colombia: 8:30 p.m.

Si estás en Uruguay: 10:30 p.m.

Si estás en Chile: 10:30 p.m.

Si estás en Estados Unidos (Miami): 8:30 p.m.

Si estás en España: 02:30 del sábado 23

El amistoso ante Nicaragua y un posterior duelo ante República Dominicana serán los primeros duelos de Jorge Fossati como entrenador de Perú. El charrúa dirige dos ensayos generales de la Bicolor antes de encarar la Copa América, donde tendrá una oportunidad ideal para convivir con sus nuevos dirigidos.

Fossati aceptó el reto de recuperar a la selección peruana en las Eliminatorias, que se reinician en septiembre, cuando la Bicolor reciba a Colombia y visite a Ecuador. Perú marcha último con solo dos puntos luego de seis jornadas.

Gianluca Lapadula y Paolo Guerrero destacan en la primera convocatoria que hizo Fossati para los amistosos ante Nicaragua y República Dominicana, donde llama la atención la aparición de nombres como Erick Noriega y José Rivera."
https://elcomercio.pe/deporte-total/seleccion/seleccion-de-nicaragua-es-un-equipo-ordenado-y-valiente-asi-es-el-primer-rival-de-peru-en-la-era-fossati-que-viene-con-12-partidos-sin-perder-en-liga-de-naciones-seleccion-peruana-noticia/,"“Nicaragua es un equipo ordenado y valiente”: así es el primer rival de Perú en la era Fossati, que viene con 12 partidos sin perder en Liga de Naciones",Perú vs. Nicaragua será este viernes 22 de marzo y un periodista de dicho país revela la táctica de dicha selección que Fossati debe tomar en cuenta para ganar.,2024-03-22T16:07:22.383Z,"Una nueva era inicia en la selección peruana bajo el mando del experimentado entrenador uruguayo,

cuando enfrente este viernes 22 de marzo ante Nicaragua en el estadio Matute.

Ante ello, surgen muchas preguntas sobre la selección de Nicaragua, por esa razón, llamamos al periodista nicaraguense

del medio NMZ Sports.

La selección de Nicaragua es un equipo que ha venido creciendo en los últimos nueve años. Ha estado en una constante evolución, aparte en la Eliminatoria Rusia 2018 con el seleccionador Henry Duarte vino creciendo mucho y le ganamos a Jamaica en su casa aunque perdimos en casa, pero clasificaron a dos Copa Oro de manera consecutiva.

Sí. Sumado a lo primero que te decía, jugadores nicaragüenses salieron al extranjero en el último tiempo. Actualmente, tenemos jugadores en Europa, Centroamérica y Sudamérica. Son 14 en la actualidad que juegan afuera. El equipo ha jugado con selecciones fuertes en los últimos años enfrentando a Argentina y el 2022 hizo una gira por Europa enfrentándose a Surinam en Países Bajos, luego enfrentó a Qatar en España y con Irán en su cancha. En Liga de Naciones, Nicaragua lleva 12 partidos sin perder y se enfrentó a selecciones como Trinidad y Tobago y República Dominicana.

😁 𝗙𝗲𝗹𝗶𝗰𝗶𝗱𝗮𝗱 😁

𝗘𝘀 𝗹𝗼 𝗾𝘂𝗲

🇵🇪 𝗺𝗲 𝗱𝗮 ❤️

El capitán de la selección es Juan Barrera que ha sido parte de este proceso desde el 2015 y Nicaragua tiene actualmente a jugadores de la talla de Matías Belli que juega en la segunda división de Noruega, Ariagner Smith que juega en la Primera División de Lituania, Jacob Montes que juega en Botafogo de Brasil, Harold Medina que también es una de las estrellas de este plantel pese a que juega en el Real Esteli FC.

La selección juega con un sistema de 4-3-3 y utiliza también línea de 3 o de 5 en defensa. Es un equipo ordenado y valiente. Siempre trata ir hacia adelante y no se mete atrás. Juega en tres cuartos de cancha y presiona al rival. Figueroa potenció a la selección y le ayudó mucho los amistosos para subir el nivel.

Conocemos la historia que tiene Perú, una selección importante de Sudamérica, pese a que esta última en la Eliminatoria, pero somos conscientes de que tienen un nivel futbolístico alto que después de mucho tiempo fue a un Mundial, y tiene jugadores interesantes que si bien su momento actual no es bueno, pero tiene la historia que lo respalda y tiene un buen entrenador que pese a que es su primer partido, pero es un técnico con mucha experiencia con conocimiento del fútbol peruano. Aquí se le tiene un alto respeto a Perú. Eso no significa que se le tenga miedo, se le tiene respeto, pero no miedo, porque aquí se está buscando la forma de crecer.

--"
https://elcomercio.pe/deporte-total/seleccion/seleccion-femenina-de-peru-le-devolvio-rebeldia-y-confianza-al-equipo-con-10-gringocausas-y-cuatro-europeas-asi-se-gesta-el-proyecto-de-antonio-spinelli-para-llevarnos-a-un-mundial-femenino-tlcnota-noticia/,"“Le devolvió rebeldía y confianza al equipo”: Con 10 ‘gringocausas’ y cuatro europeas, así se gesta el proyecto Spinelli para llevarnos a un Mundial femenino","El empate ante Argentina en Lanús confirmó algo más que una mejora futbolística: la selección peruana femenina construye una nueva identidad con Antonio Spinelli, un grupo multicultural y la ilusión intacta de llegar a un Mundial.",2026-06-09T16:24:25.325Z,"Hay empates que valen más que un punto. Hay resultados que no cambian una tabla, pero sí una manera de mirar el futuro. El 1-1 de Perú ante Argentina en Lanús dejó a la selección femenina todavía aferrada a una calculadora y a un milagro matemático para alcanzar el repechaje rumbo al Mundial Brasil 2027. Pero también dejó algo más profundo: la sensación de que, por primera vez en mucho tiempo, existe un proyecto reconocible. Y que no es descabellado soñar con ir a una Copa del Mundo por primera vez.

Porque mientras Argentina celebraba una clasificación mundialista, Perú se iba con una mezcla extraña de frustración y orgullo. Frustración porque la victoria estuvo cerca y porque el margen de error sigue siendo mínimo. Orgullo porque el equipo volvió a competir. Porque volvió a responder. Porque incluso después de recibir el golpe del 1-0 de Mercedes Diz a quince minutos del final, no se desplomó. Encontró una respuesta. Y esa respuesta tuvo nombre propio: Cherrie Cox, nacida en Torrance, Estados Unidos, pero con sangre peruana, apareció para marcar el empate que mantuvo viva la ilusión nacional.

🎙️ ¡𝗚𝗿𝗮𝗻𝗱𝗲 𝗖𝗼𝘅! 🫶

Cherrie Cox, nuestra delantera nos cuenta cómo fue su primer gol con la selección peruana, sus raíces y lo que significa para ella el Perú. ❤️🇵🇪

📺 Mira la entrevista aquí

Detrás de esa reacción hay una explicación que dentro del fútbol femenino peruano tiene un responsable apuntado: Antonio Spinelli. El entrenador argentino llegó con una misión mucho más compleja que dirigir partidos. Llegó para reconstruir una selección que llevaba años golpeada por resultados, estructuras débiles y resignaciones demasiado instaladas.

, explica Luccina Aparicio, entrenadora y periodista que sigue de cerca el crecimiento del fútbol femenino peruano.

La frase parece encontrar sustento en el recorrido de esta Liga de Naciones. Con Spinelli, Perú sumó ocho puntos y consiguió victorias importantes ante Chile y Uruguay en Cusco, además de empates frente a Paraguay y ahora Argentina. La elección del Inca Garcilaso de la Vega como localía fue una apuesta que también dio resultados. Aprovechar la altura dejó de verse como una excusa para convertirse en una herramienta competitiva.

Pero quizá la transformación más evidente no está solamente en la pizarra. En esta última convocatoria, Perú reunió a catorce futbolistas nacidas fuera del país. Diez llegaron desde Estados Unidos, dos desde España, una desde Suiza y otra desde Suecia. Son las llamadas “gringocausas”, una generación de futbolistas con raíces peruanas y formación internacional que hoy empieza a modificar el rostro de la selección.

Ahí aparecen nombres como Mía Shalit, jugadora del Hapoel Jerusalem; Brenda Meier, del St. Gallen suizo; Andrea Thorisson desde Suecia; Claudia Cagnina, que milita en Noruega; o la propia Cherrie Cox, autora del gol histórico en Lanús.

A ellas se suma un grupo amplio de futbolistas que también desarrollan sus carreras fuera del país. En total, son catorce seleccionadas jugando en el extranjero, una cifra que refleja una realidad distinta a la de procesos anteriores: futbolistas con otro roce, otras metodologías y otro ritmo competitivo.

La intención de Spinelli no parece limitarse a buscar pasaportes peruanos repartidos por el mundo. La idea es construir una identidad alrededor de esas piezas. “No venirnos con que jugamos como nunca y perdimos como siempre”, les repetía a sus jugadoras durante los entrenamientos. Una frase que busca romper con una resignación demasiado conocida dentro del fútbol peruano.

¡𝗦𝗲𝗴𝘂𝗶𝗺𝗼𝘀 𝘀𝘂𝗺𝗮𝗻𝗱𝗼 𝘆 𝗹𝗮 𝗳𝗲 𝘀𝗶𝗴𝘂𝗲 𝗶𝗻𝘁𝗮𝗰𝘁𝗮! 💪🇵🇪

Femenina 🇵🇪 empató 1-1 ante Argentina 🇦🇷 , en calidad de visita; y este martes frente a Bolivia 🇧🇴 se definirá su pase al repechaje.

⚽️ Cherrie Cox 🇵🇪

Ahora la última estación será Bolivia en el Callao. Perú necesita ganar y hacerlo por una diferencia amplia. Además deberá esperar resultados ajenos para seguir soñando con el repechaje: Paraguay, Chile y Ecuador deben perder sus respectivos encuentros. El panorama es complicado. Muy complicado.

Pero hace algunos meses la conversación era distinta. No se hablaba de posibilidades matemáticas ni de clasificaciones. Apenas se hablaba de sobrevivir. Hoy, aunque sea con una calculadora en la mano, Perú sigue mirando un Mundial.

*********"
https://elcomercio.pe/deporte-total/seleccion/seleccion-peruana-andre-carrillo-tras-vencer-a-haiti-el-equipo-puede-dar-mucho-mas-noticia/,André Carrillo tras vencer a Haití: “El equipo puede dar mucho más”,El futbolista de Corinthians se pronunció tras la victoria ante Haití por amistoso de fecha FIFA.,2026-06-06T13:47:00.757Z,"La selección de Perú logró este viernes el primer triunfo al mando del técnico brasileño Mano Menezes al vencer agónicamente por 1-2 a Haití, que pese a la derrota demostró estar listo para dar sorpresas en el Mundial, donde está encuadrado en el grupo C junto a Brasil, Marruecos y Escocia.

André Carrillo, uno de los veteranos de esta selección en reconnstrucción se pronunció tras la victoria ante Haití en 'Andrea-La Chuqui‘.

“Pienso que el equipo puede dar aún mucho más, tenemos mucho por mejorar. Claramente la victoria nos ilusiona, nos viene bien este triunfo”, mencionó.

Los peruanos salvaron los muebles con dos tantos en los minutos finales del defensa Renzo Garcés y del delantero Jairo Concha que permitieron remontar el tanto inicial de Wilson Isidore para el equipo haitiano, que durante la mayor parte de este partido tuvo el control del juego y pudo haber goleado de haber tenido más acierto en los metros finales."
https://elcomercio.pe/deporte-total/seleccion/seleccion-peruana-el-dia-que-daniel-peredo-descubrio-a-bassco-soyer-y-matias-zegarra-siendo-ninos-no-sabes-lo-que-son-video-noticia/,“No sabes lo que son”: El día que Daniel Peredo descubrió a Bassco Soyer y Matías Zegarra siendo niños | VIDEO,Un antiguo relato de Daniel Peredo se hizo viral tras las convocatorias de Bassco Soyer y Matías Zegarra a la selección peruana. El periodista ya destacaba el talento de ambos cuando apenas tenían 10 años.,2026-06-07T14:19:59.504Z,"En un video que hoy circula en redes sociales, Peredo quedó impresionado con el talento de los pequeños futbolistas. Aquellos comentarios, que en ese momento parecía solo una anécdota curiosa, terminó convirtiéndose en una especie de predicción sobre el futuro de ambos jugadores.

“Tenían un 10. Jugaba como un viejo, recibía de espaldas, se apoyaba. Lo que decimos nosotros: entender el juego a los 10 años. Se llama Bassco Soyer... Arriba tenían un enano. El nombre no lo sé, pero se apellida Zegarra. Es nieto de Dimas Zegarra. Bassco Soyer y Zegarra. No sabes lo que son. Impresionante”, sostuvo Peredo.

Hoy, una década después, esos nombres aparecen dentro del nuevo proceso de la selección peruana encabezado por Mano Menezes. Ambos futbolistas representan parte del recambio generacional que busca consolidar la ‘Bicolor’ pensando en el futuro y en el próximo proceso mundialista.

La propia Federación Peruana de Fútbol (FPF) recordó recientemente la historia compartida entre ambos jugadores con un mensaje emotivo en redes sociales. “Dos niños, un mismo sueño”, publicó la FPF, resaltando cómo aquellos chicos que alguna vez brillaron en campeonatos infantiles hoy comparten vestuario en la selección absoluta del Perú."
https://elcomercio.pe/deporte-total/seleccion/seleccion-peruana-fabio-gruber-emociona-con-noble-gesto-hacia-un-nino-en-el-peru-vs-espana-y-genera-elogios-video-noticia/,Fabio Gruber emociona con noble gesto hacia un niño en el Perú vs España y genera elogios | VIDEO,El defensor peruano regaló su casaca a un niño que tenía frío en la previo del partido ante España. El gesto fue destacado por la selección peruana y aplaudido por los hinchas en redes sociales.,2026-06-09T16:48:06.94Z,"“Los grandes gestos se quedan para siempre”, publicó la cuenta oficial de la selección peruana para destacar lo hecho por Gruber. Muchos hinchas elogiaron la humildad y cercanía del futbolista con los más pequeños, quienes siguen a la Bicolor en cada partido.

Si bien Gruber tuvo un buen gesto con el menor, su desempeño en la cancha no pasó desapercibido por los peruanos. El defensor dejó buenas sensaciones pese a la derrota de Perú por 3-1 frente a España, ya que mostró un nivel regular en varios tramos del encuentro.

Dentro del nuevo proceso de la selección peruana, el zaguero aparece como una alternativa importante para consolidarse en la defensa. Incluso, varios analistas consideran que podría formar una interesante dupla junto a Renzo Garcés en los próximos compromisos oficiales.

Por ahora, Fabio Gruber sigue sumando puntos tanto dentro como fuera del campo. Su rendimiento deportivo y el gesto que tuvo con el pequeño hincha terminaron acercándolo aún más a una afición que busca nuevos referentes en el equipo."
https://elcomercio.pe/deporte-total/seleccion/seleccion-peruana-franco-giambavicchio-el-peruano-que-firmo-hasta-2028-con-juventus-el-objetivo-es-debutar-aqui-noticia/,"Franco Giambavicchio, el ‘Eurocausa’ que firmó hasta 2028 con Juventus y que siguen desde la FPF: “El objetivo es debutar aquí, ellos creen mucho en mí”","En entrevista con El Comercio, el ítalo-peruano de 17 años habla de su reciente firma con la ‘Vecchia Signora’, su ídolo en el fútbol y los retos que tiene en su carrera.",2026-06-11T14:17:51.081Z,"Sí, he firmado hasta el 2028 con la Juventus. Ahora estoy jugando con la Sub17, pero el próximo año voy a jugar con la Sub20. El objetivo es jugar con la Sub23, la Next Gen de la Juventus. Y si va todo bien, hacer un nuevo contrato hasta el primer equipo.

Para mí fue algo muy bonito. Es algo muy lindo que un equipo como la Juventus te llame para ir a jugar. Yo estaba jugando en Torino, pero a la Juventus no se le puede decir que no, así que -al final- decidí que irme para jugar a Juventus.

Me he entrenado con el primer equipo, sí tuve contacto con algunos jugadores, vi un poco cómo juegan, el ritmo y el nivel de los mayores, me parece un algo muy lindo, algo para empezar a conocer cómo juegan y muy agradecido.

Hablando de mi posición, yo juego de mediocampista entre los tres volantes. Cuando he fichado con la Juventus, ellos creen mucho en mí. Eso es lo que nos dijeron a mí, mi familia y mis representantes. Ellos saben de mis capacidades, creen que puedo jugar en un nivel alto con ellos, de mi sacrificio, y de lo que voy yo a hacer. Al final lo que va el que va a jugar en la cancha, soy yo. El objetivo es seguir en el camino.

En el Sudamericano, jugué un poquito más por arriba, no jugué donde yo juego como mediocampista, pero siempre a disposición de lo que me pida el técnico.

Estoy acostumbrado al juego italiano. Desde que nací, desde que he empezado a jugar fútbol, yo siempre he jugado acá. Lo que pude ver de Perú y Sudamérica, es que el tipo de juego es muy diferente en muchos sentidos. Para mí, es algo adaptarme a los juegos para para saber manejar ambos. Creo que, en Sudamérica, el juego es más físico y técnico, y no táctico como acá en Europa. Los jugadores tienen mucha garra.

Sí, no es la primera que vez. He venido varias veces antes. En la Selección, los ‘profes’ me escribieron que había posibilidades para convocarme, que me querían y nos contactábamos vía teléfono conmigo. En Perú, no sé cuántas veces he estado (risas). Cuando era chiquito, venía casi todos los veranos a Lima con mi mamá. Después, cuando he crecido en la escuela y el fútbol, no tenía mucha posibilidad de irse.

Puedo hablar de mí, no quiero hablar del equipo porque lo que pasó, lo hicimos juntos. Pude haber hecho un poco más, pero ya está. Estoy contento de haber participado en una competición tan importante como un Sudamericano.

Me veo hábil con la pelota y creo que me entiendo muy bien que con el juego. Soy un jugador mixto: ofensivo y defensivo. Me gusta atacar, defender y ayudar al equipo. Durante el partido, me gusta correr. Me gusta también el gol, aunque no estoy haciendo muchos goles en el último tiempo. En cuanto a jugadores, uno que estaba en la Juventus: Arturo Vidal. Me gustaba su garra, cómo jugaba, Vidal me gustaba mucho.

Yo confío mucho en mí. Tengo que trabajar y puedo mejorar muchas cosas para ser un jugador más completo. Me siento bien. Físicamente, tengo que mejorar también. El objetivo -digamos- es debutar en la Juventus, sería un sueño estar en el primer equipo. Jugar en un club importante lleva muchas responsabilidades: redes sociales, calle, cuándo andas en la cancha, cuándo presentas la camiseta, etc. Me siento muy orgulloso de jugar para la Juventus, ellos tienen una cultura muy importante. Desde que llegué, la sentí mucho. Me enseñaron muchas cosas como club, me ayudaron cuando no estaba en mi mejor momento y estoy muy agradecido con ellos. Son mi familia.

Ahora que vine para Perú estaba Andrealli, que tuvo amistoso con Chile. No no lo conozco bien, él juega en el Como, pero nos saludamos.

La verdad, es algo raro que Italia no participe en un Mundial. Es insólito. Acá en Italia, todos están un poco mal, yo, también, soy italiano, así que me siento italiano como peruano. Para mí, es algo feo. Creo que Italia va a triunfar como antes. Al final, hay que tener calma y las cosas van a llegar como antes."
https://elcomercio.pe/deporte-total/seleccion/seleccion-peruana-jairo-velez-el-goleador-de-la-era-de-mano-menezes-que-nacio-a-500-km-de-la-frontera-con-tumbes-y-hoy-paga-su-llamado-con-una-efectividad-de-100-para-el-gol-noticia/,"Jairo Vélez, el goleador de la era Menezes que nació a 500 km de la frontera con Tumbes y hoy paga su llamado con una efectividad de 100% para el gol","En un pobre partido de la selección peruana, la reacción en el segundo tiempo valió para vencer 2-1 a Haití y volver a ganar luego de más de un año. Jairo Vélez marcó nuevamente y ya suma tres tantos en sus tres partidos con el cuadro nacional.",2026-06-06T05:03:00Z,"El gol tiene una valía que muchas veces sale de cualquier evaluación y en esa medición, Jairo Vélez hoy es el mejor jugador que tiene la selección peruana -y acaso la Liga 1-. Por eso, ante tanto cambio, fue el único atacante al que Mano Menezes mantuvo en el campo para intentar la remontada ante Haití.

Y así se dio. Con gol del nacionalizado peruano, la Bicolor venció 2-1 a Haití en el amistoso disputado anoche en Miami. Empezó perdiendo apenas al minuto 16, con un tanto haitiano que se inició con una mala salida de Carrillo. Lo remontó en solo tres minutos sobre el cierre del encuentro, con tantos de Garcés (81’) y Vélez (84’), ambos en jugadas generadas en un córner.

Fue un partido más de reacción en el que el seleccionado empezó a jugar mejor en la segunda parte con el ingreso de Yotún, con la participación de Ugarriza y con la claridad de Vélez.

La oncena inicial no ofreció mucho, con Concha que fue perdiendo atrevimiento, con Carrillo muy pasivo y Vidales casi sin contacto con el balón. El replanteo le permitió a Perú mirar más de cerca el arco contrario. Ugarriza es un ‘9’ que le gusta salir del área e intercaló posiciones con Vélez. Yotún es un jugador clave para ser más verticales y ahí conectó mejor la zona de ataque.

Y la clave estuvo en la pelota parada. Córner de la izquierda, pivoteo de Gruber y gol de Garcés. Tiro de esquina de la derecha al primer palo, la pelea Sonne y el rebote le quedó a Vélez para fusilar la portería. Con esta victoria, Perú rompió una mala racha de diez partidos sin ganar. Desde el 1-0 ante Venezuela en marzo del 2025 que la Bicolor no ganaba.

Es un proceso de evaluación y pocos están pasando la prueba hasta el momento. Atrás, Gallese es salvador, Garcés es el líder, Gruber en la segunda parte mostró cualidades, pero tuvo un par de errores que pudieron costar caro. Noriega es el eje del mediocampo y arriba Vélez es la carta, sea para controlar el juego y más cerca al área, para estar cerca al gol.

Momento dulce de Jairo. Figura en Alianza ganador del Apertura, hoy también es el rostro visible de la Bicolor. Nació en el distrito de El Carmen, de la provincia de Manabí en Ecuador, a más de 500 kilómetros de la frontera del vecino país norteño con Tumbes. Llego al fútbol peruano en el 2020 para jugar por la Universidad César Vallejo. Se nacionalizó en el 2024 y el año pasado envió la carta a la FIFA para el cambio de federación (nació en Ecuador). Así, quedó listo para ser convocado.

Y Menezes encontró en él la conexión juego-ataque-gol. El aliancista suma tres tantos en los tres partidos que ha disputado con la Bicolor. Debutó ante Senegal (derrota de 2-0) y luego marcó los dos tantos en el 2-2 ante Honduras.

En siete remates al arco -según Sofascore-, Vélez ha marcado tres goles en los tres partidos que ha jugado desde su llamado. Su eficacia le permite es el diferente de este equipo. Su manejo de ambos perfiles le garantiza llegar bien plantado a cualquier ocasión de gol. Incluso, ante Honduras marcó de cabeza.

Su buen pie y manejo del frente de ataque le permite acomodarse en el puesto que Mano Menezes lo requiera. Ayer empezó como una especia de extremo izquierdo, aunque no tan tirado a la línea para buscar que juntarse con Jairo Concha. Para la segunda parte, pasó a ser un segundo punto con Ugarriza (Vidales pasó a ser interior por derecha), y en los minutos finales, antes de ser cambiado, se tiró hacia la derecha para que Maxloren Castro ocupe la banda izquierda.

Ayer, cuando Perú parecía condenado al toque intrascendente, fue el primero que se atrevió a romper líneas. Solo se generó una jugada y su remate pegó en el palo. A partir de ahí, Perú se creció.

**"
https://elcomercio.pe/deporte-total/seleccion/seleccion-peruana-jairo-velez-mas-titular-que-ninguno-pero-inmensas-dudas-en-10-puestos-para-mano-menezes-urgentes-conclusiones-de-un-3-1-de-espana-que-nos-devolvio-a-la-realidad-tlcnota-noticia/,Vélez más titular que ninguno pero inmensas dudas en 10 puestos para Mano: urgentes conclusiones de un 3-1 de España que nos devolvió a la realidad,"La derrota 3-1 ante España expuso la enorme distancia competitiva entre Perú y una selección candidata al título mundial. Solo Jairo Vélez, autor del descuento, dejó señales positivas en una noche donde la Bicolor mostró todas sus limitaciones.",2026-06-09T14:49:48.689Z,"Hay derrotas que se explican por detalles, que funcionan como una radiografía completa de una realidad. El 3-1 que sufrió la selección peruana ante España, en Puebla, México fue un baño de realidad. Un recordatorio brutal de la distancia que hoy existe entre una selección que se prepara para competir por ganar el Mundial 2026 y otra que intenta reconstruirse tras quedarse fuera de la cita más importante del fútbol.

El resultado incluso pudo ser más amplio. Perú llegaba al encuentro con una dosis de optimismo tras remontar 2-1 a Haití apenas unos días antes. Sin embargo, el contexto era completamente distinto. Haití clasificó al Mundial. España llega a Norteamérica con la etiqueta de candidata al título. La diferencia se hizo evidente desde el primer minuto. Literalmente.

Apenas transcurrían 96 segundos cuando Mikel Oyarzabal recibió fuera del área y sacó un remate imposible para Pedro Gallese. El 1-0 no solo abrió el marcador; también marcó el tono de todo el partido. España jugó a una velocidad distinta. Corrió más rápido, pensó más rápido y ejecutó mejor cada acción.

Perú nunca logró equiparar esa intensidad. Renzo Garcés y Erick Noriega, dos futbolistas llamados a liderar el recambio generacional de la selección, sufrieron enormemente durante los primeros minutos. Dubitativos para salir jugando, imprecisos en los pases y lentos para corregir posiciones, quedaron expuestos ante la presión permanente del conjunto español.

La sensación era preocupante. Cada recuperación de España terminaba en una ocasión de peligro. Ni siquiera algunas decisiones de Mano Menezes lograron modificar el panorama. Fabio Gruber apareció como titular en una apuesta que buscaba refrescar el equipo. Yoshimar Yotún recibió la cinta de capitán para aportar experiencia y liderazgo. Ninguno de los dos logró cambiar el rumbo de una selección que pasó buena parte del partido persiguiendo sombras.

La diferencia de jerarquías también fue evidente al observar dónde compiten habitualmente los futbolistas de cada selección.

Por el lado peruano, Oliver Sonne juega en República Checa, Fabio Gruber milita en la segunda división alemana, Marcos López actúa en Dinamarca y Adrián Ugarriza desarrolla su carrera en Israel. Más adelante ingresaron Alfonso Barco desde Croacia y André Carrillo desde Brasil.

Del otro lado aparecían nombres acostumbrados a disputar finales de Champions League y pelear títulos en las mejores ligas del mundo. Marc Cucurella y Rodri en Inglaterra, Fabián Ruiz en un PSG multicampeón y futbolistas como Pedri, Pau Cubarsí o Ferran Torres en el Barcelona campeón de España.

Los números reflejan la distancia. Según Transfermarkt, la plantilla española supera los mil millones de euros en valor de mercado. Perú apenas bordea los 30 millones. La diferencia económica no siempre determina un resultado. Pero en Puebla ayudó a explicar muchas cosas.

España encontró además una debilidad específica y la explotó durante toda la noche: la espalda de Marcos López. Cada cambio de orientación terminaba generando problemas por ese sector. El lateral peruano volvió a mostrar dificultades para sostener duelos individuales y para resolver situaciones defensivas en velocidad. Por esa zona nació el segundo gol español, cuando Pedri apareció para definir una jugada que encontró nuevamente mal posicionada a la defensa peruana. Con el 2-0, el partido parecía liquidado. Sin embargo, lo peor todavía estaba por llegar.

Pedro Gallese, uno de los pocos futbolistas que todavía conserva estatus de titular indiscutible por trayectoria y liderazgo, protagonizó una acción inesperada. Intentó despejar un balón sencillo, pero el rechazo terminó ingresando en su propia portería para decretar el 3-0. Era el reflejo perfecto de una noche para el olvido.

Los referentes históricos tampoco ofrecieron respuestas. Ni Gallese, ni Yotún, ni Carrillo lograron transmitir esa jerarquía que alguna vez convirtió a Perú en una selección competitiva a nivel continental. Tampoco los jugadores más jóvenes mostraron la rebeldía necesaria para discutir el desarrollo del partido. Todos, excepto uno.

Porque si hubo un futbolista que salió fortalecido de esta derrota fue Jairo Vélez.

El nacionalizado ecuatoriano volvió a demostrar que atraviesa el mejor momento de su carrera con la camiseta peruana. En una de las pocas acciones elaboradas de la Bicolor, controló con el pie derecho y definió de zurda para marcar el descuento. Fue un gol que, más allá de la derrota, confirmó una tendencia.

Con ese tanto, Vélez alcanzó cuatro goles en apenas cuatro partidos bajo el mando de Mano Menezes. Había anotado dos veces ante El Salvador, una frente a Haití y ahora volvió a aparecer contra España.

Su promedio goleador en el inicio del ciclo es extraordinario. Incluso supera los registros iniciales de delanteros históricos de la selección peruana como Claudio Pizarro, Paolo Guerrero, Raúl Ruidíaz o Alex Valera.

Más allá de la estadística, Vélez transmite algo que hoy escasea en Perú: confianza. Cada vez que recibe el balón intenta algo distinto. No juega condicionado por el contexto ni por el peso de la camiseta. Busca el arco, encara y asume responsabilidades.

Por eso, si Mano Menezes debe sacar una conclusión positiva de esta fecha FIFA, probablemente tenga nombre y apellido. Jairo Vélez. El resto de convocados quedó en deuda.

Perú cerró su cuarto partido bajo la dirección técnica del entrenador brasileño dejando más preguntas que respuestas. La derrota no duele únicamente por el marcador. Duele porque mostró que la reconstrucción será mucho más larga de lo que muchos imaginaban.

España no necesitó a Lamine Yamal para evidenciar la distancia. Y Perú descubrió, quizá de la forma más dolorosa posible, cuánto camino le falta recorrer para volver a competir contra las grandes selecciones del mundo."
https://elcomercio.pe/deporte-total/seleccion/seleccion-peruana-jairo-velez-tras-la-derrota-ante-espana-hay-que-prepararnos-para-las-eliminatorias-video-noticia/,Jairo Vélez tras la derrota ante España: “Hay que prepararnos para las Eliminatorias” | VIDEO,El atacante de la selección peruana anotó el descuento en la derrota por 3-1 y aseguró que se están preparando de la mejor manera para las Eliminatorias.,2026-06-09T14:46:48.852Z,"“Queríamos otro resultado, pero bueno. Sabíamos de la magnitud de este partido. Hay que seguir trabajando, seguir con el proceso”, sostuvo el futbolista en América TV, dejando claro que el plantel mantiene la calma pese a la derrota.

El mediocampista también remarcó la importancia del grupo por encima de cualquier actuación individual. “El grupo está por encima. Hay que prepararnos para lo que es una Eliminatoria y toca seguir trabajando”, afirmó tras el encuentro.

Vélez además elogió el nivel de España y aseguró que enfrentar rivales de ese calibre ayuda al crecimiento del equipo. “Todos sabemos la calidad de jugadores que tiene España. Estos partidos nos ayudan muchísimo a nosotros”, declaró.

Finalmente, el jugador se mostró agradecido por el momento personal que atraviesa y por los cuatro goles que lleva convertidos con la Bicolor. “Todo bien con los goles. Doy gracias a Dios”, concluyó Vélez, quien sigue ganando protagonismo en este nuevo proceso de selección."
https://elcomercio.pe/deporte-total/seleccion/seleccion-peruana-jugara-en-altura-el-dia-que-jean-ferrari-adelanto-el-plan-de-la-seleccion-de-ir-a-cusco-y-juliaca-fpf-noticia/,Perú jugará en altura: el día que Jean Ferrari adelantó el plan de la selección de ir a Cusco y Juliaca,"En febrero, en una entrevista exclusiva con El Comercio, Jean Ferrari ya había anticipado una idea que este lunes confirmó oficialmente Agustín Lozano: la selección peruana aprovechará la altura como parte de su estrategia en las Eliminatorias al Mundial 2030.",2026-07-20T16:39:36.406Z,"Durante años, la selección peruana convirtió al Estadio Nacional en un símbolo de identidad. Lima era sinónimo de localía. Pero ese paradigma empieza a cambiar. El presidente de la Federación Peruana de Fútbol, Agustín Lozano, confirmó que la Bicolor disputará algunos partidos de las próximas Eliminatorias rumbo al Mundial 2030 en las ciudades de Cusco y Puno, apostando por la altura como una herramienta deportiva para competir en Sudamérica.

El anuncio marca un giro histórico en la planificación de la selección. Lozano explicó que la decisión forma parte de una estrategia diseñada para fortalecer la localía y aprovechar las condiciones geográficas del país, siguiendo el ejemplo de otras selecciones sudamericanas que han sabido convertir sus sedes en verdaderas fortalezas.

“Son nuestras regiones, nuestras sedes, con las que podremos ponernos a disposición de la Conmebol y de la FIFA, y poder luchar para poder estar en el próximo Mundial 2030”, señaló.

Sin embargo, la idea no nació en las últimas semanas. Seis meses atrás, Jean Ferrari, entonces director general de Fútbol de la FPF, ya había adelantado ese camino en una entrevista exclusiva con El Comercio. Convencido de que el fútbol moderno exige utilizar todos los recursos disponibles, el dirigente defendió la posibilidad de llevar a la selección a la altura.

“Yo esto lo veo como ir a la guerra. Así lo veo. Si yo voy a la guerra y me dan una pistola de agua, evidentemente, al primer disparo estoy fuera. Yo tengo que utilizar todas las armas”, afirmó Ferrari al explicar que su propuesta consistía en poner todas las alternativas sobre la mesa para que el comando técnico decidiera cuándo y dónde utilizarlas.

Más allá de la metáfora, el mensaje era claro. Ferrari sostenía que el Perú tenía una ventaja natural que nunca había explotado plenamente y que había llegado el momento de considerar seriamente ciudades como Cusco o Juliaca para determinados compromisos.

Incluso fue más allá al cuestionar la comodidad que, según él, ofrecía Lima a los rivales. “Me encantaría poder descentralizar a nuestra selección, sí, pero más aún utilizando armas que tenemos y que nunca las hemos utilizado”, señaló en aquella conversación. Y cuando se le preguntó por la opinión de los futbolistas, tradicionalmente reacios a jugar en la altura, respondió que el diálogo sería fundamental, aunque recordó cómo otras selecciones modificaron sus sedes para potenciar su localía.

“¿Por qué Chile terminó jugando en Calama? Ecuador dejó de jugar en Guayaquil y se fue a Quito. Colombia dejó Bogotá y terminó asfixiando a todas las selecciones en Barranquilla. Lima es el lugar ideal para todas las selecciones”, reflexionó.

Su análisis terminaba con una frase que hoy cobra especial vigencia: “Tenemos que aprender a jugar de locales. Y el tema del romanticismo yo lo dejaré a un costado”.

Casi seis meses después, aquella propuesta dejó de ser una posibilidad para convertirse en una decisión institucional. Con la confirmación de Lozano, la selección peruana iniciará una nueva etapa en su historia eliminatoria, en la que Cusco y Puno pasarán de ser opciones debatidas a escenarios protagonistas de un proyecto que busca recuperar el protagonismo continental.

********"
https://elcomercio.pe/deporte-total/seleccion/seleccion-peruana-mano-menezes-las-decisiones-tras-su-primer-triunfo-con-la-bicolor-y-por-que-tiene-planificado-hacer-once-cambios-para-enfrentar-a-espana-noticia/,"Mano Menezes, las decisiones tras su primer triunfo con la selección y por qué tiene planificado hacer once cambios para enfrentar a España","El técnico brasileño consiguió su primera victoria al mando de Perú ante Haití, pero más allá del resultado dejó señales sobre la idea que busca construir: experiencia, competencia interna y un experimento inusual frente a una potencia mundial.",2026-06-08T18:26:00.476Z,"Una victoria amistosa pocas veces cambia un proceso. Pero sí puede modificar el ambiente. El 2-1 de Perú sobre Haití en Miami no resolvió los problemas históricos de una

que busca reconstruirse después de años de irregularidad, aunque sí dejó una primera sensación positiva alrededor de Mano Menezes. El entrenador brasileño consiguió su primer triunfo al mando de la Bicolor y, de paso, empezó a mostrar algunas decisiones que permiten entender hacia dónde pretende llevar al equipo.

Porque el partido ante Haití dejó algo más que un resultado favorable. También permitió observar una estructura que empieza a repetirse: un equipo que apuesta por la experiencia, pero que intenta introducir nombres nuevos de manera gradual, sin romper de golpe la base del grupo.

Los números ayudan a entender esa fotografía inicial. En la era Menezes, Perú presenta un promedio de edad de 28.45 años. Entre los once titulares que arrancaron frente a Haití no apareció ningún futbolista Sub-20 y apenas uno era Sub-23: Kenji Cabrera, con 23 años. Entre los menores de 25 años figuraron Alfonso Barco y Erick Noriega, ambos de 24, además de Oliver Sonne, de 25.

En el otro extremo aparecieron los nombres más experimentados. Pedro Gallese, con 36 años, André Carrillo con 34, Jhonny Vidales también con 34 y Jairo Vélez con 31 integraron un equipo que mezcló juventud y recorrido internacional, aunque con un claro peso de futbolistas consolidados.

No parece casualidad. Desde su llegada, Menezes dejó claro que las puertas no estaban cerradas para nadie y que las convocatorias responderían más al momento futbolístico que a documentos de identidad o nombres establecidos. Sin embargo, en el arranque de su proceso parece haber elegido algo distinto: construir desde la estabilidad.

Ahora aparece una prueba mucho más compleja. Perú enfrentará este lunes a España, una de las selecciones que llega como candidata para conquistar el Mundial 2026 y una oportunidad para medir el verdadero alcance del proyecto que recién empieza.

El historial no acompaña demasiado a la selección peruana. Ambas selecciones mayores se enfrentaron cuatro veces y España domina claramente los antecedentes con tres victorias contra una peruana. El último recuerdo tampoco fue favorable: un 2-1 español que volvió a confirmar la enorme distancia competitiva entre ambos seleccionados.

𝗘𝗹 𝘃𝗶𝗮𝗷𝗲 𝗰𝗼𝗻𝘁𝗶𝗻𝘂́𝗮, 𝗵𝗼𝗹𝗮 𝗠𝗲́𝘅𝗶𝗰𝗼 🇲🇽✈️

🇵🇪

Pero el partido no será solamente una prueba de resultado. También servirá para observar nuevas decisiones de Menezes. El técnico brasileño no movería demasiado el equipo que venció a Haití. La idea es mantener una base y realizar únicamente algunos ajustes puntuales. Fabio Gruber podría ingresar por Alfonso Barco para acompañar a Renzo Garcés en la zona defensiva, mientras Adrián Ugarriza aparece como alternativa para reemplazar a Jhonny Vidales en ataque.

El resto del equipo tendría continuidad con Pedro Gallese; Oliver Sonne, Renzo Garcés, Marcos López; André Carrillo, Erick Noriega, Jairo Concha; Kenji Cabrera y Jairo Vélez como parte de la estructura principal.

Sin embargo, la decisión más llamativa no está relacionada con la formación inicial. Hace algunos días, el propio Menezes anticipó que tiene previsto realizar once cambios durante el partido frente a España. No de manera desordenada ni al descanso, sino repartidos en tres momentos distintos del encuentro. El objetivo es claro: observar a todos los futbolistas disponibles y ampliar la competencia interna dentro del plantel.

“Particularmente, para esta segunda fecha planeamos contra España hacer 11 cambios en tres paradas. Con esos cambios tenemos una buena oportunidad de ver más jugadores”, explicó en conferencia de prensa.

La decisión parece extraña en un partido frente a una potencia mundial. Normalmente los amistosos contra rivales de ese nivel se utilizan para consolidar equipos y automatismos. Menezes eligió otro camino. Quiere respuestas.

Porque después del primer triunfo, la sensación es que el entrenador brasileño todavía no encontró un equipo titular definitivo. Y quizá precisamente por eso, ante España, el verdadero partido de Perú no empiece con el pitazo inicial. Empezará cuando ingresen los otros once."
https://elcomercio.pe/deporte-total/seleccion/seleccion-peruana-mano-menezes-tras-el-triunfo-ante-haiti-los-numeros-de-juego-fueron-favorables-para-peru-noticia/,Mano Menezes tras el triunfo ante Haití: “Los números de juego fueron favorables para Perú”,"El entrenador brasileño aseguró que la selección peruana fue superior a su rival, aunque fue autocrítico.",2026-06-06T15:27:06.918Z,"La selección de Perú logró este viernes el primer triunfo al mando del técnico brasileño Mano Menezes al vencer agónicamente por 1-2 a Haití, que pese a la derrota demostró estar listo para dar sorpresas en el Mundial, donde está encuadrado en el grupo C junto a Brasil, Marruecos y Escocia.

Mano Menezes, entrenador de la selección peruana, se mostró satisfecho con el rendimiento de su equipo, aunque no estuvo exento de las críticas.

“En el fútbol puedes hacer las cosas bien, tener oportunidades, pero si no vencemos...Sabemos que tenemos un camino largo, pero tenemos que caminar, venciendo partidos , como lo hicimos hoy“, indicó.

“Los números de juego fueron favorables para Perú, ya que tuvimos más posesión de balón, más disparos, pero si no ganamos, creemos que falta más de lo que en verdad falta. Hoy, cometimos pequeños errores porque nos faltó paciencia para construir, tenemos que rotar más el balón para que aparezcan los espacios”, agregó

“Ellos tuvieron el público a favor, los primeros minutos Haití tuvo el control, después Perú se asentó en el campo, controló y en una jugada infeliz, concedimos el primer gol. En el primer tiempo tuvimos el control, pero nos faltó contundencia”, finalizó.

👏Mano Menezes: ""EL PRIMERO DE MUCHOS (TRIUNFOS)""

Vía Analú

📺 Conoce cómo ver L1MAX en vivo 👉"
https://elcomercio.pe/deporte-total/seleccion/seleccion-peruana-mano-menezes-y-la-dura-autrocritica-tras-caer-ante-espana-los-equipos-maduros-no-sufren-goles-asi-video-noticia/,“Los equipos maduros no sufren goles así”: Mano Menezes y la dura autrocrítica tras caer ante España | VIDEO,"El entrenador de la selección peruana reconoció fallas defensivas tras el último amistoso, aunque destacó el avance del recambio generacional y confirmó nuevos partidos de preparación.",2026-06-09T13:00:58.872Z,"“El jugador peruano tiene técnica, pero sufrimos goles como el de hoy. Los equipos maduros, que compiten y logran objetivos, no sufren goles así”, expresó el entrenador, dejando claro que todavía existen aspectos tácticos que deben corregirse cuanto antes.

Pese a las críticas, el estratega destacó que el proceso avanza según lo planificado. “Estamos logrando lo que queremos, estamos trabajando con jugadores jóvenes en este proceso. Cuando llegue la hora de competir oficialmente vamos a estar preparados”, afirmó con optimismo.

🎙️ Mano Menezes, DT de la Selección Peruana: “Cualidades técnicas está claro que el jugador peruano tiene, pero tenemos que cometer menos errores, como en el tercer gol ante España. Podemos mejorar con un poco más de concentración”.

⚽️

Menezes también reveló parte del calendario que tendrá Perú en los próximos meses. El seleccionador confirmó que ya existen dos amistosos definidos y que además se vienen evaluando encuentros frente a selecciones asiáticas como Corea del Sur y Japón.

Finalmente, Menezes pidió paciencia a la hinchada peruana y recordó que este tipo de procesos requieren tiempo. “Debemos pasar por este momento de confusión. Cada vez que entramos al campo podemos tener dificultades, pero debemos reponernos, tener personalidad y carácter”, concluyó el técnico de la Bicolor."
https://elcomercio.pe/deporte-total/seleccion/seleccion-peruana-peru-se-reconstruye-con-la-dupla-renzo-garces-y-fabio-gruber-y-por-que-adrian-quiroz-y-jairo-velez-son-un-gran-acierto-de-mano-menezes-unoxuno-tras-el-primer-triunfo-de-la-era-menezes-ante-haiti-noticia/,"Perú se reconstruye con la dupla Garcés-Gruber, y por qué Quiroz y Vélez son un gran acierto de Mano: UnoxUno tras el primer triunfo de la era Menezes","Tras 80 minutos con altos y bajos, Perú logró remontar 2-1 a Haití con goles de Garcés y Vélez. Los ingresos Gruber y Quiroz empujaron a la selección hacia su primera victoria con Mano en el banco.",2026-06-06T14:11:33.61Z,"Son tiempos nuevos en la

donde el hincha comienza a memorizar apellidos novedosos. Garcés, el de Alianza, se ve mejor al lado de Gruber, el germano-peruano. No es gratis la jerarquía del ‘eurocausa’, ni la efectividad total de los 21 pases que dio. También hay que aprender que Vélez, el ecuatoriano nacionalizado, tiene más sintonía con Quiroz, la figura de Los Chankas que pronto entrenará en Campomar. El “tapadito” de Mano volvió a marcar la diferencia y acertó en 6 de 7 toques cerca al área rival. Tiempos nuevos, resultados diferentes.

Porque Perú cortó una racha nefasta de 10 partidos sin victorias. Y lo hizo ante un Haití que venía de meterle 4 goles al Nueva Zelanda de Tim Payne hace 3 días. Ambas selecciones si jugarán el Mundial 2026, para entender la real importancia del triunfo.

Un Perú al que no le sobra ni un gramo de fútbol, pero desborda el entusiasmo de sus nuevas caras. Tapa Gallese, es capitán Carrillo, ingresa Yotún, pero la esperanza está puesta en los nuevos. Y la sangre no tan joven de Quiroz, Maxloren, Cabrera, Barco, López, Concha es lo que hoy tiene Perú. No hay más. Nunca antes la esperanza ha estado tan puesta en un equipo que parece el Plan B.

Quizás porque se extraña los tiempos de Cueva, Guerrero, Farfán, Rodríguez, Tapia. Hoy la realidad es otra. Tres históricos sostienen el inicio de la era de Mano Menezes. Los demás, pico y pala para trabajar y hacerse un nombre en la selección.

Mano lo ratificó de titular como ante Senegal y los ‘flashback’ amenazan con aparecer en cada crufe. Ganó 1 de los 7 duelos que tuvo. Sumó 2 despejes y demostró que lo suyo son los pases largos: 4 de 5 intentos.

Ya tiene 23 años y deja pocas buenas sensaciones de su paso por la MLS. Ayer lo pasaron a jugar de extremo por derecha y tiró un centro y dio 2 de 5 pases acertados en zona de ataque.

Por ubicación se pensaría que jugó de ‘9, pero ayer Perú jugó sin centrodelantero de área. En ese primer tiempo en el que la Bicolor casi no atacó, Vidales fue el más perdido. Dos faltas recibidad y un fuera de juego.

No es Beckenbauer, pero su ingreso le dio más consistencia a la zaga central. Con él, Garcés pudo liderar la defensa y en el gol del 1-1 fueron cómplices. Gruber ganó en el área de Haití a los 81 y el rebote fue cazado por Garcés. Ganó todos sus duelos áereos (3), y completó 5 despejes y 1 recuperación. Eso sí, por un error en salida casi el equipo rival llega al segundo gol.

Ingresó por Cabrera para jugar de ‘9’, pero estuvo casi desaparecido. Tocó 16 veces el balón y completó 10 de 13 pases.

Estuvo 31 minutos en cancha. Recuperó 2 balones que se convirtieron en ataques peruanos. Aún con el marcador abajo, llegó a la línea de fondo y sacó un centro que Vélez cabeceó con dificultad. En los últimos metros del campo decide rápido con 6 de 7 aciertos. Se asoció con Vélez y buscó constantemente a Ugarriza para triangular el ataque peruano.

En 20 minutos de juego, casi ni la tocó (6 pases) y solo ganó de 2 de 7 duelos. Sus 3 intentos de driblear al rival acabaron en pérdidas de balón.

*Vilca y Zegarra ingresaron en los minutos de descuento."
https://elcomercio.pe/deporte-total/seleccion/seleccion-peruana-renato-cisneros-columna-la-duda-ya-no-es-si-jugara-sino-donde-lo-pondra-jorge-fossati-oliver-sonne-el-jugador-con-club-de-fans-que-debutara-en-el-peru-vs-nicaragua-noticia/,"“La duda ya no es si jugará, sino dónde lo pondrá Fossati”: Sonne, el jugador con ‘club de fans’ que debutará con Nicaragua | ANÁLISIS","Interior, lateral por ambos perfiles, pero en cualquier caso un jugador a testear. El futbolista del Silkeborg de Dinamarca, querido antes de salir a la cancha, tendría chance de estrenarse con Perú este viernes ante Nicaragua. La columna de Renato Cisneros.",2024-03-21T23:19:00Z,"Nunca antes un lateral derecho despertó tanto fervor entre los aficionados, aunque es justo precisar que, más que por su talento (apenas verificable en contados highlights de YouTube), Sonne se convirtió en veloz celebridad por ser un gringo guapo de metro ochentaicuatro que sonreía como modelo y no hablaba una sílaba de español. Para el periodismo de farándula local tanta excentricidad representó un acontecimiento. Ni Gulliver causó tanto revuelo cuando naufragó en Liliput.

Sin embargo, no jugó nunca. Reynoso lo hizo venir hasta en dos ocasiones, pero no le dio una sola oportunidad de mostrarse. Paradójicamente, a pesar de no saltar a la cancha, la popularidad de Sonne se mantuvo intacta. Se le identificó como el gran damnificado del proceso, el pobre chico al que hicieron tomar en vano vuelos de dieciséis horas desde Copenhague. Y mientras el técnico fue cayendo en desgracia –primero por los pésimos resultados obtenidos, después por la actitud poco transparente con que negoció la resolución de su contrato–, el ‘Colorado’ se marchó del país siendo portada de la revista Cosas y dejando en el ambiente la sensación de que la novela con la blanquirroja podía tener segunda parte.

Si Ricardo Gareca hoy hubiese estado al frente del comando técnico, tal vez no habría pensado en llamar a Oliver (el argentino excluyó en primera instancia al delantero Ben Brereton de la selección chilena y su explicación sugirió que era por “no hablar español razonablemente bien”, aunque hace unos días lo citó), pero para Jorge Fossati la barrera idiomática no ha sido un impedimento para volver a convocarlo.

La duda ahora ya no es si jugará, sino en qué posición lo empleará el técnico uruguayo. Según lo visto en las prácticas esta semana, Sonne no será ni lateral ni carrilero, sino volante interior por derecha. En esa ubicación, al lado de Piero Quispe, se espera que beneficie al equipo con su despliegue físico y virtudes técnicas. Veremos también cómo fluye su comunicación con los demás. Sus primeras declaraciones en español –«claro pe, causa»– no derrochan exquisitez, pero al menos denotan optimismo. Y eso, por ahora, quizá sea más que suficiente."
https://elcomercio.pe/deporte-total/seleccion/seleccion-peruana-renato-tapia-y-la-historia-detras-de-su-no-a-chacho-coudet-para-fichar-por-river-plate-las-razones-de-un-pase-frustrado-y-por-que-es-lejana-aun-su-vuelta-sudamerica-noticia/,Renato Tapia y la historia detrás de su “no” a Coudet para fichar por River: las razones de un pase frustrado y por qué es lejana aún su vuelta a Sudamérica,"El nombre del volante peruano volvió a instalarse en el mercado de pases. En Argentina hablan del interés de Eduardo Coudet, quien ya lo dirigió en España, aunque el escenario todavía luce complejo. Una eventual vuelta a Sudamérica podría acercarlo nuevamente a la selección.",2026-06-13T12:39:17.533Z,"parece haberse acostumbrado a convivir con rumores cada vez que se abre el mercado de fichajes. En las últimas semanas, su nombre apareció relacionado con Alianza Lima por un motivo que siempre genera ilusión entre los hinchas íntimos: su conocido vínculo sentimental con el club y la posibilidad, todavía lejana, de verlo alguna vez vestido de blanquiazul. Sin embargo, mientras en Matute esa opción parecía más una expresión de deseo que una negociación concreta, desde el extranjero apareció un escenario mucho más llamativo: River Plate.

La noticia comenzó a tomar fuerza desde Argentina y rápidamente generó atención por un detalle importante: el interés estaría relacionado directamente con Eduardo Coudet, actual entrenador del cuadro millonario y técnico que ya trabajó con Tapia durante su paso por el Celta de Vigo. El volante peruano conoce perfectamente la metodología del entrenador argentino y esa relación previa podría convertirse en un factor importante cuando un técnico busca incorporar futbolistas que entiendan rápidamente su idea de juego. De hecho, este Diario pudo conocer que uno de los asistentes se contactó con el volante peruano, pero la respuesta fue negativa.

🚨 Según

, Renato Tapia 🇵🇪 no quiere volver a Sudamérica y le dijo NO a River Plate 🇦🇷.

El peruano se siente comodísimo en el Al Wasl de los Emiratos Árabes Unidos. ✍🏻

No sería una casualidad. Durante su etapa en España, Tapia encontró continuidad y protagonismo con Coudet. En Vigo se consolidó como una pieza importante en el mediocampo gracias a su capacidad para recuperar balones, equilibrar el juego y darle orden táctico a un equipo que necesitaba solidez. El técnico argentino conoce las características del peruano y sabe exactamente qué puede entregarle dentro del campo.

Sin embargo, una cosa es el interés -o una llamada- y otra muy distinta una operación concreta. Porque mientras en Perú y algunos medios argentinos el nombre de Tapia empezó a circular con fuerza, periodistas cercanos a la actualidad de River han puesto paños fríos al tema. Tanto Hernán Castillo, de DIRECTV Sports, como Diego Borinsky, periodista especializado en el club y autor de varios libros sobre la historia riverplatense, sostienen que las posibilidades reales de que la operación llegue a buen puerto son bastante reducidas.

Y las razones son principalmente deportivas. River actualmente cuenta con futbolistas consolidados en esa posición. El uruguayo Aníbal Moreno aparece como una de las principales piezas del mediocampo y recientemente el club reforzó esa zona con la incorporación de Mauro Arambarri. En otras palabras, la necesidad inmediata de sumar un jugador con las características de Tapia no parece ser una urgencia dentro del plantel.

Además, existe otro factor importante: el contrato. Tapia todavía mantiene vínculo con Al-Wasl de Emiratos Árabes Unidos hasta junio del próximo año y, a diferencia de otras etapas recientes de su carrera, atraviesa un momento de regularidad. Disputó 17 de los 20 partidos de su equipo y mantiene presencia constante dentro del esquema titular. Esto convierte cualquier negociación en una operación económicamente más complicada.

Pero más allá de River, existe un punto que vuelve interesante cualquier posibilidad de que el mediocampista cambie de liga y regrese a una competencia sudamericana: la selección peruana.

Tapia no juega con la Bicolor desde septiembre del año pasado y desde entonces su ausencia empezó a generar preguntas. El volante, que durante varios años fue uno de los pilares del equipo nacional, no estuvo presente en los amistosos recientes y tampoco apareció entre los primeros nombres considerados en este nuevo proceso.

Sin embargo, el técnico Mano Menezes despejó algunas dudas recientemente. “Tapia va a estar”, aseguró el entrenador brasileño al explicar que en esta primera etapa había decidido observar futbolistas nuevos antes de reincorporar a los jugadores de mayor experiencia.

La frase fue interpretada como un mensaje tranquilizador para el entorno del volante. Tapia continúa siendo parte de los planes y el comando técnico todavía lo considera una pieza importante para el futuro.

En ese contexto, un eventual regreso al fútbol sudamericano podría ofrecerle algo más que minutos y continuidad. Le permitiría estar mucho más cerca del radar cotidiano de la selección, competir en un entorno de alta exigencia y recuperar protagonismo regional.

Por ahora, desde Argentina hablan de un escenario difícil y en Perú la posibilidad de verlo en Alianza Lima parece todavía más lejana. Pero el mercado de pases tiene una costumbre bastante particular: muchas veces empieza con rumores imposibles y termina escribiendo historias que nadie esperaba. Y Tapia, acostumbrado a moverse entre silencios y especulaciones, vuelve a aparecer en el centro de la conversación.

*******"
https://elcomercio.pe/deporte-total/seleccion/seleccion-peruana-un-yoshimar-yotun-que-no-tenga-36-anos-afianzar-la-dupla-fabio-gruber-renzo-garces-y-hallar-al-bendito-9-las-tareas-urgentes-de-mano-menezes-tras-270-minutos-con-peru-tlcnota-noticia/,"Un Yotún que no tenga 36 años, afianzar la dupla Gruber-Garcés y hallar al bendito ‘9’: las tareas urgentes de Mano Menezes tras 270 minutos con Perú",Mano Menezes por fin logró ganar con Perú al tercer partido. esta vez con una remontada emocionante en tres minutos ante Haití.,2026-06-07T14:12:35.965Z,", en un encuentro que dejó una imagen particular entre el entrenador brasileño y André Carrillo, para bien y para mal, además de una reacción final que tuvo sello blanquiazul.

La historia parecía tomar un rumbo complicado para Perú cuando una pérdida de Carrillo en salida terminó convirtiéndose en el gol haitiano. La ‘Culebra’ cedió el balón en una zona sensible del campo y el rival aprovechó la transición para castigar a una selección peruana que quedó desordenada defensivamente.

. Desde la zona técnica, apenas observó el error, giró sobre sí mismo y dirigió la mirada hacia su comando técnico con un rotundo enojo. El brasileño mostró evidente fastidio por la decisión tomada por uno de sus futbolistas más experimentados y ni siquiera llegó a observar la definición de la jugada que terminó en el arco de Pedro Gallese.

Fue una de las pocas veces en las que el entrenador exteriorizó su molestia durante el compromiso, al menos en la era de la ‘bicolor’. El error individual había puesto cuesta arriba un partido que Perú dominaba por momentos, aunque sin encontrar demasiadas respuestas en ataque.

La escena tuvo un desenlace distinto en la segunda mitad.

. Menezes aceptó el gesto con tranquilidad, le hizo una señal de “no pasa nada” y acompañó el momento con una palmada en la espalda antes de recibirlo nuevamente entre los suplentes.

Más allá de la remontada, el partido volvió a exponer una preocupación que persiste en la selección. Perú sigue sin encontrar al futbolista capaz de asumir la conducción ofensiva.

Durante varios pasajes del encuentro hubo posesión, pero faltó claridad para acelerar y generar situaciones de peligro.

Paradójicamente,

El volante de Sporting Cristal ingresó en el segundo tiempo y le dio otra dinámica al equipo. Con más criterio para distribuir el balón, mejor lectura de los tiempos del partido y mayor precisión en los pases, ayudó a que Perú se instalara en campo rival y encontrara los caminos para la remontada.

p

Su actuación también deja una reflexión importante de cara al futuro: la selección necesita empezar a encontrar un reemplazante natural para Yotún. A sus años, sigue siendo uno de los pocos futbolistas capaces de ordenar el juego peruano desde la mitad de la cancha, una responsabilidad que deberá asumir pronto otro jugador.

, buena lectura para los cierres y personalidad para jugar bajo presión. Incluso, hacia el término del partido, salvó un balón que estuvo a centímetros de ingresar al arco.

En una selección que sigue buscando variantes y consolidar una estructura defensiva confiable, el zaguero confirmó que merece más minutos y continuidad. Su actuación fue una de las más destacadas de la noche y dejó argumentos suficientes para ser considerado con mayor frecuencia en los próximos encuentros.

Para sellar el resultado definitivo, aparecieron dos futbolistas de Alianza Lima para cambiar la historia. Primero fue Renzo Garcés, quien encontró el empate y devolvió la esperanza a la selección. Y apenas tres minutos después, Jairo Vélez culminó la remontada con el 2-1 definitivo, desatando la celebración peruana en Miami.

En apenas tres minutos, los dos jugadores íntimos le dieron vuelta al marcador y rescataron una victoria que parecía escaparse. Un premio para una selección que nunca dejó de insistir, aunque todavía tenga varios aspectos por corregir.

Tras el encuentro, la delegación peruana pasará la noche en Miami y este sábado emprenderá viaje rumbo a Puebla. Allí continuará la preparación para el amistoso ante España, programado para este lunes, en lo que será la prueba más exigente de esta gira para el equipo de Mano Menezes. La victoria ante Haití entrega tranquilidad y confianza, pero también deja tareas pendientes: encontrar un conductor para el futuro, darle continuidad a futbolistas que responden cuando tienen oportunidades y seguir construyendo una identidad de juego.

*****"
https://elcomercio.pe/deporte-total/seleccion/video-america-tv-en-vivo-gratis-donde-ver-peru-vs-espana-hoy-online-por-partido-amistoso-via-movistar-deportes-atv-america-tv-go-streaming-noticia/,"VIDEO: ver goles del partido, España vs Perú (3-1) por amistoso FIFA 2026","España derrotó 3-1 a Perú por partido amistoso FIFA en el Estadio Cuauhtémoc, Puebla, México el lunes 8 de junio del 2026.",2026-06-09T03:58:43.151Z,"España se impuso por 3-1 ante Perú en un partido donde mostró contundencia desde el inicio. Mikel Oyarzabal abrió el marcador al minuto 1, y Pedri amplió la ventaja a los 31’. En el segundo tiempo, un error en salida terminó en autogol de Pedro Gallese a los 52’, colocando el 3-0. Perú reaccionó y descontó a los 65’ con gol de Jairo Vélez tras asistencia de Marcos López, pero no fue suficiente para evitar la derrota."
https://elcomercio.pe/deporte-total/seleccion/video-america-tv-en-vivo-gratis-donde-ver-peru-vs-haiti-hoy-online-por-partido-amistoso-via-america-tv-go-canal-4-movistar-deportes-atv-noticia/,"VIDEO: ver resumen y goles del partido, Perú vs Haití (2-1) por amistoso FIFA","Perú derrotó 2-1 a Haití por amistoso FIFA en el NU Stadium de Miami, este viernes 5 de junio del 2026.",2026-06-06T03:52:25.575Z,"Perú logró una valiosa remontada al vencer 2-1 a Haití en un amistoso internacional disputado en Miami. El equipo dirigido por Mano Menezes comenzó en desventaja tras un error defensivo que permitió el gol de Wilson Isidor a los 15 minutos. Durante gran parte del partido, la selección peruana tuvo dificultades para generar peligro, pero en el tramo final mostró reacción y carácter. Renzo Garcés empató a los 80 minutos tras aprovechar un rebote en el área. Poco después, a los 83’, Jairo Vélez selló la victoria con un potente remate, consolidando la mejora del equipo en el segundo tiempo."
